time/total_timesteps,train/ent_coef_loss,train/actor_loss,time/episodes,train/ent_coef,train/n_updates,train/learning_rate,time/fps,time/time_elapsed,train/critic_loss,eval/mean_ep_length,eval/mean_reward
272,-4.593804359436035,4.154576301574707,4,0.09766533225774765,85,0.0003,8,31,16.330677032470703,,
654,-4.278329849243164,2.4560885429382324,8,0.09361125528812408,276,0.0003,9,68,3.1314382553100586,,
907,-5.051602363586426,3.907099723815918,12,0.09005765616893768,403,0.0003,9,93,2.474179744720459,,
1257,-5.528186798095703,4.655987739562988,16,0.08554355055093765,578,0.0003,9,126,2.9007034301757812,,
1521,-5.599211692810059,5.354482650756836,20,0.08233631402254105,710,0.0003,10,149,3.2300446033477783,,
2045,-2.2753710746765137,5.841818809509277,24,0.0769161805510521,972,0.0003,10,199,2.8236002922058105,,
2425,-2.5730204582214355,6.4595537185668945,28,0.07470428943634033,1162,0.0003,10,239,2.424744129180908,,
2560,-3.1177802085876465,6.4968647956848145,32,0.07393922656774521,1229,0.0003,10,254,2.70707106590271,,
2835,-3.339970588684082,6.638162612915039,36,0.07201594859361649,1367,0.0003,10,281,2.1714465618133545,,
3130,-0.8969094753265381,5.8243489265441895,40,0.07075954228639603,1514,0.0003,10,308,2.2722434997558594,,
3243,0.3677712678909302,6.197495937347412,44,0.0704653337597847,1571,0.0003,10,321,2.4648594856262207,,
3422,-1.4471099376678467,6.578348159790039,48,0.07002054899930954,1660,0.0003,10,338,2.635981559753418,,
3521,0.7017015218734741,7.283756256103516,52,0.0697120875120163,1710,0.0003,9,354,3.7191927433013916,,
3645,-1.3146251440048218,6.419350624084473,56,0.06931991875171661,1772,0.0003,9,368,2.8616831302642822,,
3755,-1.2470046281814575,5.874914169311523,60,0.0688726156949997,1827,0.0003,9,382,3.2249019145965576,,
3834,-1.1246191263198853,7.409496784210205,64,0.06854717433452606,1866,0.0003,9,392,3.596289873123169,,
3920,-1.382140874862671,6.627457618713379,68,0.06822892278432846,1909,0.0003,9,402,2.739335298538208,,
4014,-1.5038821697235107,6.41340446472168,72,0.06790117174386978,1956,0.0003,9,412,3.0751864910125732,,
4155,-1.0178030729293823,7.03944206237793,76,0.06727983057498932,2027,0.0003,9,431,2.490387439727783,,
4299,-1.6919362545013428,6.803402900695801,80,0.06665913015604019,2099,0.0003,9,445,3.130751609802246,,
4438,-0.5144544839859009,7.222989082336426,84,0.06605418026447296,2168,0.0003,9,459,2.2111053466796875,,
4560,-1.1412467956542969,5.965553283691406,88,0.06567353755235672,2229,0.0003,9,471,4.758906364440918,,
4694,-0.602384090423584,7.611532211303711,92,0.06521910429000854,2296,0.0003,9,486,3.4730520248413086,,
4877,-1.391456961631775,7.257559776306152,96,0.0645769014954567,2388,0.0003,9,503,4.101775169372559,,
4939,0.011876031756401062,6.312748908996582,100,0.06438105553388596,2419,0.0003,9,517,4.828421115875244,,
5264,-1.0634815692901611,5.274343490600586,104,0.06349078565835953,2581,0.0003,9,544,4.676698684692383,,
5346,-1.3311971426010132,6.5002336502075195,108,0.06319619715213776,2622,0.0003,9,555,4.30679988861084,,
5505,-1.013317346572876,5.937497138977051,112,0.06266506016254425,2702,0.0003,9,571,3.51088285446167,,
5689,-0.8183283805847168,5.611422538757324,116,0.06197495386004448,2794,0.0003,9,588,5.015630722045898,,
6014,-0.4333030581474304,6.303761959075928,120,0.060584962368011475,2956,0.0003,9,618,5.4074578285217285,,
6375,-0.6258341073989868,5.1663818359375,124,0.059244126081466675,3137,0.0003,9,652,4.40694522857666,,
6685,-0.8273196816444397,4.746518611907959,128,0.05822836980223656,3292,0.0003,9,690,6.8903608322143555,,
8583,-0.16833257675170898,4.599429130554199,132,0.058651361614465714,4241,0.0003,10,850,6.331734657287598,,
10610,0.13294707238674164,3.076709032058716,136,0.06401136517524719,5254,0.0003,10,1016,3.435947895050049,,
13623,0.0051015689969062805,1.6703989505767822,140,0.07030326128005981,6761,0.0003,10,1267,7.963675022125244,,
16393,0.23083555698394775,0.16524328291416168,144,0.07040605694055557,8146,0.0003,10,1493,2.9701833724975586,,
17126,0.22760528326034546,0.11287306249141693,148,0.06890041381120682,8512,0.0003,11,1553,1.7325671911239624,,
17888,0.49680185317993164,-1.107256531715393,152,0.06807485222816467,8893,0.0003,11,1620,3.0674633979797363,,
18903,-0.13814693689346313,0.11962366104125977,156,0.066366046667099,9401,0.0003,10,1718,3.509849786758423,,
20214,-0.2844141721725464,-1.530468225479126,160,0.06391648948192596,10056,0.0003,10,1841,2.063321828842163,,
20456,0.061429813504219055,-2.4916205406188965,164,0.06311237812042236,10177,0.0003,10,1866,2.2594521045684814,,
21275,-0.3813841938972473,-1.143962025642395,168,0.06201682612299919,10587,0.0003,10,1942,8.456281661987305,,
21771,-0.3859441876411438,-2.4198641777038574,172,0.06197957694530487,10835,0.0003,10,1987,2.6666786670684814,,
22248,0.04426133632659912,-1.3458420038223267,176,0.06270697712898254,11073,0.0003,10,2038,2.604842185974121,,
24538,0.548673152923584,-2.5750551223754883,180,0.0638919472694397,12218,0.0003,10,2245,1.4823817014694214,,
25166,-0.12011286616325378,-5.05240535736084,184,0.06363388895988464,12532,0.0003,10,2301,1.8095468282699585,,
26364,-0.5135638117790222,-4.602301597595215,188,0.06318065524101257,13131,0.0003,10,2415,1.9540650844573975,,
26866,0.06581608951091766,-3.651167869567871,192,0.06123719736933708,13382,0.0003,10,2465,2.3237338066101074,,
28592,0.2720179557800293,-3.752567768096924,196,0.060907453298568726,14245,0.0003,10,2639,2.292968511581421,,
30165,-0.7598870992660522,-4.789181232452393,200,0.06266313791275024,15032,0.0003,10,2799,2.0640029907226562,,
32229,0.1052887886762619,-5.034653663635254,204,0.062146589159965515,16064,0.0003,10,3005,2.172234535217285,,
33650,0.22138899564743042,-4.575939178466797,208,0.0638251081109047,16774,0.0003,10,3144,1.8925487995147705,,
36466,0.29801714420318604,-5.951805114746094,212,0.06836017966270447,18182,0.0003,10,3411,2.807478427886963,,
38752,-0.5679376125335693,-6.871098518371582,216,0.07151028513908386,19325,0.0003,10,3626,1.8066916465759277,,
41358,-0.07203252613544464,-6.592904090881348,220,0.07268382608890533,20628,0.0003,10,3868,2.3040027618408203,,
43729,-0.21043573319911957,-7.15863037109375,224,0.07383925467729568,21814,0.0003,10,4101,2.89833664894104,,
46088,0.14462842047214508,-8.182422637939453,228,0.07588052749633789,22993,0.0003,10,4328,1.4056328535079956,,
48821,-0.4351973533630371,-8.632457733154297,232,0.07880003750324249,24360,0.0003,10,4577,2.9774413108825684,,
51743,0.08641934394836426,-8.343741416931152,236,0.07819255441427231,25821,0.0003,10,4859,4.064924240112305,,
54419,0.02863222360610962,-9.22539234161377,240,0.07857076823711395,27159,0.0003,10,5113,1.9235554933547974,,
56308,-0.008015967905521393,-9.694437026977539,244,0.08031580597162247,28103,0.0003,10,5293,2.4733333587646484,,
58446,-0.2807513177394867,-9.589191436767578,248,0.08186523616313934,29172,0.0003,10,5497,1.4882936477661133,,
61848,0.44453397393226624,-10.939268112182617,252,0.08248033374547958,30873,0.0003,10,5815,1.593837857246399,,
64714,-0.04488435387611389,-10.837302207946777,256,0.08420895040035248,32306,0.0003,10,6086,1.391784906387329,,
67732,0.1251477152109146,-9.920162200927734,260,0.08390932530164719,33815,0.0003,10,6360,1.790804147720337,,
70110,0.6545420289039612,-12.285476684570312,264,0.08739683777093887,35004,0.0003,10,6583,2.7134647369384766,,
73462,0.29149460792541504,-11.45103645324707,268,0.08761045336723328,36680,0.0003,10,6904,2.4816176891326904,,
76587,0.16944649815559387,-12.656309127807617,272,0.08765418082475662,38243,0.0003,10,7196,1.6290361881256104,,
79276,0.24559135735034943,-12.26283073425293,276,0.09128841012716293,39587,0.0003,10,7469,1.5843228101730347,,
83276,-0.006258085370063782,-13.56817626953125,280,0.09026801586151123,41587,0.0003,10,7851,1.686706781387329,,
85602,0.11134454607963562,-12.190156936645508,284,0.09361481666564941,42750,0.0003,10,8096,1.4740495681762695,,
88159,0.3446493148803711,-12.553403854370117,288,0.09365727007389069,44029,0.0003,10,8352,1.5947623252868652,,
91297,0.20891529321670532,-13.557585716247559,292,0.09489502012729645,45598,0.0003,10,8651,1.6842576265335083,,
93437,-0.003984816372394562,-13.906097412109375,296,0.092854343354702,46668,0.0003,10,8856,2.962559461593628,,
95624,0.04901112616062164,-13.496227264404297,300,0.09324312210083008,47761,0.0003,10,9088,3.1198315620422363,,
99624,-0.14333513379096985,-16.243854522705078,304,0.09484900534152985,49761,0.0003,10,9427,0.8966609239578247,,
100000,-0.26947730779647827,-13.594118118286133,,0.09552707523107529,49949,0.0003,,,1.6388819217681885,802.6,1742.239898281038
104000,-0.7889940738677979,-12.848270416259766,308,0.09578638523817062,51949,0.0003,10,10131,2.916867256164551,,
108000,0.273135781288147,-13.983504295349121,312,0.09259206056594849,53949,0.0003,10,10483,1.9858181476593018,,
112000,0.36813831329345703,-14.792659759521484,316,0.09324251860380173,55949,0.0003,10,10821,0.9557244181632996,,
115014,-0.5226759910583496,-13.419305801391602,320,0.09524794667959213,57456,0.0003,10,11105,1.3521630764007568,,
117270,-0.17204520106315613,-14.54537582397461,324,0.09288603812456131,58584,0.0003,10,11323,1.4127005338668823,,
119522,-0.18673744797706604,-14.041947364807129,328,0.09295812994241714,59710,0.0003,10,11540,2.3706777095794678,,
121687,-0.5924453735351562,-14.580888748168945,332,0.0930495336651802,60793,0.0003,10,11746,0.986413300037384,,
124654,0.21932333707809448,-15.127096176147461,336,0.0921580120921135,62276,0.0003,10,12029,4.747949123382568,,
128234,0.3292732536792755,-15.79106330871582,340,0.0929894968867302,64066,0.0003,10,12374,1.6151999235153198,,
132035,0.3045390844345093,-14.800212860107422,344,0.09512350708246231,65967,0.0003,10,12736,1.4526464939117432,,
134713,-0.38819167017936707,-14.871037483215332,348,0.09327847510576248,67306,0.0003,10,12973,0.9545754790306091,,
136945,0.5158331990242004,-14.183847427368164,352,0.094247005879879,68422,0.0003,10,13175,2.959763288497925,,
138834,-0.07776515930891037,-14.596965789794922,356,0.0940764844417572,69366,0.0003,10,13332,1.7213656902313232,,
140284,-0.8444333076477051,-15.014472961425781,360,0.0952877402305603,70091,0.0003,10,13458,4.689720153808594,,
142612,-0.27979978919029236,-14.379904747009277,364,0.09762920439243317,71255,0.0003,10,13655,1.3045852184295654,,
144103,0.34927237033843994,-15.983732223510742,368,0.09682795405387878,72001,0.0003,10,13788,2.5012354850769043,,
147057,0.0639076977968216,-16.252519607543945,372,0.0977780744433403,73478,0.0003,10,14081,2.280339479446411,,
149605,-0.12412876635789871,-14.670963287353516,376,0.09607571363449097,74752,0.0003,10,14332,1.0886964797973633,,
152531,-0.18375042080879211,-16.410831451416016,380,0.09777793288230896,76215,0.0003,10,14630,1.714499592781067,,
153651,0.050165608525276184,-16.293842315673828,384,0.0960407704114914,76775,0.0003,10,14745,1.0912177562713623,,
156678,-0.37826627492904663,-15.885897636413574,388,0.09642543643712997,78288,0.0003,10,15054,2.3495535850524902,,
160678,0.08526642620563507,-14.623947143554688,392,0.09384216368198395,80288,0.0003,10,15464,1.9658324718475342,,
163688,-0.07236811518669128,-15.399471282958984,396,0.09335792064666748,81793,0.0003,10,15749,1.1876978874206543,,
166972,-0.4227001965045929,-15.226932525634766,400,0.09578827768564224,83435,0.0003,10,16027,1.3361471891403198,,
170291,-0.4507744312286377,-15.00473403930664,404,0.09453975409269333,85095,0.0003,10,16313,1.4139522314071655,,
173456,-0.35361552238464355,-16.107337951660156,408,0.09640257060527802,86677,0.0003,10,16590,1.1111842393875122,,
176310,0.21250376105308533,-16.05829620361328,412,0.09790079295635223,88104,0.0003,10,16836,1.005267858505249,,
179825,0.23671719431877136,-15.98855972290039,416,0.09682167321443558,89862,0.0003,10,17140,1.5231999158859253,,
183149,-0.3838486075401306,-16.134723663330078,420,0.0960032194852829,91524,0.0003,10,17469,1.5332541465759277,,
186080,-0.4640811085700989,-15.920306205749512,424,0.09996988624334335,92989,0.0003,10,17714,1.6617217063903809,,
189717,0.043097272515296936,-15.818914413452148,428,0.10108812898397446,94808,0.0003,10,18015,1.4559917449951172,,
192290,0.009523056447505951,-15.142295837402344,432,0.10155939310789108,96094,0.0003,10,18230,1.9233086109161377,,
195669,0.11173563450574875,-17.34676170349121,436,0.10354378074407578,97784,0.0003,10,18517,1.1266438961029053,,
198987,0.020443759858608246,-15.646164894104004,440,0.10232364386320114,99443,0.0003,10,18781,2.3805856704711914,,
200000,0.11625862121582031,-15.477851867675781,,0.1034257709980011,99949,0.0003,,,0.8557621240615845,1000.0,2740.948071975028
203000,-0.11459889262914658,-14.770490646362305,444,0.1061517596244812,101449,0.0003,10,19555,0.9720444679260254,,
205911,-0.05079168081283569,-16.557723999023438,448,0.10306471586227417,102905,0.0003,10,19824,1.1749927997589111,,
209706,0.19614070653915405,-14.969902992248535,452,0.1015293300151825,104802,0.0003,10,20188,1.297019362449646,,
213706,-0.45777422189712524,-15.076555252075195,456,0.10112079232931137,106802,0.0003,10,20561,0.955307126045227,,
217706,0.1830459088087082,-16.230789184570312,460,0.09967325627803802,108802,0.0003,10,20940,1.9093245267868042,,
221252,-0.22054719924926758,-14.899807929992676,464,0.10073832422494888,110575,0.0003,10,21276,1.6617616415023804,,
224110,0.3049176335334778,-15.600103378295898,468,0.10184469074010849,112004,0.0003,10,21511,1.5054326057434082,,
227291,-0.5098419189453125,-15.721277236938477,472,0.10604699701070786,113595,0.0003,10,21775,1.0183619260787964,,
231265,0.14922386407852173,-16.556324005126953,476,0.10376573354005814,115582,0.0003,10,22104,0.7531059384346008,,
234811,0.3364870250225067,-16.694515228271484,480,0.10078658908605576,117355,0.0003,10,22399,1.0076324939727783,,
238811,0.1260475367307663,-14.972063064575195,484,0.10391689836978912,119355,0.0003,10,22733,2.093566656112671,,
241968,0.3157065510749817,-15.313419342041016,488,0.10562550276517868,120933,0.0003,10,22994,0.8988969326019287,,
245968,0.3708217144012451,-16.8193302154541,492,0.10763584822416306,122933,0.0003,10,23366,1.499363660812378,,
249361,0.3816140294075012,-15.782504081726074,496,0.10791747272014618,124630,0.0003,10,23678,3.756640672683716,,
251384,-0.009233936667442322,-14.639666557312012,500,0.10577718913555145,125641,0.0003,10,23873,2.8738982677459717,,
254564,-0.12786802649497986,-15.732982635498047,504,0.10726484656333923,127231,0.0003,10,24169,1.2412199974060059,,
258564,-0.0244227796792984,-16.597686767578125,508,0.10824370384216309,129231,0.0003,10,24529,1.2473852634429932,,
262316,-0.044420212507247925,-17.0479793548584,512,0.1045970544219017,131107,0.0003,10,24896,2.0392725467681885,,
265480,-0.05320882797241211,-17.31698226928711,516,0.10709453374147415,132689,0.0003,10,25195,1.9401092529296875,,
269122,-0.17560242116451263,-15.973648071289062,520,0.10585875064134598,134510,0.0003,10,25546,1.6421419382095337,,
273122,-0.24489516019821167,-17.524694442749023,524,0.10960927605628967,136510,0.0003,10,25914,2.486133337020874,,
276146,0.6087023615837097,-17.362445831298828,528,0.10496532917022705,138022,0.0003,10,26195,3.5163180828094482,,
279162,0.06258287280797958,-16.975317001342773,532,0.10840243101119995,139530,0.0003,10,26475,0.8774850368499756,,
283162,0.00019097328186035156,-16.971935272216797,536,0.10778214037418365,141530,0.0003,10,26850,1.0718886852264404,,
287162,0.5719980001449585,-17.68233871459961,540,0.10849424451589584,143530,0.0003,10,27209,4.015858173370361,,
291162,0.2942722737789154,-17.437347412109375,544,0.11012282967567444,145530,0.0003,10,27532,1.027634620666504,,
295162,0.30496975779533386,-18.069303512573242,548,0.10760962218046188,147530,0.0003,10,27868,3.2133383750915527,,
299162,-0.09729984402656555,-16.902952194213867,552,0.11125823110342026,149530,0.0003,10,28200,4.98053503036499,,
300000,-0.04486013203859329,-16.166322708129883,,0.10775390267372131,149949,0.0003,,,2.558654308319092,1000.0,2293.5496136036354
304000,0.22895337641239166,-17.101303100585938,556,0.11110914498567581,151949,0.0003,10,28998,1.1298370361328125,,
308000,0.48539048433303833,-18.05615234375,560,0.11220232397317886,153949,0.0003,10,29373,1.2586479187011719,,
311602,0.19887509942054749,-17.03665542602539,564,0.11161685734987259,155750,0.0003,10,29727,1.592345118522644,,
315258,-0.00684773176908493,-16.631303787231445,568,0.11124034970998764,157578,0.0003,10,30083,0.8451510667800903,,
319258,-0.5517966747283936,-17.317440032958984,572,0.10916852205991745,159578,0.0003,10,30470,1.5380440950393677,,
322078,0.42635923624038696,-17.864219665527344,576,0.10662467777729034,160988,0.0003,10,30734,0.8266948461532593,,
324457,-0.042661573737859726,-18.264965057373047,580,0.10599351674318314,162178,0.0003,10,30953,1.1148154735565186,,
327236,0.23515070974826813,-17.203433990478516,584,0.10813018679618835,163567,0.0003,10,31213,4.020848274230957,,
331171,0.0792727991938591,-16.75124740600586,588,0.10934515297412872,165535,0.0003,10,31592,0.9343981146812439,,
335171,0.7421005964279175,-17.927108764648438,592,0.10946370661258698,167535,0.0003,10,31984,2.512089729309082,,
339119,0.20945502817630768,-18.003002166748047,596,0.1101473867893219,169509,0.0003,10,32332,2.6969008445739746,,
342681,0.08377251029014587,-18.144203186035156,600,0.10737720131874084,171290,0.0003,10,32651,0.7345108985900879,,
346577,0.17115935683250427,-18.07402801513672,604,0.10688558965921402,173238,0.0003,10,33007,1.0288437604904175,,
350577,0.057005614042282104,-17.794261932373047,608,0.10788413882255554,175238,0.0003,10,33399,0.7924547791481018,,
352612,-0.10928937047719955,-18.31328582763672,612,0.10657976567745209,176255,0.0003,10,33590,0.9866591691970825,,
355623,0.12560060620307922,-17.017745971679688,616,0.10760888457298279,177761,0.0003,10,33890,4.226437568664551,,
359623,-0.6232426762580872,-17.462007522583008,620,0.10900203883647919,179761,0.0003,10,34286,0.7720153331756592,,
362464,-0.1642972081899643,-18.402935028076172,624,0.10771653056144714,181181,0.0003,10,34571,0.8271129727363586,,
366464,0.019648820161819458,-19.429115295410156,628,0.10692892223596573,183181,0.0003,10,34958,4.58384895324707,,
370467,-0.45695143938064575,-18.25775909423828,632,0.10518945008516312,185183,0.0003,10,35350,0.8358824253082275,,
374467,0.12370168417692184,-18.323396682739258,636,0.10270664840936661,187183,0.0003,10,35739,0.658085823059082,,
378467,0.2604350447654724,-17.96178436279297,640,0.10163644701242447,189183,0.0003,10,36137,0.8613148927688599,,
382467,-0.05647837370634079,-18.181137084960938,644,0.10426200181245804,191183,0.0003,10,36530,0.8060158491134644,,
385486,0.17018412053585052,-19.019092559814453,648,0.10438830405473709,192692,0.0003,10,36822,1.6998209953308105,,
389486,0.2666725814342499,-19.038116455078125,652,0.10656170547008514,194692,0.0003,10,37201,1.9703493118286133,,
393486,0.34281790256500244,-18.66812515258789,656,0.10151278972625732,196692,0.0003,10,37592,1.048821210861206,,
397022,-0.30877038836479187,-17.126209259033203,660,0.10193551331758499,198460,0.0003,10,37938,1.2655861377716064,,
400000,-0.46399131417274475,-17.2123966217041,,0.10132044553756714,199949,0.0003,,,1.2466380596160889,1000.0,2951.6876166002885
400031,0.07890410721302032,-18.560630798339844,664,0.10098293423652649,199965,0.0003,10,38668,8.112818717956543,,
404031,0.22598795592784882,-18.230525970458984,668,0.10086575150489807,201965,0.0003,10,39034,0.4883577227592468,,
407135,0.42994844913482666,-18.211620330810547,672,0.09928151965141296,203517,0.0003,10,39322,1.0391936302185059,,
410457,-0.18289153277873993,-18.335723876953125,676,0.10146251320838928,205178,0.0003,10,39657,1.6137927770614624,,
414457,-0.24566110968589783,-18.914905548095703,680,0.10378780215978622,207178,0.0003,10,39989,3.6188950538635254,,
418457,-0.0790795311331749,-18.87228012084961,684,0.10407029837369919,209178,0.0003,10,40316,0.8173197507858276,,
422457,0.1917700618505478,-19.142253875732422,688,0.10046812891960144,211178,0.0003,10,40647,0.9077204465866089,,
426457,0.5114171504974365,-19.024845123291016,692,0.1072491928935051,213178,0.0003,10,40971,4.502655029296875,,
430457,-0.09770779311656952,-16.699501037597656,696,0.10359857976436615,215178,0.0003,10,41335,1.4306514263153076,,
434457,0.10821536183357239,-18.27130126953125,700,0.10155215859413147,217178,0.0003,10,41685,1.9203500747680664,,
438457,-0.2673729658126831,-18.392929077148438,704,0.09902893751859665,219178,0.0003,10,42072,0.685880184173584,,
442457,0.30826932191848755,-18.271968841552734,708,0.09882435947656631,221178,0.0003,10,42470,3.3507678508758545,,
446457,-0.2200895994901657,-19.131942749023438,712,0.09657294303178787,223178,0.0003,10,42851,0.8686544299125671,,
450457,-0.0976095199584961,-18.404678344726562,716,0.10035216808319092,225178,0.0003,10,43225,0.5738478899002075,,
454457,0.4477718770503998,-19.629289627075195,720,0.09924175590276718,227178,0.0003,10,43598,1.1846630573272705,,
458457,-0.10810497403144836,-17.81223487854004,724,0.09736588597297668,229178,0.0003,10,43968,0.6923068165779114,,
462457,0.5127261281013489,-19.412822723388672,728,0.09778408706188202,231178,0.0003,10,44343,0.9640603065490723,,
466457,0.0247209370136261,-18.422672271728516,732,0.0979648232460022,233178,0.0003,10,44716,4.260525703430176,,
469475,-0.14100250601768494,-18.809795379638672,736,0.09601002186536789,234687,0.0003,10,44997,0.6653897166252136,,
473475,-0.3750118613243103,-18.110042572021484,740,0.09777166694402695,236687,0.0003,10,45369,2.837301254272461,,
477475,0.03450426459312439,-18.343120574951172,744,0.09808506071567535,238687,0.0003,10,45749,2.548002243041992,,
481475,-0.4094831347465515,-20.17084503173828,748,0.09586992114782333,240687,0.0003,10,46135,1.3623403310775757,,
485475,0.41481447219848633,-20.18852996826172,752,0.09787999838590622,242687,0.0003,10,46517,1.864336609840393,,
489341,0.08728459477424622,-19.69652557373047,756,0.09481170028448105,244620,0.0003,10,46880,0.6873326301574707,,
493100,-0.03487834334373474,-21.028614044189453,760,0.09668342769145966,246499,0.0003,10,47236,0.8037713766098022,,
497100,0.4582209587097168,-19.68038558959961,764,0.10030864924192429,248499,0.0003,10,47612,1.7117342948913574,,
500000,0.15298128128051758,-17.703378677368164,,0.09726773947477341,249949,0.0003,,,1.709242820739746,1000.0,3001.2441531877967
501000,-0.2323738932609558,-18.436885833740234,768,0.09665480256080627,250449,0.0003,10,48427,4.459983825683594,,
505000,-0.15391796827316284,-18.15943145751953,772,0.0967460572719574,252449,0.0003,10,48797,2.3110299110412598,,
509000,-0.6921923160552979,-17.465879440307617,776,0.0941675454378128,254449,0.0003,10,49176,0.49554145336151123,,
513000,0.07186278700828552,-20.20425796508789,780,0.09144523739814758,256449,0.0003,10,49558,0.8183959722518921,,
517000,-0.33338141441345215,-19.050464630126953,784,0.09410225600004196,258449,0.0003,10,49923,3.3086304664611816,,
520018,0.6525837182998657,-20.628162384033203,788,0.09459751844406128,259958,0.0003,10,50208,0.6789461374282837,,
524018,0.18428748846054077,-19.909154891967773,792,0.09417104721069336,261958,0.0003,10,50583,0.579584002494812,,
528018,0.03653642535209656,-21.750112533569336,796,0.09259320795536041,263958,0.0003,10,50940,0.5610554218292236,,
532018,0.10194811224937439,-19.922874450683594,800,0.09299074113368988,265958,0.0003,10,51258,0.8709917068481445,,
536018,-0.2865321636199951,-19.96307373046875,804,0.09144126623868942,267958,0.0003,10,51570,1.1302547454833984,,
540018,-0.2380063235759735,-19.680736541748047,808,0.09151531755924225,269958,0.0003,10,51887,1.4268102645874023,,
543038,-0.11201193183660507,-20.685935974121094,812,0.09181356430053711,271468,0.0003,10,52125,3.116485357284546,,
547038,0.1597360372543335,-21.50790023803711,816,0.0937221571803093,273468,0.0003,10,52454,0.5416988730430603,,
551038,-0.19254070520401,-21.142955780029297,820,0.0934545025229454,275468,0.0003,10,52765,1.0737110376358032,,
555038,-0.16591480374336243,-19.848426818847656,824,0.09187740087509155,277468,0.0003,10,53145,0.8341927528381348,,
559038,0.24172817170619965,-22.01529312133789,828,0.0938115119934082,279468,0.0003,10,53513,0.7439145445823669,,
562056,-0.39071032404899597,-20.15304183959961,832,0.09295308589935303,280977,0.0003,10,53798,0.48141905665397644,,
565069,-0.04196147620677948,-21.313304901123047,836,0.09129162132740021,282484,0.0003,10,54076,2.382439136505127,,
569069,0.39103859663009644,-22.233570098876953,840,0.09024415165185928,284484,0.0003,10,54448,1.9902873039245605,,
573069,-0.4912620484828949,-22.041797637939453,844,0.0883069783449173,286484,0.0003,10,54832,1.1051971912384033,,
576084,0.04792577028274536,-21.985668182373047,848,0.08663037419319153,287991,0.0003,10,55081,0.7100768089294434,,
580084,0.045120738446712494,-21.840221405029297,852,0.08844003826379776,289991,0.0003,10,55411,5.104879856109619,,
584084,-0.11253257095813751,-20.708358764648438,856,0.08895566314458847,291991,0.0003,10,55718,0.48714005947113037,,
587096,-0.1035345196723938,-21.873023986816406,860,0.08612226694822311,293497,0.0003,10,55969,5.4691009521484375,,
591096,0.4714386761188507,-22.017345428466797,864,0.0842382162809372,295497,0.0003,10,56289,0.34784239530563354,,
595096,-0.2938585877418518,-23.058876037597656,868,0.08574260026216507,297497,0.0003,10,56637,1.376197338104248,,
599096,-0.24460674822330475,-22.907133102416992,872,0.0854073166847229,299497,0.0003,10,56966,0.4182282090187073,,
600000,-0.4629485607147217,-20.817886352539062,,0.08714673668146133,299949,0.0003,,,1.011296033859253,1000.0,3367.1954636827345
603012,0.17165037989616394,-23.868202209472656,876,0.08419890701770782,301455,0.0003,10,57688,0.5424472093582153,,
607012,0.23205065727233887,-21.32312774658203,880,0.08401049673557281,303455,0.0003,10,58011,5.621576309204102,,
611012,0.06576087325811386,-22.043962478637695,884,0.08402600139379501,305455,0.0003,10,58350,1.6529804468154907,,
614020,-0.47995054721832275,-20.901775360107422,888,0.08302772045135498,306959,0.0003,10,58596,0.6295925974845886,,
618020,0.1278371959924698,-22.366748809814453,892,0.08214141428470612,308959,0.0003,10,58953,1.73856520652771,,
620177,0.2868732511997223,-22.276832580566406,896,0.08159411698579788,310038,0.0003,10,59142,2.0287694931030273,,
624177,0.5156024694442749,-20.385921478271484,900,0.08146315813064575,312038,0.0003,10,59505,3.8686697483062744,,
628183,0.3884056806564331,-21.927383422851562,904,0.08071883022785187,314041,0.0003,10,59871,0.7376534938812256,,
632183,0.036383867263793945,-20.986873626708984,908,0.07865342497825623,316041,0.0003,10,60237,3.66023588180542,,
634514,0.05513212829828262,-22.0813045501709,912,0.08078289777040482,317206,0.0003,10,60452,0.8215168118476868,,
637526,-0.14791393280029297,-21.372421264648438,916,0.0788910910487175,318712,0.0003,10,60721,2.3255414962768555,,
641526,0.31594255566596985,-23.31572723388672,920,0.07877546548843384,320712,0.0003,10,61056,0.6749400496482849,,
645526,-0.4770759642124176,-21.41696548461914,924,0.07553013414144516,322712,0.0003,10,61383,4.995917320251465,,
649526,0.4164029359817505,-21.993854522705078,928,0.07339434325695038,324712,0.0003,10,61725,0.44626593589782715,,
653526,0.07788652926683426,-22.164329528808594,932,0.07455994933843613,326712,0.0003,10,62059,0.5488756895065308,,
657526,0.015051491558551788,-22.0975341796875,936,0.07375863939523697,328712,0.0003,10,62389,0.3364533483982086,,
661526,-0.29485127329826355,-22.46629524230957,940,0.07185975462198257,330712,0.0003,10,62740,4.752089023590088,,
664295,0.09650561213493347,-23.210826873779297,944,0.07437141984701157,332097,0.0003,10,62990,4.100708961486816,,
668295,0.07113520801067352,-23.033294677734375,948,0.07523609697818756,334097,0.0003,10,63359,0.6380373239517212,,
672295,0.060801535844802856,-22.45318031311035,952,0.07337629795074463,336097,0.0003,10,63732,0.6184983253479004,,
676295,0.25971317291259766,-22.878992080688477,956,0.0709495097398758,338097,0.0003,10,64107,0.7042427659034729,,
680295,-0.2247396558523178,-21.605154037475586,960,0.07418506592512131,340097,0.0003,10,64488,3.738264560699463,,
684295,-0.20823311805725098,-22.479644775390625,964,0.06907837837934494,342097,0.0003,10,64847,0.5106784105300903,,
688295,0.5321452617645264,-23.894039154052734,968,0.06904999166727066,344097,0.0003,10,65216,0.5835888981819153,,
691136,-0.18539604544639587,-22.698482513427734,972,0.0699550211429596,345517,0.0003,10,65477,2.544727087020874,,
695136,0.6037062406539917,-22.53992462158203,976,0.06881749629974365,347517,0.0003,10,65843,0.6519912481307983,,
699136,-0.08174446225166321,-21.78929901123047,980,0.06755644828081131,349517,0.0003,10,66211,0.7847968339920044,,
700000,-0.29939186573028564,-23.675006866455078,,0.06950952112674713,349949,0.0003,,,0.8262692093849182,772.8,2322.154416708525
703241,0.011144116520881653,-22.55666160583496,984,0.06709558516740799,351570,0.0003,10,66947,1.0859156847000122,,
707241,-0.3631748855113983,-23.614978790283203,988,0.07038932293653488,353570,0.0003,10,67278,0.5841245651245117,,
711241,-0.6314271092414856,-23.67965316772461,992,0.06807485222816467,355570,0.0003,10,67604,3.344754219055176,,
715241,-0.2018713653087616,-24.83588218688965,996,0.06773144751787186,357570,0.0003,10,67923,0.7442521452903748,,
718257,-0.18378683924674988,-24.82672882080078,1000,0.06769461184740067,359078,0.0003,10,68177,0.3384138345718384,,
722257,-0.0638519823551178,-25.50824737548828,1004,0.06728649139404297,361078,0.0003,10,68506,4.269268989562988,,
726257,0.3807213604450226,-24.426115036010742,1008,0.06904035806655884,363078,0.0003,10,68852,0.946251392364502,,
730257,-0.10771706700325012,-25.513580322265625,1012,0.06982449442148209,365078,0.0003,10,69234,1.5345569849014282,,
734032,-0.1005605161190033,-25.18815040588379,1016,0.06722427159547806,366965,0.0003,10,69600,0.8394206762313843,,
738032,0.6115431189537048,-26.108247756958008,1020,0.06315672397613525,368965,0.0003,10,69987,3.170220136642456,,
742032,0.5524518489837646,-25.107200622558594,1024,0.06501901149749756,370965,0.0003,10,70373,0.6468163728713989,,
746032,0.04230278730392456,-25.342384338378906,1028,0.06403219699859619,372965,0.0003,10,70755,3.8653793334960938,,
749046,-0.15986952185630798,-24.201515197753906,1032,0.0660490170121193,374472,0.0003,10,71043,3.1978042125701904,,
753046,-0.17442001402378082,-25.114240646362305,1036,0.06265763193368912,376472,0.0003,10,71425,2.1271867752075195,,
756057,0.2843646705150604,-24.676237106323242,1040,0.06357055902481079,377978,0.0003,10,71701,5.097332954406738,,
759722,0.12703731656074524,-24.414623260498047,1044,0.06360255181789398,379810,0.0003,10,72048,2.7386531829833984,,
763722,-0.17538054287433624,-26.439983367919922,1048,0.06313948333263397,381810,0.0003,10,72414,1.60664701461792,,
767663,0.30968981981277466,-25.043312072753906,1052,0.06187368929386139,383781,0.0003,10,72766,2.4341511726379395,,
771663,0.0792643278837204,-25.258819580078125,1056,0.060926858335733414,385781,0.0003,10,73132,0.6561367511749268,,
775663,0.49615395069122314,-26.132692337036133,1060,0.06415164470672607,387781,0.0003,10,73505,0.8211163282394409,,
778675,-0.08211180567741394,-23.53102684020996,1064,0.06321259588003159,389287,0.0003,10,73789,0.5959219932556152,,
781391,-0.2724878489971161,-25.359037399291992,1068,0.06554673612117767,390645,0.0003,10,74039,0.8240282535552979,,
784899,0.01888745278120041,-24.72783660888672,1072,0.06597180664539337,392399,0.0003,10,74350,1.7272164821624756,,
788535,0.037736423313617706,-24.575763702392578,1076,0.0664428323507309,394217,0.0003,10,74690,7.661355972290039,,
792428,-0.4107288718223572,-25.618844985961914,1080,0.06630085408687592,396163,0.0003,10,75047,0.6410230398178101,,
796428,-0.5742340087890625,-23.71595001220703,1084,0.0647289827466011,398163,0.0003,10,75437,0.38586920499801636,,
800000,0.3756915330886841,-25.354637145996094,,0.06435193866491318,399949,0.0003,,,1.2273070812225342,803.2,2552.9232861600817
801000,0.2893279194831848,-25.532562255859375,1088,0.06410759687423706,400449,0.0003,10,76251,1.314756989479065,,
805000,-0.32463398575782776,-24.03603744506836,1092,0.06478345394134521,402449,0.0003,10,76631,0.8277235627174377,,
809000,0.25573068857192993,-24.56357765197754,1096,0.06541965156793594,404449,0.0003,10,77014,1.1427021026611328,,
813000,0.15358111262321472,-26.06774139404297,1100,0.06366108357906342,406449,0.0003,10,77403,0.5967695116996765,,
817000,-0.05645105615258217,-24.67101287841797,1104,0.06401244550943375,408449,0.0003,10,77783,1.9258677959442139,,
820068,0.08444303274154663,-25.791032791137695,1108,0.06813907623291016,409983,0.0003,10,78077,0.38920730352401733,,
824068,-0.3005514144897461,-25.287471771240234,1112,0.06603095680475235,411983,0.0003,10,78448,0.45346927642822266,,
827636,-0.37547099590301514,-24.768661499023438,1116,0.06484347581863403,413767,0.0003,10,78771,0.737429141998291,,
831636,-0.40952080488204956,-25.609155654907227,1120,0.0627492219209671,415767,0.0003,10,79121,0.4344940781593323,,
835636,0.2042480707168579,-25.441335678100586,1124,0.06199138984084129,417767,0.0003,10,79484,0.4808887839317322,,
839636,0.4935780465602875,-25.87340545654297,1128,0.0637129619717598,419767,0.0003,10,79846,0.62685626745224,,
843636,0.005712583661079407,-26.626720428466797,1132,0.06336650997400284,421767,0.0003,10,80165,2.6633565425872803,,
847636,0.22948698699474335,-25.418888092041016,1136,0.06447678804397583,423767,0.0003,10,80479,0.4036394953727722,,
850647,0.2698224186897278,-26.555288314819336,1140,0.060230135917663574,425273,0.0003,10,80729,0.8039258718490601,,
854647,-0.13755527138710022,-25.590965270996094,1144,0.062444813549518585,427273,0.0003,10,81052,3.8060240745544434,,
858647,-0.2908784747123718,-26.10760498046875,1148,0.06346086412668228,429273,0.0003,10,81364,5.401415824890137,,
862647,-0.4114975035190582,-25.83087921142578,1152,0.06561972945928574,431273,0.0003,10,81701,1.6730815172195435,,
866647,-0.3348330557346344,-26.30916976928711,1156,0.06346072256565094,433273,0.0003,10,82018,1.0620931386947632,,
870647,0.43866631388664246,-26.973169326782227,1160,0.06238032504916191,435273,0.0003,10,82339,1.1399905681610107,,
874647,0.0891214907169342,-25.469051361083984,1164,0.06221606209874153,437273,0.0003,10,82673,0.5776049494743347,,
878647,0.20457406342029572,-26.439422607421875,1168,0.06032837927341461,439273,0.0003,10,82998,0.7607460021972656,,
882647,-0.00802186131477356,-27.031917572021484,1172,0.06364325433969498,441273,0.0003,10,83323,0.6302295923233032,,
886647,-0.03711511567234993,-26.778858184814453,1176,0.06558369100093842,443273,0.0003,10,83657,0.4588262438774109,,
890257,0.47920161485671997,-26.083354949951172,1180,0.06387458741664886,445078,0.0003,10,83996,0.49968159198760986,,
894257,-0.3667646050453186,-26.846668243408203,1184,0.06269814074039459,447078,0.0003,10,84378,0.514936625957489,,
898257,-0.03825460374355316,-26.325794219970703,1188,0.06586353480815887,449078,0.0003,10,84752,0.9385637640953064,,
900000,0.009730670601129532,-26.507015228271484,,0.0642998144030571,449949,0.0003,,,0.5326449871063232,576.0,1760.6001920999029
902000,0.14070172607898712,-26.098434448242188,1192,0.0628683939576149,450949,0.0003,10,85372,1.1345621347427368,,
906000,-0.10813726484775543,-27.833646774291992,1196,0.06350690871477127,452949,0.0003,10,85777,1.052592158317566,,
910000,-0.1193273514509201,-27.123064041137695,1200,0.064223513007164,454949,0.0003,10,86089,0.4245702922344208,,
914000,0.03311985358595848,-26.335975646972656,1204,0.0644746944308281,456949,0.0003,10,86403,3.6803994178771973,,
918000,-0.19189687073230743,-27.231712341308594,1208,0.06258393079042435,458949,0.0003,10,86727,4.538626670837402,,
922000,-0.41205453872680664,-26.657997131347656,1212,0.06846306473016739,460949,0.0003,10,87040,0.7741373777389526,,
926000,-0.07730373740196228,-27.547908782958984,1216,0.06185920536518097,462949,0.0003,10,87356,0.3822364807128906,,
930000,0.6102625727653503,-28.050384521484375,1220,0.0628185048699379,464949,0.0003,10,87670,0.8385760188102722,,
934000,0.022219479084014893,-26.892986297607422,1224,0.06161903962492943,466949,0.0003,10,87996,0.4076623320579529,,
938000,-0.21846921741962433,-26.33548355102539,1228,0.06342164427042007,468949,0.0003,10,88301,0.49537932872772217,,
942000,0.20309396088123322,-28.95650863647461,1232,0.06079206243157387,470949,0.0003,10,88611,0.3130674362182617,,
946000,-0.043098606169223785,-27.687393188476562,1236,0.0623091422021389,472949,0.0003,10,88922,1.2148182392120361,,
950000,0.0662347674369812,-28.72196388244629,1240,0.06268788874149323,474949,0.0003,10,89235,0.37707239389419556,,
954000,0.10505324602127075,-27.72170639038086,1244,0.06263011693954468,476949,0.0003,10,89551,0.44193005561828613,,
957015,-0.29711300134658813,-26.861984252929688,1248,0.0639663115143776,478457,0.0003,10,89806,3.961325168609619,,
961015,0.5204644799232483,-28.926387786865234,1252,0.06350038200616837,480457,0.0003,10,90173,1.2209711074829102,,
965015,0.36382418870925903,-26.9859619140625,1256,0.06283829361200333,482457,0.0003,10,90543,3.563310146331787,,
969015,-0.12087888270616531,-28.309425354003906,1260,0.06788115203380585,484457,0.0003,10,90907,0.5187651515007019,,
973015,0.03787827491760254,-27.60232925415039,1264,0.062301624566316605,486457,0.0003,10,91263,0.6328955292701721,,
977015,-0.5109948515892029,-27.88790512084961,1268,0.06536013633012772,488457,0.0003,10,91627,1.3720958232879639,,
981015,0.24464508891105652,-26.66498565673828,1272,0.06637018173933029,490457,0.0003,10,91985,4.328808784484863,,
985015,0.08480694890022278,-28.093463897705078,1276,0.06338929384946823,492457,0.0003,10,92309,0.4394925832748413,,
989015,-0.4018377661705017,-26.91263771057129,1280,0.06250990927219391,494457,0.0003,10,92620,3.8973169326782227,,
993015,0.550826907157898,-28.383939743041992,1284,0.06184966489672661,496457,0.0003,10,92930,1.1998869180679321,,
997015,0.19344785809516907,-27.838050842285156,1288,0.062347330152988434,498457,0.0003,10,93246,0.6705718636512756,,
1000000,-0.08975306153297424,-28.072036743164062,,0.06377050280570984,499949,0.0003,,,1.2710143327713013,1000.0,3571.290028666705
1001709,0.29726743698120117,-28.770065307617188,1292,0.06380142271518707,500804,0.0003,10,94025,0.4204756021499634,,
1005709,0.14618909358978271,-26.72735595703125,1296,0.06560066342353821,502804,0.0003,10,94387,0.4810163676738739,,
1009709,-0.05111493915319443,-28.92300796508789,1300,0.06269778311252594,504804,0.0003,10,94753,0.9282031059265137,,
1013709,-0.09946152567863464,-27.82366180419922,1304,0.06366193294525146,506804,0.0003,10,95143,1.1147387027740479,,
1017709,0.5482221245765686,-28.478004455566406,1308,0.0612674243748188,508804,0.0003,10,95515,1.657806396484375,,
1021709,0.06938928365707397,-28.706039428710938,1312,0.06346850097179413,510804,0.0003,10,95891,1.7708873748779297,,
1024734,-0.7356923818588257,-28.12359619140625,1316,0.06108768656849861,512316,0.0003,10,96170,0.4264640212059021,,
1027745,-0.34471744298934937,-26.832763671875,1320,0.059830192476511,513822,0.0003,10,96407,0.5395389199256897,,
1031745,-0.08099454641342163,-27.419063568115234,1324,0.059192899614572525,515822,0.0003,10,96731,2.434800148010254,,
1035745,0.44692903757095337,-28.760604858398438,1328,0.05780194699764252,517822,0.0003,10,97047,5.177943229675293,,
1037768,0.5483101010322571,-27.750431060791016,1332,0.05885746702551842,518833,0.0003,10,97211,0.7390025854110718,,
1041768,0.14553013443946838,-28.62893295288086,1336,0.0643177330493927,520833,0.0003,10,97539,2.711948871612549,,
1045768,0.504159152507782,-26.486324310302734,1340,0.06070725992321968,522833,0.0003,10,97872,1.516947865486145,,
1049768,-0.5396196842193604,-29.256202697753906,1344,0.0610649399459362,524833,0.0003,10,98239,1.8180785179138184,,
1052982,-0.7922207713127136,-28.376361846923828,1348,0.06086482107639313,526440,0.0003,10,98531,4.175455093383789,,
1055987,0.11919829994440079,-27.81601333618164,1352,0.061426881700754166,527943,0.0003,10,98806,0.6359584927558899,,
1059987,0.4687703847885132,-28.081525802612305,1356,0.06418134272098541,529943,0.0003,10,99167,0.6961727738380432,,
1062998,0.28824514150619507,-27.39552879333496,1360,0.05965876579284668,531448,0.0003,10,99440,4.655583381652832,,
1066265,-0.11536639928817749,-28.413162231445312,1364,0.06122910976409912,533082,0.0003,10,99742,0.3211125135421753,,
1070272,0.7103292942047119,-26.8408145904541,1368,0.060989219695329666,535085,0.0003,10,100119,0.7535914778709412,,
1074272,-0.08607574552297592,-27.442543029785156,1372,0.061309948563575745,537085,0.0003,10,100489,0.6485908031463623,,
1078272,0.026274424046278,-28.419450759887695,1376,0.05817204713821411,539085,0.0003,10,100860,4.909853935241699,,
1082272,0.13132192194461823,-28.87139320373535,1380,0.05900430306792259,541085,0.0003,10,101232,0.3538350760936737,,
1086272,-0.07140552997589111,-26.759496688842773,1384,0.06461238861083984,543085,0.0003,10,101609,0.48094117641448975,,
1089288,0.4967828392982483,-27.776878356933594,1388,0.061016492545604706,544593,0.0003,10,101889,0.5871092677116394,,
1093288,-0.1350879669189453,-27.788040161132812,1392,0.06487750262022018,546593,0.0003,10,102263,0.567476749420166,,
1095338,0.09364844113588333,-28.70184326171875,1396,0.06483088433742523,547618,0.0003,10,102455,5.097120761871338,,
1099338,0.13775703310966492,-28.096927642822266,1400,0.06393220275640488,549618,0.0003,10,102822,0.7576342821121216,,
1100000,-0.10431481897830963,-28.724369049072266,,0.06690412014722824,549949,0.0003,,,1.8181183338165283,992.8,3091.951450193126
1103013,-0.2740567922592163,-27.702709197998047,1404,0.061696697026491165,551456,0.0003,10,103621,3.698939323425293,,
1106898,-0.28724411129951477,-28.301067352294922,1408,0.06042976677417755,553398,0.0003,10,103959,1.782156229019165,,
1110898,0.2920478582382202,-28.391422271728516,1412,0.062426771968603134,555398,0.0003,10,104323,5.156824111938477,,
1114898,-0.6464205980300903,-28.46678352355957,1416,0.06659652292728424,557398,0.0003,10,104691,1.7010776996612549,,
1117970,0.02543742209672928,-28.12354850769043,1420,0.06644508242607117,558934,0.0003,10,104968,0.6516001224517822,,
1121970,0.003333143889904022,-28.656879425048828,1424,0.06505738198757172,560934,0.0003,10,105321,5.097551345825195,,
1124978,0.23794309794902802,-28.672882080078125,1428,0.06543291360139847,562438,0.0003,10,105602,0.4731575846672058,,
1128616,-0.35371413826942444,-28.655637741088867,1432,0.06321996450424194,564257,0.0003,10,105944,0.7998214960098267,,
1131663,0.05476170778274536,-28.82638168334961,1436,0.06570134311914444,565781,0.0003,10,106248,0.4846135973930359,,
1135663,0.1254635453224182,-27.79060935974121,1440,0.06602658331394196,567781,0.0003,10,106628,5.727324485778809,,
1139663,0.4561008810997009,-28.220495223999023,1444,0.06332127749919891,569781,0.0003,10,107018,3.4271180629730225,,
1143663,0.0066026002168655396,-28.526180267333984,1448,0.062097638845443726,571781,0.0003,10,107401,0.6560178995132446,,
1147663,0.036992110311985016,-29.329774856567383,1452,0.0675562173128128,573781,0.0003,10,107782,3.053666353225708,,
1151663,-0.2182515412569046,-27.62559700012207,1456,0.06562739610671997,575781,0.0003,10,108160,0.7922129034996033,,
1155663,-0.07620817422866821,-29.013153076171875,1460,0.06084485352039337,577781,0.0003,10,108542,0.4297720491886139,,
1159663,0.019606664776802063,-27.9527530670166,1464,0.06534840166568756,579781,0.0003,10,108917,0.5482536554336548,,
1163663,0.24736134707927704,-27.50910186767578,1468,0.0604606531560421,581781,0.0003,10,109301,1.3696610927581787,,
1167663,0.4048141539096832,-28.279407501220703,1472,0.0651245266199112,583781,0.0003,10,109668,3.529370069503784,,
1171663,0.21305584907531738,-28.61669158935547,1476,0.06178312003612518,585781,0.0003,10,110048,1.838219165802002,,
1175663,0.22573691606521606,-29.479778289794922,1480,0.06533556431531906,587781,0.0003,10,110426,0.850499153137207,,
1178675,0.07652893662452698,-29.303630828857422,1484,0.06377916783094406,589287,0.0003,10,110717,0.5179775357246399,,
1182300,-0.026130683720111847,-27.776636123657227,1488,0.06554345786571503,591099,0.0003,10,111054,0.9243465065956116,,
1186104,0.09938119351863861,-28.202674865722656,1492,0.06182052940130234,593001,0.0003,10,111413,0.6267014145851135,,
1189114,-0.6311822533607483,-27.924888610839844,1496,0.06346699595451355,594506,0.0003,10,111689,1.591431975364685,,
1192442,0.1123558059334755,-28.232709884643555,1500,0.06198742613196373,596170,0.0003,10,111987,6.644803047180176,,
1196442,-0.15998044610023499,-29.407682418823242,1504,0.059728916734457016,598170,0.0003,10,112346,0.3239038586616516,,
1200000,0.12025424838066101,-28.262008666992188,,0.06110675632953644,599949,0.0003,,,1.6504039764404297,922.0,2991.921855944597
1200438,0.050655387341976166,-28.143110275268555,1508,0.061042506247758865,600168,0.0003,10,113126,0.4331733286380768,,
1203258,0.03557532653212547,-27.89604949951172,1512,0.06582389026880264,601578,0.0003,10,113386,0.7088131904602051,,
1206955,-0.2976588010787964,-29.23253631591797,1516,0.06111086159944534,603427,0.0003,10,113724,0.5162990093231201,,
1210955,-0.3037615716457367,-29.248281478881836,1520,0.06212453171610832,605427,0.0003,10,114074,3.8785507678985596,,
1214955,0.17253202199935913,-28.883342742919922,1524,0.06191970407962799,607427,0.0003,10,114445,9.317688941955566,,
1218604,-0.008211914449930191,-28.0679931640625,1528,0.061327334493398666,609251,0.0003,10,114774,1.9970121383666992,,
1222604,-0.14815007150173187,-27.795001983642578,1532,0.061957329511642456,611251,0.0003,10,115154,4.688750267028809,,
1226604,-0.36414462327957153,-30.172893524169922,1536,0.062261756509542465,613251,0.0003,10,115537,1.379704475402832,,
1230604,-0.008541956543922424,-27.642148971557617,1540,0.059698134660720825,615251,0.0003,10,115904,1.462071180343628,,
1234604,0.18565568327903748,-29.171743392944336,1544,0.05896154046058655,617251,0.0003,10,116282,0.3686387538909912,,
1238604,0.19824250042438507,-29.379444122314453,1548,0.060009825974702835,619251,0.0003,10,116644,4.043857097625732,,
1242604,-0.20415811240673065,-28.40434455871582,1552,0.06016180291771889,621251,0.0003,10,117016,1.5325815677642822,,
