train/actor_loss,rollout/ep_len_mean,time/time_elapsed,train/critic_loss,time/fps,time/total_timesteps,time/episodes,rollout/ep_rew_mean,train/n_updates,train/learning_rate,eval/mean_ep_length,eval/mean_reward
6.5223588943481445,71.75,33,5.541735649108887,8,287,4,-446.40726225000003,186,0.00035,,
8.29086685180664,79.875,64,2.3640389442443848,9,639,8,-478.9716195,538,0.00035,,
10.135568618774414,82.0,96,3.492711067199707,10,984,12,-402.0017190833333,883,0.00035,,
12.801076889038086,89.125,135,4.549717903137207,10,1426,16,-361.130794875,1325,0.00035,,
14.44334602355957,84.0,157,3.765247344970703,10,1680,20,-351.77801915,1579,0.00035,,
15.594964981079102,88.75,195,7.234136581420898,10,2130,24,-370.63644358333335,2029,0.00035,,
16.67409896850586,88.07142857142857,228,2.8246994018554688,10,2466,28,-336.0324041071429,2365,0.00035,,
16.826614379882812,90.75,262,7.389113426208496,11,2904,32,-331.98441409375,2803,0.00035,,
19.052528381347656,90.25,291,17.213869094848633,11,3249,36,-317.07780075000005,3148,0.00035,,
17.40322494506836,87.45,311,7.782927513122559,11,3498,40,-302.903751575,3397,0.00035,,
19.98619270324707,87.18181818181819,338,3.8312788009643555,11,3836,44,-286.0737093409091,3735,0.00035,,
22.91219139099121,89.16666666666667,371,16.79410171508789,11,4280,48,-297.87120577083334,4179,0.00035,,
22.087047576904297,90.67307692307692,410,6.018604755401611,11,4715,52,-306.0390986923077,4614,0.00035,,
23.023910522460938,90.25,440,53.66489028930664,11,5054,56,-307.06787366071427,4953,0.00035,,
27.160171508789062,90.18333333333334,470,17.511037826538086,11,5411,60,-330.55320216666667,5310,0.00035,,
29.56855010986328,86.75,483,16.313751220703125,11,5552,64,-317.353710125,5451,0.00035,,
28.02277946472168,85.23529411764706,505,10.168516159057617,11,5796,68,-317.13931435294126,5695,0.00035,,
29.114295959472656,86.63888888888889,542,17.63124656677246,11,6238,72,-340.05928104166674,6137,0.00035,,
28.428279876708984,86.64473684210526,577,94.5821533203125,11,6585,76,-333.39753855263166,6484,0.00035,,
32.77857208251953,86.6125,605,9.519668579101562,11,6929,80,-331.18427822499996,6828,0.00035,,
32.164398193359375,86.52380952380952,635,43.51839065551758,11,7268,84,-329.6247394880952,7167,0.00035,,
32.00562286376953,87.79545454545455,679,63.656375885009766,11,7726,88,-348.10456805681815,7625,0.00035,,
33.491294860839844,88.8913043478261,718,66.45046997070312,11,8178,92,-370.3722652065217,8077,0.00035,,
36.667625427246094,89.875,758,8.350309371948242,11,8628,96,-383.07043240624995,8527,0.00035,,
41.4966926574707,90.86,805,45.581398010253906,11,9086,100,-399.76009383999997,8985,0.00035,,
37.255889892578125,91.39,831,64.60731506347656,11,9426,104,-389.22387649999996,9325,0.00035,,
37.845916748046875,92.38,867,60.55267333984375,11,9877,108,-386.34118014,9776,0.00035,,
37.90635681152344,92.33,895,65.40205383300781,11,10217,112,-383.60242182,10116,0.00035,,
39.37884521484375,92.4,929,63.1400032043457,11,10666,116,-390.10777642,10565,0.00035,,
39.415435791015625,92.33,951,68.98347473144531,11,10913,120,-384.06495958,10812,0.00035,,
37.997093200683594,92.32,985,13.267277717590332,11,11362,124,-379.72302985999994,11261,0.00035,,
40.87558364868164,90.47,1004,38.04034423828125,11,11513,128,-380.79131074,11412,0.00035,,
38.722999572753906,90.7,1045,94.91464233398438,11,11974,132,-398.68269651,11873,0.00035,,
42.20747375488281,91.71,1084,11.142452239990234,11,12420,136,-409.17627695999994,12319,0.00035,,
40.3780403137207,93.7,1123,76.14866638183594,11,12868,140,-415.00288868999996,12767,0.00035,,
42.958717346191406,93.7,1153,20.607891082763672,11,13206,144,-425.34736002,13105,0.00035,,
37.284786224365234,93.64,1192,16.702152252197266,11,13644,148,-426.47788475,13543,0.00035,,
41.02337646484375,92.87,1229,17.95098304748535,11,14002,152,-434.03066522,13901,0.00035,,
41.33439636230469,93.01,1264,21.561296463012695,11,14355,156,-441.66056489000005,14254,0.00035,,
38.826072692871094,93.77,1300,66.1575927734375,11,14788,160,-418.32522826,14687,0.00035,,
39.276329040527344,95.88,1332,94.58653259277344,11,15140,164,-432.46372415999997,15039,0.00035,,
42.66073226928711,97.02,1362,90.953857421875,11,15498,168,-444.9168995499999,15397,0.00035,,
46.668846130371094,95.98,1392,11.712882995605469,11,15836,172,-424.3454716799999,15735,0.00035,,
42.8248176574707,96.89,1436,52.775390625,11,16274,176,-426.06375597999994,16173,0.00035,,
41.47705078125,96.87,1463,24.35576629638672,11,16616,180,-426.89146818999996,16515,0.00035,,
43.064430236816406,97.87,1498,67.15812683105469,11,17055,184,-425.13001701999997,16954,0.00035,,
39.416473388671875,95.79,1518,43.607723236083984,11,17305,188,-406.60570556000005,17204,0.00035,,
41.249481201171875,95.8,1556,113.89694213867188,11,17758,192,-393.94349338,17657,0.00035,,
40.59077453613281,95.77,1589,75.67764282226562,11,18205,196,-381.40378692999997,18104,0.00035,,
40.255126953125,94.67,1652,33.300418853759766,11,18553,200,-364.0709143700001,18452,0.00035,,
41.50898742675781,93.67,1674,50.30847930908203,11,18793,204,-369.48534075000003,18692,0.00035,,
40.96794891357422,93.67,1714,10.22994327545166,11,19244,208,-385.552512,19143,0.00035,,
41.49629592895508,93.67,1745,69.42190551757812,11,19584,212,-394.02209108000005,19483,0.00035,,
42.85536193847656,91.66,1768,30.03207778930664,11,19832,216,-392.61358719,19731,0.00035,,
42.361778259277344,93.66,1808,19.62641143798828,11,20279,220,-406.56201087999995,20178,0.00035,,
40.251007080078125,92.61,1839,36.26411437988281,11,20623,224,-404.31113726999996,20522,0.00035,,
42.36688995361328,95.63,1887,13.605192184448242,11,21076,228,-432.25063263000004,20975,0.00035,,
40.430931091308594,95.43,1924,74.12252044677734,11,21517,232,-420.79034516,21416,0.00035,,
41.88280487060547,95.38,1960,55.80787658691406,11,21958,236,-419.63010984999994,21857,0.00035,,
43.334815979003906,94.22,1991,20.386981964111328,11,22290,240,-410.57281156,22189,0.00035,,
41.33848571777344,94.42,2022,110.7991714477539,11,22648,244,-410.39333603000006,22547,0.00035,,
42.88979721069336,93.41,2052,53.37805938720703,11,22985,248,-408.21861179000007,22884,0.00035,,
41.02410888671875,92.34,2078,7.665219783782959,11,23236,252,-401.74665180999995,23135,0.00035,,
43.076271057128906,92.21,2110,24.33924102783203,11,23576,256,-391.83162768,23475,0.00035,,
41.46208953857422,91.39,2140,42.88709259033203,11,23927,260,-409.66456031,23826,0.00035,,
44.42681884765625,91.25,2168,79.50120544433594,11,24265,264,-405.3081589899999,24164,0.00035,,
44.66944122314453,92.26,2207,50.43699645996094,11,24724,268,-411.47004690999995,24623,0.00035,,
42.02246856689453,92.36,2239,36.658355712890625,11,25072,272,-426.77207623999993,24971,0.00035,,
43.813385009765625,92.45,2284,76.09437561035156,11,25519,276,-435.3316942099999,25418,0.00035,,
41.63520050048828,93.44,2318,74.72862243652344,11,25960,280,-435.1922790299999,25859,0.00035,,
43.41254425048828,93.51,2352,60.90616226196289,11,26406,284,-438.22593812000014,26305,0.00035,,
41.044673919677734,94.46,2380,128.46163940429688,11,26751,288,-437.34242007000006,26650,0.00035,,
45.5112419128418,94.39,2414,44.28668212890625,11,27197,292,-428.49130822,27096,0.00035,,
37.53999710083008,94.27,2448,41.948463439941406,11,27632,296,-424.2360340400001,27531,0.00035,,
44.141197204589844,94.34,2483,15.166715621948242,11,27987,300,-427.31795967000005,27886,0.00035,,
44.34733581542969,96.48,2524,125.50628662109375,11,28441,304,-449.88339984,28340,0.00035,,
43.630584716796875,95.36,2556,42.29534149169922,11,28780,308,-427.86488298000006,28679,0.00035,,
45.82999038696289,96.37,2594,135.12075805664062,11,29221,312,-435.43939028,29120,0.00035,,
43.52309036254883,97.33,2625,15.84994125366211,11,29565,316,-443.5673624499999,29464,0.00035,,
41.38025665283203,96.21,2654,77.2579345703125,11,29900,320,-437.7054720200001,29799,0.00035,,
41.62214660644531,96.21,2683,50.749183654785156,11,30244,324,-441.17808849,30143,0.00035,,
44.23970031738281,95.1,2718,7.43553352355957,11,30586,328,-413.11538414,30485,0.00035,,
45.85688018798828,95.02,2749,97.17523193359375,11,31019,332,-415.85901703,30918,0.00035,,
42.264244079589844,92.13,2763,28.67215919494629,11,31171,336,-408.6173235399999,31070,0.00035,,
44.61601257324219,92.37,2790,49.120330810546875,11,31527,340,-422.8754588600001,31426,0.00035,,
44.66436767578125,93.19,2824,14.401896476745605,11,31967,344,-423.7147329,31866,0.00035,,
39.15993118286133,94.27,2858,35.50312805175781,11,32412,348,-419.2694312,32311,0.00035,,
40.63170623779297,96.19,2895,23.97222900390625,11,32855,352,-419.10095622999995,32754,0.00035,,
42.96284103393555,97.28,2928,46.84041213989258,11,33304,356,-424.03749858000003,33203,0.00035,,
41.67754364013672,98.22,2964,99.76768493652344,11,33749,360,-414.31039209999994,33648,0.00035,,
42.01136016845703,99.31,2998,61.643951416015625,11,34196,364,-406.92131787000005,34095,0.00035,,
40.67533874511719,98.35,3025,67.137451171875,11,34559,368,-392.36380143,34458,0.00035,,
37.29301834106445,98.41,3052,71.88226318359375,11,34913,372,-376.74209394999997,34812,0.00035,,
37.42540740966797,98.37,3091,139.8419647216797,11,35356,376,-366.86237048000004,35255,0.00035,,
40.031524658203125,97.37,3121,26.283836364746094,11,35697,380,-368.70514600999996,35596,0.00035,,
43.042091369628906,97.21,3158,136.369140625,11,36127,384,-370.12263607000006,36026,0.00035,,
38.417659759521484,97.2,3189,76.65737915039062,11,36471,388,-370.64395115,36370,0.00035,,
39.18833923339844,95.22,3212,67.37342834472656,11,36719,392,-365.3303388699999,36618,0.00035,,
39.287567138671875,95.4,3250,38.67890930175781,11,37172,396,-385.25027171,37071,0.00035,,
42.70147705078125,96.21,3295,71.20148468017578,11,37608,400,-388.04351505000005,37507,0.00035,,
40.71626281738281,96.06,3337,19.61147689819336,11,38047,404,-354.3448839300001,37946,0.00035,,
40.974185943603516,97.14,3376,17.29316520690918,11,38494,408,-357.00696296,38393,0.00035,,
42.4415283203125,97.18,3419,29.044540405273438,11,38939,412,-339.33285865,38838,0.00035,,
42.541316986083984,98.3,3458,45.725547790527344,11,39395,416,-335.56051783,39294,0.00035,,
36.474266052246094,98.48,3490,51.889549255371094,11,39748,420,-325.99144134999995,39647,0.00035,,
39.95623779296875,99.49,3528,78.28016662597656,11,40193,424,-316.92139753,40092,0.00035,,
40.85890197753906,100.59,3573,30.135807037353516,11,40645,428,-336.17287207000004,40544,0.00035,,
39.95349884033203,100.74,3611,33.71772003173828,11,41093,432,-334.28878232000005,40992,0.00035,,
43.52391052246094,103.73,3652,54.267723083496094,11,41544,436,-345.62267082,41443,0.00035,,
38.999393463134766,104.72,3694,43.9888916015625,11,41999,440,-351.50877469,41898,0.00035,,
40.190921783447266,104.81,3735,25.259538650512695,11,42448,444,-348.46048753,42347,0.00035,,
40.67110824584961,104.95,3776,25.828397750854492,11,42907,448,-360.7013230099999,42806,0.00035,,
38.11309814453125,105.08,3826,128.7206268310547,11,43363,452,-357.44517128000007,43262,0.00035,,
38.055633544921875,104.94,3862,44.93241882324219,11,43798,456,-353.44933947,43697,0.00035,,
40.23375701904297,105.05,3904,68.11897277832031,11,44254,460,-356.6843390700001,44153,0.00035,,
39.02278137207031,105.05,3945,66.92398071289062,11,44701,464,-359.6397898,44600,0.00035,,
36.87721252441406,105.9,3984,69.63803100585938,11,45149,468,-350.3344754099999,45048,0.00035,,
40.89340591430664,106.79,4021,28.838233947753906,11,45592,472,-355.32669986,45491,0.00035,,
40.2479248046875,106.82,4067,81.61997985839844,11,46038,476,-350.74087994,45937,0.00035,,
39.571250915527344,107.99,4109,49.43907165527344,11,46496,480,-347.21416482999996,46395,0.00035,,
37.68766784667969,107.22,4142,28.31108856201172,11,46849,484,-344.3186996199999,46748,0.00035,,
40.34196853637695,108.35,4182,20.609298706054688,11,47306,488,-360.35238618999995,47205,0.00035,,
38.049659729003906,110.39,4221,94.11441802978516,11,47758,492,-372.58373700000004,47657,0.00035,,
38.087745666503906,110.33,4263,21.753917694091797,11,48205,496,-360.00565311000014,48104,0.00035,,
41.358516693115234,110.35,4307,29.768234252929688,11,48643,500,-351.1384909,48542,0.00035,,
39.77511215209961,109.47,4342,23.098918914794922,11,48994,504,-353.08156237,48893,0.00035,,
36.556034088134766,109.44,4387,15.635872840881348,11,49438,508,-347.32897717,49337,0.00035,,
37.399505615234375,109.47,4430,45.684967041015625,11,49886,512,-358.08489242,49785,0.00035,,
38.50885772705078,109.5,4468,39.12724685668945,11,50345,516,-349.4389311299999,50244,0.00035,,
42.322410583496094,110.44,4513,14.38705825805664,11,50792,520,-348.6645743,50691,0.00035,,
36.889564514160156,109.33,4543,58.283294677734375,11,51126,524,-348.1560299000001,51025,0.00035,,
38.838661193847656,109.33,4586,113.93952178955078,11,51578,528,-333.94978987,51477,0.00035,,
38.002288818359375,109.1,4623,22.321208953857422,11,52003,532,-317.40687552,51902,0.00035,,
37.28445053100586,109.09,4659,20.499858856201172,11,52453,536,-304.08378668,52352,0.00035,,
37.0250244140625,109.01,4693,55.5819091796875,11,52900,540,-289.12262622000003,52799,0.00035,,
40.327247619628906,108.97,4730,43.86278533935547,11,53345,544,-280.74455153,53244,0.00035,,
36.21820831298828,107.86,4757,123.25634765625,11,53693,548,-261.04474949999997,53592,0.00035,,
35.19475555419922,107.68,4799,41.760345458984375,11,54131,552,-257.68518294999996,54030,0.00035,,
33.46429443359375,106.84,4830,11.506013870239258,11,54482,556,-257.41871035,54381,0.00035,,
34.36956787109375,106.58,4866,17.000720977783203,11,54912,560,-262.12275663,54811,0.00035,,
35.73552322387695,105.67,4899,61.878013610839844,11,55268,564,-262.30078543,55167,0.00035,,
39.12726974487305,105.5,4937,36.84283447265625,11,55699,568,-276.20910281,55598,0.00035,,
35.72272491455078,105.44,4975,25.033185958862305,11,56136,572,-280.67557151,56035,0.00035,,
34.6462287902832,105.33,5017,85.575439453125,11,56571,576,-291.95287539000003,56470,0.00035,,
37.445457458496094,104.36,5048,74.10401153564453,11,56932,580,-296.91774125,56831,0.00035,,
36.368385314941406,104.25,5076,27.52034568786621,11,57274,584,-299.59573078,57173,0.00035,,
38.326744079589844,104.12,5111,75.54537963867188,11,57718,588,-278.53383708,57617,0.00035,,
42.837364196777344,104.06,5149,106.88736724853516,11,58164,592,-273.35303437000005,58063,0.00035,,
34.504852294921875,103.95,5184,88.90977478027344,11,58600,596,-269.99722948999994,58499,0.00035,,
38.75135040283203,104.15,5229,97.6309814453125,11,59058,600,-269.59633234999995,58957,0.00035,,
35.701446533203125,105.05,5267,17.359983444213867,11,59499,604,-278.19207225,59398,0.00035,,
37.212547302246094,104.33,5300,37.40021896362305,11,59871,608,-285.82144595,59770,0.00035,,
37.537506103515625,103.45,5332,23.333398818969727,11,60231,612,-273.29661613,60130,0.00035,,
35.89390563964844,103.25,5367,12.438243865966797,11,60670,616,-272.98520841000004,60569,0.00035,,
36.38050079345703,103.19,5402,79.05731201171875,11,61111,620,-278.84165603,61010,0.00035,,
36.83921813964844,103.32,5433,20.027240753173828,11,61458,624,-280.54768271000006,61357,0.00035,,
35.009559631347656,103.36,5481,31.916980743408203,11,61914,628,-280.42856592,61813,0.00035,,
30.863452911376953,101.61,5504,22.666234970092773,11,62164,632,-281.47297553000004,62063,0.00035,,
32.047027587890625,98.78,5519,33.29921340942383,11,62331,636,-275.5042434100001,62230,0.00035,,
34.271728515625,98.77,5557,12.096315383911133,11,62777,640,-277.83634496,62676,0.00035,,
34.883514404296875,100.09,5608,12.607792854309082,11,63354,644,-290.47114838,63253,0.00035,,
30.546239852905273,99.67,5635,72.64396667480469,11,63660,648,-288.81868649000006,63559,0.00035,,
31.580307006835938,98.24,5667,25.877349853515625,11,63955,652,-284.2300807,63854,0.00035,,
30.940351486206055,98.31,5699,19.40719223022461,11,64313,656,-284.63218752,64212,0.00035,,
32.8553466796875,96.87,5724,42.599342346191406,11,64599,660,-270.14941067,64498,0.00035,,
31.567386627197266,96.09,5751,47.309486389160156,11,64877,664,-268.01430591999997,64776,0.00035,,
34.2380256652832,94.35,5775,68.5874252319336,11,65134,668,-255.97938706000002,65033,0.00035,,
28.846969604492188,93.39,5803,29.937204360961914,11,65475,672,-254.50643171,65374,0.00035,,
29.614307403564453,92.45,5837,36.70042419433594,11,65816,676,-252.80502328,65715,0.00035,,
30.647090911865234,94.39,5887,9.24573040008545,11,66371,680,-250.01481674,66270,0.00035,,
29.09296989440918,94.8,5921,56.27409362792969,11,66754,684,-250.98585289000002,66653,0.00035,,
25.476806640625,94.34,5957,6.746281623840332,11,67152,688,-254.02456518,67051,0.00035,,
26.4305477142334,92.45,5981,36.586605072021484,11,67409,692,-244.38617704,67308,0.00035,,
27.575057983398438,91.87,6016,27.988540649414062,11,67787,696,-234.47686768000003,67686,0.00035,,
24.20867156982422,93.77,6073,9.05647087097168,11,68435,700,-231.56452032999997,68334,0.00035,,
22.83713150024414,93.06,6106,8.164017677307129,11,68805,704,-223.89935637000002,68704,0.00035,,
21.33079719543457,94.97,6156,50.046539306640625,11,69368,708,-215.96134560000002,69267,0.00035,,
24.69268035888672,93.93,6180,16.158702850341797,11,69624,712,-217.30880743,69523,0.00035,,
24.625747680664062,93.16,6211,34.37598419189453,11,69986,716,-213.89902795,69885,0.00035,,
22.578319549560547,94.77,6261,14.977582931518555,11,70588,720,-206.4373946,70487,0.00035,,
20.90804672241211,96.49,6311,31.058610916137695,11,71107,724,-205.08161591,71006,0.00035,,
21.214204788208008,93.07,6327,28.251731872558594,11,71221,728,-195.21963939,71120,0.00035,,
22.661392211914062,91.85,6340,12.465339660644531,11,71349,732,-191.04075303000002,71248,0.00035,,
21.258031845092773,91.22,6350,13.308053970336914,11,71453,736,-189.47683722000002,71352,0.00035,,
20.872955322265625,88.01,6362,5.782520294189453,11,71578,740,-177.11923017999993,71477,0.00035,,
21.31711196899414,84.51,6383,16.062671661376953,11,71805,744,-157.50147228999998,71704,0.00035,,
18.996776580810547,85.89,6423,6.313429355621338,11,72249,748,-157.60996487999998,72148,0.00035,,
19.172054290771484,84.9,6447,5.536877155303955,11,72445,752,-153.2054712,72344,0.00035,,
18.464454650878906,85.48,6480,6.662625789642334,11,72861,756,-143.52145109999998,72760,0.00035,,
18.676040649414062,87.98,6524,14.284214973449707,11,73397,760,-141.86188124999998,73296,0.00035,,
17.778078079223633,92.2,6584,16.28732681274414,11,74097,764,-136.26376116999998,73996,0.00035,,
17.44805335998535,91.92,6605,5.245853424072266,11,74326,768,-126.23124409000002,74225,0.00035,,
15.920555114746094,92.54,6635,10.60495376586914,11,74729,772,-110.80409700999999,74628,0.00035,,
15.882567405700684,93.09,6670,27.74536895751953,11,75125,776,-99.16506156,75024,0.00035,,
16.237327575683594,88.18,6678,23.31871795654297,11,75189,780,-87.05521224,75088,0.00035,,
19.880504608154297,87.05,6701,7.493112564086914,11,75459,784,-71.72096918,75358,0.00035,,
16.79669189453125,84.64,6716,9.419681549072266,11,75616,788,-61.94586184999999,75515,0.00035,,
16.522855758666992,87.47,6763,14.778009414672852,11,76156,792,-57.654558630000004,76055,0.00035,,
16.399093627929688,88.16,6801,17.871387481689453,11,76603,796,-54.53718545999999,76502,0.00035,,
16.093528747558594,84.29,6832,9.36073112487793,11,76864,800,-43.23819422,76763,0.00035,,
13.92741870880127,82.53,6850,14.343643188476562,11,77058,804,-37.22165549000001,76957,0.00035,,
14.103328704833984,82.02,6894,13.952622413635254,11,77570,808,-30.209720049999998,77469,0.00035,,
15.297089576721191,83.77,6929,12.104735374450684,11,78001,812,-24.238169709999998,77900,0.00035,,
14.948420524597168,81.51,6943,17.656251907348633,11,78137,816,-16.45987321,78036,0.00035,,
15.389071464538574,78.03,6965,10.577312469482422,11,78391,820,-14.38633794,78290,0.00035,,
13.621577262878418,77.3,7013,10.44512939453125,11,78837,824,-10.62487158,78736,0.00035,,
13.884720802307129,83.19,7068,4.533238410949707,11,79540,828,-12.710420200000003,79439,0.00035,,
13.120282173156738,91.75,7139,37.82670593261719,11,80524,832,-17.53016683,80423,0.00035,,
13.306272506713867,94.05,7167,19.100374221801758,11,80858,836,-16.48736561,80757,0.00035,,
12.801071166992188,97.15,7202,9.0230712890625,11,81293,840,-18.69877587,81192,0.00035,,
14.238554000854492,101.85,7252,9.28715705871582,11,81990,844,-22.79528613,81889,0.00035,,
12.236624717712402,104.53,7309,6.4014763832092285,11,82702,848,-21.44334362,82601,0.00035,,
12.24282455444336,106.63,7356,34.332496643066406,11,83108,852,-19.853456100000002,83007,0.00035,,
11.296833038330078,104.03,7371,9.515843391418457,11,83264,856,-17.810945729999997,83163,0.00035,,
11.747852325439453,101.48,7398,16.189491271972656,11,83545,860,-15.838055119999996,83444,0.00035,,
11.037378311157227,96.91,7420,11.872861862182617,11,83788,864,-12.32517332,83687,0.00035,,
11.28482723236084,95.8,7432,13.725739479064941,11,83906,868,-13.138044189999999,83805,0.00035,,
12.096832275390625,95.31,7464,13.42198371887207,11,84260,872,-12.90843219,84159,0.00035,,
11.8724365234375,96.82,7515,22.907470703125,11,84807,876,-11.55630995,84706,0.00035,,
10.802104949951172,102.28,7562,7.7311811447143555,11,85417,880,-12.308710799999997,85316,0.00035,,
10.165395736694336,103.43,7591,5.523751258850098,11,85802,884,-12.813599159999997,85701,0.00035,,
9.622879981994629,105.73,7623,24.799219131469727,11,86189,888,-14.534647109999998,86088,0.00035,,
12.599884033203125,107.04,7672,10.465455055236816,11,86860,892,-15.359377849999998,86759,0.00035,,
12.089421272277832,104.3,7688,19.80750274658203,11,87033,896,-12.609255299999997,86932,0.00035,,
12.765169143676758,104.09,7713,10.499974250793457,11,87273,900,-15.21084212,87172,0.00035,,
11.234565734863281,104.2,7732,19.124698638916016,11,87478,904,-14.831040109999995,87377,0.00035,,
10.74470043182373,101.3,7750,5.494389533996582,11,87700,908,-14.266988429999996,87599,0.00035,,
10.208757400512695,97.7,7758,8.005121231079102,11,87771,912,-15.957861339999997,87670,0.00035,,
11.222040176391602,100.08,7791,14.698339462280273,11,88145,916,-18.634673159999995,88044,0.00035,,
9.38144302368164,100.64,7816,12.760558128356934,11,88455,920,-18.725961449999996,88354,0.00035,,
9.603700637817383,97.95,7831,3.631028175354004,11,88632,924,-15.72759052,88531,0.00035,,
9.346299171447754,94.81,7871,12.488961219787598,11,89021,928,-12.730630729999996,88920,0.00035,,
10.393348693847656,86.53,7886,7.988095283508301,11,89177,932,-9.273056469999998,89076,0.00035,,
9.747875213623047,88.56,7935,5.626691818237305,11,89714,936,-12.814300900000001,89613,0.00035,,
9.448249816894531,88.14,7970,11.097623825073242,11,90107,940,-11.696214529999999,90006,0.00035,,
11.181516647338867,83.03,7987,6.831397533416748,11,90293,944,-11.25333255,90192,0.00035,,
10.026363372802734,78.87,8016,10.525606155395508,11,90589,948,-8.47261308,90488,0.00035,,
10.368352890014648,80.84,8080,6.6667327880859375,11,91192,952,-9.603566459999998,91091,0.00035,,
9.536901473999023,82.96,8108,11.796626091003418,11,91560,956,-9.089339559999999,91459,0.00035,,
9.109060287475586,84.24,8139,6.59998893737793,11,91969,960,-6.48976113,91868,0.00035,,
9.106940269470215,89.61,8197,5.955567836761475,11,92749,964,-10.2645809,92648,0.00035,,
8.773233413696289,96.42,8255,17.461898803710938,11,93548,968,-13.019106409999997,93447,0.00035,,
8.33713150024414,96.93,8284,9.622493743896484,11,93953,972,-12.703110169999997,93852,0.00035,,
8.733926773071289,94.88,8316,19.667327880859375,11,94295,976,-11.536644529999997,94194,0.00035,,
8.461761474609375,91.18,8338,7.613831520080566,11,94535,980,-7.785606029999999,94434,0.00035,,
8.749542236328125,89.24,8356,20.90542221069336,11,94726,984,-5.399927719999998,94625,0.00035,,
9.219947814941406,89.53,8392,28.44709587097168,11,95142,988,-1.472527069999998,95041,0.00035,,
9.380970001220703,84.19,8405,6.656868934631348,11,95279,992,-0.8718425499999977,95178,0.00035,,
9.898459434509277,89.57,8472,19.79414939880371,11,95990,996,-4.610119969999999,95889,0.00035,,
9.722238540649414,89.18,8496,17.174602508544922,11,96191,1000,-4.0374824,96090,0.00035,,
9.801965713500977,93.16,8546,8.39372444152832,11,96794,1004,-8.2538737,96693,0.00035,,
9.745452880859375,96.01,8583,7.899380683898926,11,97301,1008,-8.46519375,97200,0.00035,,
8.756866455078125,97.02,8598,10.746167182922363,11,97473,1012,-6.7847161699999985,97372,0.00035,,
8.86723518371582,96.51,8625,9.212178230285645,11,97796,1016,-9.500069349999999,97695,0.00035,,
10.29365348815918,96.51,8649,7.395017147064209,11,98106,1020,-7.18812754,98005,0.00035,,
7.394123077392578,96.75,8665,6.450225830078125,11,98307,1024,-7.514262759999999,98206,0.00035,,
8.960947036743164,96.23,8697,23.975635528564453,11,98644,1028,-7.012689919999999,98543,0.00035,,
8.439104080200195,97.88,8721,14.180550575256348,11,98965,1032,-7.071741349999997,98864,0.00035,,
9.032726287841797,95.98,8747,17.350767135620117,11,99312,1036,-2.9279433899999985,99211,0.00035,,
8.460378646850586,93.61,8761,11.43343734741211,11,99468,1040,-3.1209941599999995,99367,0.00035,,
7.303309440612793,93.82,8778,7.932985305786133,11,99675,1044,-1.7065513299999993,99574,0.00035,,
9.639719009399414,92.35,8792,19.830154418945312,11,99824,1048,-1.58268471,99723,0.00035,,
8.945058822631836,,,6.435227870941162,,100000,,,99899,0.00035,32.2,-2.705197000000001
10.213314056396484,91.74,8858,18.582637786865234,11,100366,1052,-1.916604689999999,100265,0.00035,,
7.265450477600098,90.16,8876,8.81929874420166,11,100576,1056,-2.5188877499999998,100475,0.00035,,
7.251999855041504,89.25,8905,9.389423370361328,11,100894,1060,-3.732518390000002,100793,0.00035,,
8.139486312866211,83.93,8928,18.573305130004883,11,101142,1064,0.08636136999999772,101041,0.00035,,
7.733623027801514,78.08,8947,11.687125205993652,11,101356,1068,5.69344545,101255,0.00035,,
8.247550964355469,76.36,8973,11.36037826538086,11,101589,1072,6.9705152199999985,101488,0.00035,,
7.804349899291992,78.61,9020,5.393942356109619,11,102156,1076,10.437996190000002,102055,0.00035,,
7.905846118927002,79.52,9050,9.574104309082031,11,102487,1080,8.625617160000001,102386,0.00035,,
5.830400466918945,79.46,9068,4.761377334594727,11,102672,1084,7.5267798500000005,102571,0.00035,,
9.010580062866211,79.09,9103,7.111291885375977,11,103051,1088,5.460711430000001,102950,0.00035,,
8.226927757263184,80.61,9130,17.192806243896484,11,103340,1092,8.408405890000001,103239,0.00035,,
9.400811195373535,76.67,9163,15.028045654296875,11,103657,1096,11.263444119999999,103556,0.00035,,
8.939826011657715,78.51,9194,5.950335502624512,11,104042,1100,12.453376999999998,103941,0.00035,,
7.756117820739746,76.1,9223,5.804923057556152,11,104404,1104,15.41750062,104303,0.00035,,
8.203313827514648,74.84,9254,13.619409561157227,11,104785,1108,17.178951929999997,104684,0.00035,,
7.524279594421387,76.28,9278,4.11522102355957,11,105101,1112,17.305644750000003,105000,0.00035,,
8.488306999206543,77.25,9311,9.521116256713867,11,105521,1116,24.304002339999997,105420,0.00035,,
6.905215263366699,79.01,9382,12.171428680419922,11,106007,1120,28.01445175,105906,0.00035,,
6.750463485717773,81.3,9413,7.353687286376953,11,106437,1124,30.713223210000002,106336,0.00035,,
5.76300048828125,80.65,9435,7.939842700958252,11,106709,1128,32.23598912999999,106608,0.00035,,
5.874167442321777,82.65,9473,8.417403221130371,11,107230,1132,34.81308038,107129,0.00035,,
7.540549278259277,83.53,9511,23.006315231323242,11,107665,1136,36.32208189,107564,0.00035,,
6.477385520935059,86.96,9546,5.918802738189697,11,108164,1140,38.85942472999999,108063,0.00035,,
5.776337623596191,89.24,9585,4.989958763122559,11,108599,1144,41.490549,108498,0.00035,,
5.663550853729248,93.8,9635,4.645889759063721,11,109204,1148,41.84580497000001,109103,0.00035,,
5.736917018890381,92.3,9666,6.915104866027832,11,109596,1152,45.34740794,109495,0.00035,,
5.802755355834961,97.52,9727,6.3691511154174805,11,110328,1156,45.865016700000005,110227,0.00035,,
5.194911003112793,96.87,9748,14.611312866210938,11,110581,1160,45.24867566999999,110480,0.00035,,
5.264551162719727,99.84,9791,11.006512641906738,11,111126,1164,46.068959680000006,111025,0.00035,,
4.649024963378906,102.96,9834,20.53971290588379,11,111652,1168,48.72528083,111551,0.00035,,
4.877442359924316,106.88,9892,11.488317489624023,11,112277,1172,53.291687679999995,112176,0.00035,,
4.761205673217773,106.07,9933,15.162776947021484,11,112763,1176,53.936085750000004,112662,0.00035,,
4.733319282531738,111.64,10008,11.554187774658203,11,113651,1180,68.45446883000001,113550,0.00035,,
4.8848557472229,115.8,10057,7.321796417236328,11,114252,1184,73.79887613,114151,0.00035,,
4.460850715637207,117.57,10101,10.17080020904541,11,114808,1188,78.08261528000001,114707,0.00035,,
3.1508493423461914,120.41,10151,13.865835189819336,11,115381,1192,81.43393584,115280,0.00035,,
4.124163627624512,124.54,10217,5.615747451782227,11,116111,1196,92.90823943,116010,0.00035,,
3.0588138103485107,136.73,10353,21.626298904418945,11,117715,1200,117.78612544000002,117614,0.00035,,
2.387803554534912,137.55,10393,7.862213611602783,11,118159,1204,121.53716118,118058,0.00035,,
4.108695030212402,141.56,10461,19.06598472595215,11,118941,1208,132.40856941,118840,0.00035,,
2.063652515411377,159.08,10630,7.182188034057617,11,121009,1212,162.04542322,120908,0.00035,,
0.2567111849784851,179.13,10825,11.542766571044922,11,123434,1216,193.29416449999997,123333,0.00035,,
-0.006323978304862976,207.5,11112,12.615227699279785,11,126757,1220,253.30086303000004,126656,0.00035,,
-2.5480117797851562,226.67,11314,5.798737525939941,11,129104,1224,298.6367005,129003,0.00035,,
-2.106729507446289,235.85,11413,5.171558380126953,11,130294,1228,318.29715881,130193,0.00035,,
-2.3093204498291016,256.15,11629,10.58515453338623,11,132845,1232,374.67911026,132744,0.00035,,
-3.6407060623168945,277.4,11846,4.611978530883789,11,135405,1236,422.93538220999994,135304,0.00035,,
-5.148065567016602,305.86,12129,7.738698959350586,11,138750,1240,487.3562879000001,138649,0.00035,,
-6.176746368408203,331.54,12386,5.800528526306152,11,141753,1244,544.4617724200001,141652,0.00035,,
-6.636322975158691,337.58,12492,7.207221031188965,11,142962,1248,564.9782626199999,142861,0.00035,,
-7.385943412780762,364.91,12760,5.690407752990723,11,146087,1252,637.0824387199998,145986,0.00035,,
-7.825863361358643,387.18,13016,13.648599624633789,11,149046,1256,699.74173951,148945,0.00035,,
-7.760699272155762,419.21,13308,10.575422286987305,11,152502,1260,780.10658201,152401,0.00035,,
-10.622159004211426,453.76,13648,8.890668869018555,11,156502,1264,879.2695927799998,156401,0.00035,,
-11.163487434387207,461.24,13758,5.15252685546875,11,157776,1268,901.35626595,157675,0.00035,,
-11.170215606689453,461.79,13820,7.2130513191223145,11,158456,1272,903.5565004800003,158355,0.00035,,
-10.392814636230469,488.4,14086,7.084137439727783,11,161603,1276,968.7247640800001,161502,0.00035,,
-11.181729316711426,504.3,14289,6.706470489501953,11,164081,1280,1004.5367046800001,163980,0.00035,,
-12.952402114868164,528.69,14544,10.648216247558594,11,167121,1284,1056.1785535800002,167020,0.00035,,
-15.011134147644043,548.24,14754,8.270430564880371,11,169632,1288,1097.9312703399999,169531,0.00035,,
-14.547733306884766,572.64,15009,7.627996444702148,11,172645,1292,1161.81610178,172544,0.00035,,
-14.92097282409668,601.62,15293,5.895501613616943,11,176273,1296,1228.5138620799999,176172,0.00035,,
-16.131284713745117,599.67,15406,4.582145690917969,11,177682,1300,1237.79498633,177581,0.00035,,
-16.629318237304688,635.23,15695,7.154871940612793,11,181682,1304,1336.17439057,181581,0.00035,,
-16.944639205932617,667.41,15990,6.597317218780518,11,185682,1308,1432.4010725599996,185581,0.00035,,
-19.48294448852539,682.47,16249,5.125723838806152,11,189256,1312,1497.5165054,189155,0.00035,,
-19.25140380859375,685.14,16447,7.05974006652832,11,191948,1316,1519.5504570599996,191847,0.00035,,
-20.496368408203125,692.02,16765,3.496792793273926,11,195959,1320,1560.5784768699998,195858,0.00035,,
-21.29955291748047,706.65,17077,8.328391075134277,11,199769,1324,1606.0471531499998,199668,0.00035,,
-20.784090042114258,,,3.2555904388427734,,200000,,,199899,0.00035,445.6,906.2332450000001
-21.084501266479492,736.93,17605,5.320067405700684,11,203987,1328,1685.21615263,203886,0.00035,,
-20.897676467895508,739.04,17825,4.939319133758545,11,206749,1332,1693.12854922,206648,0.00035,,
-22.315631866455078,746.2,18086,3.044926881790161,11,210025,1336,1724.05144239,209924,0.00035,,
-21.64118766784668,752.75,18401,8.819493293762207,11,214025,1340,1762.0364095500001,213924,0.00035,,
-23.078754425048828,755.47,18636,7.082165718078613,11,217300,1344,1798.8017836599997,217199,0.00035,,
-23.33259391784668,783.38,18934,2.8921616077423096,11,221300,1348,1898.0759729499998,221199,0.00035,,
-23.533607482910156,791.1,19216,7.519009590148926,11,225197,1352,1933.9903958599998,225096,0.00035,,
-23.969684600830078,801.51,19500,6.546942234039307,11,229197,1356,1987.1124614799999,229096,0.00035,,
-23.79057502746582,806.95,19790,6.398642539978027,11,233197,1360,2026.6056221499998,233096,0.00035,,
-24.19313621520996,806.95,20081,1.9375228881835938,11,237197,1364,2049.85366586,237096,0.00035,,
-23.51457405090332,834.21,20371,2.7372565269470215,11,241197,1368,2145.60936717,241096,0.00035,,
-23.82823944091797,867.41,20672,1.6284635066986084,11,245197,1372,2252.64895059,245096,0.00035,,
-24.259567260742188,871.01,20931,2.6741881370544434,11,248704,1376,2293.6541540599997,248603,0.00035,,
-25.139644622802734,886.23,21234,1.6778582334518433,11,252704,1380,2369.2463513700004,252603,0.00035,,
-25.77060890197754,895.4,21527,10.437671661376953,11,256661,1384,2429.39873879,256560,0.00035,,
-24.946903228759766,910.29,21824,2.8789730072021484,11,260661,1388,2507.0889685300003,260560,0.00035,,
-24.662109375,903.05,22013,2.5952696800231934,11,262950,1392,2499.8588825399997,262849,0.00035,,
-25.213457107543945,906.77,22339,1.8262805938720703,11,266950,1396,2531.2760704400002,266849,0.00035,,
-26.194894790649414,932.68,22660,3.24910831451416,11,270950,1400,2612.0723997600003,270849,0.00035,,
-25.928443908691406,920.79,22893,4.368995666503906,11,273761,1404,2582.0961996399997,273660,0.00035,,
-26.501375198364258,920.79,23219,3.0897343158721924,11,277761,1408,2588.3532438199995,277660,0.00035,,
-26.769622802734375,916.56,23474,7.97998571395874,11,280912,1412,2581.02224025,280811,0.00035,,
-26.250185012817383,929.64,23804,8.424877166748047,11,284912,1416,2639.2034829299996,284811,0.00035,,
-26.120365142822266,929.53,24124,7.887298583984375,11,288912,1420,2648.01792772,288811,0.00035,,
-26.489341735839844,931.43,24445,2.7634894847869873,11,292912,1424,2668.8438573700005,292811,0.00035,,
-27.05400848388672,929.25,24775,3.3557357788085938,11,296912,1428,2681.94130393,296811,0.00035,,
-26.213197708129883,,,2.231027126312256,,300000,,,299899,0.00035,935.4,2818.5571182
-25.14999771118164,942.51,25487,1.9201864004135132,11,301000,1432,2738.21949518,300899,0.00035,,
-26.024616241455078,947.15,25789,2.5896830558776855,11,304740,1436,2764.3083502599998,304639,0.00035,,
-27.10574722290039,942.22,26069,1.7021315097808838,11,308247,1440,2760.17458401,308146,0.00035,,
-27.043376922607422,940.58,26317,3.554652214050293,11,311358,1444,2747.78776293,311257,0.00035,,
-26.479341506958008,921.8,26484,2.2722396850585938,11,313480,1448,2686.12135343,313379,0.00035,,
-26.0806884765625,903.88,26651,2.972081184387207,11,315585,1452,2636.0851619300006,315484,0.00035,,
-26.46681022644043,898.32,26932,2.896087169647217,11,319029,1456,2620.97196293,318928,0.00035,,
-25.70575523376465,891.38,27205,8.023303031921387,11,322335,1460,2597.4117118599997,322234,0.00035,,
-25.79773712158203,882.47,27453,3.8155431747436523,11,325444,1464,2559.2246287,325343,0.00035,,
-26.608909606933594,866.62,27647,3.2369141578674316,11,327859,1468,2496.15713874,327758,0.00035,,
-26.71709632873535,859.76,27917,7.3775129318237305,11,331173,1472,2477.90536984,331072,0.00035,,
-26.892221450805664,856.04,28169,4.379787445068359,11,334308,1476,2447.3006038199997,334207,0.00035,,
-26.177032470703125,846.26,28409,2.766528844833374,11,337330,1480,2407.53036516,337229,0.00035,,
-26.293636322021484,836.98,28663,6.824613094329834,11,340359,1484,2376.99061255,340258,0.00035,,
-25.713481903076172,828.07,28913,3.1532859802246094,11,343468,1488,2337.0634720200005,343367,0.00035,,
-26.169755935668945,836.21,29161,8.747039794921875,11,346571,1492,2355.03471134,346470,0.00035,,
-24.451675415039062,836.21,29487,10.9070405960083,11,350571,1496,2368.55134729,350470,0.00035,,
-27.006153106689453,827.31,29735,3.449258804321289,11,353681,1500,2337.45553399,353580,0.00035,,
-25.906251907348633,839.2,30070,3.092404365539551,11,357681,1504,2382.4057630800003,357580,0.00035,,
-26.1661376953125,839.2,30509,3.679811954498291,11,361681,1508,2387.21634528,361580,0.00035,,
-26.223575592041016,845.59,30757,3.4854092597961426,11,365471,1512,2418.25144349,365370,0.00035,,
-25.37944984436035,841.9,30994,5.990166664123535,11,369102,1516,2415.48271432,369001,0.00035,,
-25.18061065673828,841.9,31249,9.268260955810547,11,373102,1520,2434.4087908,373001,0.00035,,
-26.825273513793945,841.9,31497,2.6883227825164795,11,377102,1524,2455.78214883,377001,0.00035,,
-26.30329132080078,841.9,31740,9.221993446350098,12,381102,1528,2476.82820318,381001,0.00035,,
-26.11593246459961,835.3,31957,2.5126824378967285,12,384530,1532,2455.3824002300003,384429,0.00035,,
-24.73855972290039,829.15,32149,5.610690116882324,12,387655,1536,2448.7207229100004,387554,0.00035,,
-25.310714721679688,834.08,32394,7.145853519439697,12,391655,1540,2485.95361748,391554,0.00035,,
-25.68366813659668,834.06,32577,3.044684886932373,12,394764,1544,2505.2497977000003,394663,0.00035,,
-26.092348098754883,852.84,32829,6.331389427185059,12,398764,1548,2557.15501111,398663,0.00035,,
-25.426223754882812,,,6.142372131347656,,400000,,,399899,0.00035,724.8,2171.9308474
-24.923377990722656,865.09,33278,4.719005107879639,12,402094,1552,2593.3571245499998,401993,0.00035,,
-24.721473693847656,860.82,33490,5.704933166503906,12,405111,1556,2581.79950918,405010,0.00035,,
-25.34266471862793,862.46,33728,9.409244537353516,12,408581,1560,2587.94103025,408480,0.00035,,
-25.66584587097168,862.45,33952,7.618805885314941,12,411689,1564,2586.50346774,411588,0.00035,,
-24.583572387695312,878.3,34235,10.098188400268555,12,415689,1568,2644.3914638,415588,0.00035,,
-26.410362243652344,885.16,34510,5.772537708282471,12,419689,1572,2668.53115154,419588,0.00035,,
-25.878435134887695,880.13,34694,3.959893226623535,12,422321,1576,2667.8249361300004,422220,0.00035,,
-26.299715042114258,870.26,34834,3.9228286743164062,12,424356,1580,2644.4578784299997,424255,0.00035,,
-25.669384002685547,862.19,34989,11.053730010986328,12,426578,1584,2623.12693341,426477,0.00035,,
-23.90936279296875,861.25,35198,6.024038314819336,12,429593,1588,2628.8829195099997,429492,0.00035,,
-24.916778564453125,842.46,35288,3.8757355213165283,12,430817,1592,2568.62715792,430716,0.00035,,
-23.931507110595703,813.55,35369,10.763031959533691,12,431926,1596,2469.34447374,431825,0.00035,,
-23.960372924804688,816.04,35608,8.082989692687988,12,435285,1600,2476.9583298,435184,0.00035,,
-24.437055587768555,799.44,35778,13.159948348999023,12,437625,1604,2416.02289437,437524,0.00035,,
-23.023542404174805,787.35,35974,5.091985702514648,12,440416,1608,2371.69267027,440315,0.00035,,
-23.00922393798828,786.47,36237,9.862678527832031,12,444118,1612,2363.51460319,444017,0.00035,,
-23.955183029174805,783.05,36471,4.233926296234131,12,447407,1616,2351.27164402,447306,0.00035,,
-24.60428237915039,774.13,36692,4.1887431144714355,12,450515,1620,2304.46629439,450414,0.00035,,
-23.866506576538086,774.13,36969,9.271028518676758,12,454515,1624,2291.14998909,454414,0.00035,,
-23.726482391357422,772.15,37220,3.4252915382385254,12,458317,1628,2279.00626255,458216,0.00035,,
-23.575538635253906,774.7,37449,4.316094398498535,12,462000,1632,2299.1459643900002,461899,0.00035,,
-24.30355453491211,777.13,37656,8.250720024108887,12,465368,1636,2302.3264404,465267,0.00035,,
-22.62582778930664,759.33,37792,9.6248779296875,12,467588,1640,2231.2930542300005,467487,0.00035,,
-23.141685485839844,759.34,37982,13.222119331359863,12,470698,1644,2224.79316189,470597,0.00035,,
-24.41214370727539,759.34,38231,14.670754432678223,12,474698,1648,2245.40992378,474597,0.00035,,
-23.744598388671875,756.23,38430,7.164268493652344,12,477717,1652,2244.8031670299997,477616,0.00035,,
-23.495214462280273,742.43,38546,6.817048072814941,12,479354,1656,2197.82348821,479253,0.00035,,
-23.46643829345703,738.83,38759,13.64461612701416,12,482464,1660,2175.95017128,482363,0.00035,,
-21.915977478027344,747.75,39037,11.616575241088867,12,486464,1664,2208.2534255299997,486363,0.00035,,
-22.404685974121094,747.75,39311,7.7193779945373535,12,490464,1668,2207.83637504,490363,0.00035,,
-22.371145248413086,747.75,39587,5.435130596160889,12,494464,1672,2204.9633264999998,494363,0.00035,,
-22.083755493164062,741.68,39730,4.427621364593506,12,496489,1676,2181.71749538,496388,0.00035,,
-22.55992889404297,754.08,39955,4.293272018432617,12,499764,1680,2203.6079032,499663,0.00035,,
-22.711963653564453,,,4.1755266189575195,,500000,,,499899,0.00035,1000.0,3024.76954
-23.308269500732422,774.22,40590,10.224977493286133,12,504000,1684,2265.79762278,503899,0.00035,,
-21.94400405883789,775.15,40803,4.163002967834473,12,507108,1688,2256.4154051699998,507007,0.00035,,
-23.238462448120117,793.0,41011,5.063193321228027,12,510117,1692,2323.4414704299993,510016,0.00035,,
-22.0242862701416,821.91,41289,9.617223739624023,12,514117,1696,2417.602339,514016,0.00035,,
-22.797954559326172,812.05,41450,4.209085464477539,12,516490,1700,2381.36521588,516389,0.00035,,
-23.350234985351562,809.04,41594,3.979896068572998,12,518529,1704,2367.5735731700006,518428,0.00035,,
-23.11101531982422,816.35,41840,4.678840637207031,12,522051,1708,2400.29351583,521950,0.00035,,
-22.80466079711914,819.33,42114,4.1565046310424805,12,526051,1712,2405.8532696700004,525950,0.00035,,
-21.97278594970703,826.44,42384,8.149293899536133,12,530051,1716,2424.89007957,529950,0.00035,,
-22.741992950439453,835.36,42659,5.8034257888793945,12,534051,1720,2454.0447402400005,533950,0.00035,,
-22.581823348999023,835.36,42937,4.7230424880981445,12,538051,1724,2451.6043575599997,537950,0.00035,,
-22.826881408691406,837.34,43212,4.730367660522461,12,542051,1728,2452.6511432699995,541950,0.00035,,
-22.83789825439453,831.61,43422,7.48100471496582,12,545161,1732,2416.86910516,545060,0.00035,,
-23.002132415771484,837.93,43697,4.845024108886719,12,549161,1736,2430.57084093,549060,0.00035,,
-23.496578216552734,854.82,43965,5.649099349975586,12,553070,1740,2475.20053612,552969,0.00035,,
-23.27934455871582,845.02,44117,3.5863771438598633,12,555200,1744,2431.31914604,555099,0.00035,,
-22.94291114807129,844.86,44382,10.397688865661621,12,559184,1748,2409.2424882299997,559083,0.00035,,
-22.04290008544922,854.67,44625,7.870941638946533,12,563184,1752,2438.2281954600003,563083,0.00035,,
-22.563919067382812,878.3,44875,7.974789142608643,12,567184,1756,2520.7674704200003,567083,0.00035,,
-24.328067779541016,870.07,45061,6.296386241912842,12,569471,1760,2501.54583059,569370,0.00035,,
-22.02960777282715,870.07,45304,6.04286003112793,12,573471,1764,2516.16910694,573370,0.00035,,
-22.580421447753906,870.07,45551,9.167665481567383,12,577471,1768,2529.34659002,577370,0.00035,,
-21.759607315063477,860.72,45761,5.489718437194824,12,580536,1772,2506.5639998999995,580435,0.00035,,
-23.13071060180664,876.18,46005,2.850050210952759,12,584107,1776,2554.7586476899996,584006,0.00035,,
-22.834131240844727,883.43,46268,6.492035388946533,12,588107,1780,2592.21741234,588006,0.00035,,
-23.044231414794922,865.5,46429,4.1944780349731445,12,590550,1784,2537.46833026,590449,0.00035,,
-21.768924713134766,859.71,46609,6.990627288818359,12,593079,1788,2523.62903082,592978,0.00035,,
-21.676889419555664,862.08,46834,7.042574882507324,12,596325,1792,2522.6605632600003,596224,0.00035,,
-22.022449493408203,843.61,46984,5.921043395996094,12,598478,1796,2468.16302426,598377,0.00035,,
-21.009193420410156,,,6.223710060119629,,600000,,,599899,0.00035,377.2,1110.0303344
-20.582195281982422,845.67,47297,4.544706344604492,12,601057,1800,2486.79242537,600956,0.00035,,
-21.917800903320312,865.28,47573,6.95339822769165,12,605057,1804,2564.2824326100003,604956,0.00035,,
-22.212753295898438,868.92,47842,4.059678077697754,12,608943,1808,2575.8629966400003,608842,0.00035,,
-22.308238983154297,859.86,48063,4.425940990447998,12,612037,1812,2553.76213976,611936,0.00035,,
-21.945484161376953,858.89,48329,13.461309432983398,12,615940,1816,2561.0179555000004,615839,0.00035,,
-22.584552764892578,856.21,48569,6.698514938354492,12,619672,1820,2554.33810064,619571,0.00035,,
-20.62163734436035,856.21,48830,7.634499549865723,12,623672,1824,2570.0181687900003,623571,0.00035,,
-21.763145446777344,856.21,49081,6.310178756713867,12,627672,1828,2580.4996554400004,627571,0.00035,,
-21.487613677978516,865.11,49346,4.880074501037598,12,631672,1832,2628.7011208599997,631571,0.00035,,
-22.90855598449707,865.11,49603,5.892617225646973,12,635672,1836,2641.3560423,635571,0.00035,,
-21.748855590820312,862.6,49989,10.900912284851074,12,639330,1840,2636.76908116,639229,0.00035,,
-22.119287490844727,881.3,50276,6.478221893310547,12,643330,1844,2703.46913551,643229,0.00035,,
-21.84716033935547,881.46,50564,4.923677444458008,12,647330,1848,2713.9146868,647229,0.00035,,
-21.566551208496094,881.46,50850,13.809728622436523,12,651330,1852,2708.4019758499994,651229,0.00035,,
-21.64986228942871,875.34,51095,7.478677272796631,12,654718,1856,2679.0025795,654617,0.00035,,
-21.959856033325195,892.47,51390,7.514207363128662,12,658718,1860,2737.0530147100003,658617,0.00035,,
-21.89582061767578,887.21,51650,4.154294013977051,12,662192,1864,2706.1156715600005,662091,0.00035,,
-21.546175003051758,881.98,51895,5.866011619567871,12,665669,1868,2673.1273786000006,665568,0.00035,,
-21.751285552978516,882.4,52113,4.598255157470703,12,668776,1872,2657.235050969999,668675,0.00035,,
-21.887327194213867,886.69,52397,5.892506122589111,12,672776,1876,2669.3535592900002,672675,0.00035,,
-21.496231079101562,886.69,52677,4.652672290802002,12,676776,1880,2661.91391841,676675,0.00035,,
-21.8785400390625,898.31,52925,4.371409893035889,12,680381,1884,2687.7173827,680280,0.00035,,
-21.893627166748047,913.02,53204,6.264630317687988,12,684381,1888,2733.9136647899995,684280,0.00035,,
-21.665184020996094,920.56,53468,3.7228989601135254,12,688381,1892,2776.3733133500004,688280,0.00035,,
-19.929828643798828,939.03,53715,9.656357765197754,12,692381,1896,2819.7098127500003,692280,0.00035,,
-20.960494995117188,943.46,53900,6.373087406158447,12,695403,1900,2823.8676303799994,695302,0.00035,,
-21.382883071899414,943.46,54167,6.042396545410156,12,699403,1904,2819.97518636,699302,0.00035,,
-21.651878356933594,,,6.034621715545654,,700000,,,699899,0.00035,1000.0,2731.9197648
-20.807798385620117,950.57,54775,10.317852973937988,12,704000,1908,2830.6784165900003,703899,0.00035,,
-21.657188415527344,955.35,55034,5.182340621948242,12,707572,1912,2820.77145311,707471,0.00035,,
-21.647598266601562,949.76,55277,4.892054557800293,12,710916,1916,2782.11595078,710815,0.00035,,
-21.23984718322754,938.53,55469,4.931224822998047,12,713525,1920,2735.2585165900005,713424,0.00035,,
-21.358413696289062,920.03,55626,8.214455604553223,12,715675,1924,2648.6291871599997,715574,0.00035,,
-20.186161041259766,914.25,55873,4.534213542938232,12,719097,1928,2586.4122474899996,718996,0.00035,,
-21.740751266479492,892.69,56002,4.007319450378418,12,720941,1932,2501.88743452,720840,0.00035,,
-20.114599227905273,892.69,56272,8.578668594360352,12,724941,1936,2458.66565326,724840,0.00035,,
-19.092405319213867,896.11,56535,6.802387714385986,12,728941,1940,2449.3561278399998,728840,0.00035,,
-19.19649887084961,896.11,56785,9.497269630432129,12,732941,1944,2423.76460615,732840,0.00035,,
-19.03510856628418,896.11,57038,4.93234395980835,12,736941,1948,2407.73514616,736840,0.00035,,
-18.889328002929688,896.11,57290,3.832909107208252,12,740941,1952,2393.3481082000003,740840,0.00035,,
-18.985260009765625,885.46,57438,3.9542949199676514,12,743264,1956,2359.2898901400004,743163,0.00035,,
-21.190523147583008,875.66,57645,8.981634140014648,12,746284,1960,2324.67267102,746183,0.00035,,
-19.695817947387695,874.39,57890,6.871947765350342,12,749631,1964,2303.0163598,749530,0.00035,,
-20.381988525390625,859.86,58035,9.917821884155273,12,751655,1968,2258.9543141599997,751554,0.00035,,
-19.796566009521484,860.7,58259,4.372004985809326,12,754846,1972,2252.9752668,754745,0.00035,,
-18.830299377441406,854.17,58507,3.4521822929382324,12,758193,1976,2226.6417465600002,758092,0.00035,,
-17.867237091064453,845.7,58735,6.593258380889893,12,761346,1980,2193.17374255,761245,0.00035,,
-20.463865280151367,849.65,59008,3.1257729530334473,12,765346,1984,2186.67195267,765245,0.00035,,
-18.441661834716797,849.65,59265,5.5246782302856445,12,769346,1988,2173.34860852,769245,0.00035,,
-17.729591369628906,849.65,59522,6.995146751403809,12,773346,1992,2157.0288762,773245,0.00035,,
-17.462785720825195,850.15,59783,5.7579827308654785,13,777396,1996,2149.7895279599998,777295,0.00035,,
-18.537761688232422,859.93,60035,6.860899925231934,13,781396,2000,2173.53490244,781295,0.00035,,
-19.00262451171875,859.93,60277,7.046350955963135,13,785396,2004,2141.88797034,785295,0.00035,,
-17.33123779296875,844.16,60471,4.952361583709717,13,788416,2008,2082.4593233099995,788315,0.00035,,
-16.489688873291016,838.84,60667,4.622195720672607,13,791456,2012,2071.29767768,791355,0.00035,,
-16.53723907470703,835.52,60855,8.00040054321289,13,794468,2016,2046.6162481100005,794367,0.00035,,
-17.483768463134766,849.43,61116,3.616631507873535,13,798468,2020,2074.51021838,798367,0.00035,,
-16.384355545043945,,,6.587281227111816,,800000,,,799899,0.00035,984.8,2331.6948072
-16.36521339416504,873.25,61713,6.353787422180176,13,803000,2024,2128.87371152,802899,0.00035,,
-16.464160919189453,869.17,61915,11.169685363769531,13,806014,2028,2129.44374728,805913,0.00035,,
-13.08651065826416,890.73,62171,4.707581520080566,13,810014,2032,2177.64873867,809913,0.00035,,
-14.893766403198242,880.9,62372,7.60350227355957,13,813031,2036,2168.05800594,812930,0.00035,,
-16.418426513671875,880.9,62630,6.172136306762695,13,817031,2040,2168.9121354999997,816930,0.00035,,
-14.642382621765137,880.9,62890,5.335749626159668,13,821031,2044,2185.5774641900002,820930,0.00035,,
-15.068008422851562,877.56,63125,4.051552772521973,13,824697,2048,2169.62620342,824596,0.00035,,
-15.203376770019531,877.56,63383,9.729578018188477,13,828697,2052,2168.35361541,828596,0.00035,,
-15.483582496643066,884.61,63611,2.961599588394165,13,831725,2056,2179.33943952,831624,0.00035,,
-14.604296684265137,894.41,63893,6.2674150466918945,13,835725,2060,2193.35828413,835624,0.00035,,
-15.549530029296875,900.94,64183,7.637139797210693,13,839725,2064,2219.67188586,839624,0.00035,,
-16.171405792236328,920.7,64469,6.5423784255981445,13,843725,2068,2264.26225672,843624,0.00035,,
-15.053271293640137,919.1,64691,3.5408437252044678,13,846756,2072,2269.5292411600003,846655,0.00035,,
-16.743148803710938,925.63,64981,8.383899688720703,13,850756,2076,2284.6684586100005,850655,0.00035,,
-13.608747482299805,934.1,65259,5.456500053405762,13,854756,2080,2300.9521183,854655,0.00035,,
-16.765295028686523,924.62,65458,4.894066333770752,13,857808,2084,2282.31779047,857707,0.00035,,
-15.786714553833008,924.62,65723,6.670536041259766,13,861808,2088,2281.56370979,861707,0.00035,,
-15.205049514770508,924.62,65986,5.957090377807617,13,865808,2092,2274.35712383,865707,0.00035,,
-15.844060897827148,924.12,66251,4.599499702453613,13,869808,2096,2270.9246259400006,869707,0.00035,,
-15.64401626586914,924.12,66509,4.045937538146973,13,873808,2100,2269.0754212899997,873707,0.00035,,
-16.063793182373047,924.12,66797,3.068359851837158,13,877808,2104,2296.50488668,877707,0.00035,,
-16.712995529174805,933.92,67090,3.6279056072235107,13,881808,2108,2337.86590433,881707,0.00035,,
-16.584823608398438,943.52,67386,3.6807472705841064,13,885808,2112,2373.78714129,885707,0.00035,,
-16.71253204345703,943.48,67609,5.4889068603515625,13,888816,2116,2395.2932901699996,888715,0.00035,,
-16.65980339050293,943.48,67909,4.370308876037598,13,892816,2120,2416.34269933,892715,0.00035,,
-17.009967803955078,938.16,68207,4.245502471923828,13,896816,2124,2419.16630971,896715,0.00035,,
-17.26980972290039,936.38,68419,4.3806681632995605,13,899652,2128,2422.6118640400005,899551,0.00035,,
-17.618459701538086,,,5.634011268615723,,900000,,,899899,0.00035,635.6,1707.1210514000002
-18.635597229003906,922.09,68830,3.916250228881836,13,902223,2132,2394.6472245799996,902122,0.00035,,
-17.984813690185547,912.44,68982,4.406429290771484,13,904275,2136,2373.1062389500007,904174,0.00035,,
-18.397541046142578,910.77,69264,4.737858295440674,13,908108,2140,2373.6079302400003,908007,0.00035,,
-17.532636642456055,910.35,69552,4.118769645690918,13,912066,2144,2367.28021358,911965,0.00035,,
-18.162399291992188,913.69,69850,7.577625751495361,13,916066,2148,2386.44124956,915965,0.00035,,
-18.252954483032227,913.69,70151,3.5921082496643066,13,920066,2152,2396.6597467499996,919965,0.00035,,
-18.541976928710938,923.11,70444,7.737081527709961,13,924036,2156,2432.3911481699997,923935,0.00035,,
-18.037303924560547,923.11,70741,4.392233848571777,13,928036,2160,2445.33528529,927935,0.00035,,
-17.603315353393555,923.11,71042,4.757608413696289,13,932036,2164,2438.71303592,931935,0.00035,,
-18.540313720703125,913.34,71268,6.054115295410156,13,935059,2168,2423.3658372600003,934958,0.00035,,
-19.497116088867188,910.18,71472,5.044494152069092,13,937774,2172,2417.02154002,937673,0.00035,,
-18.36284637451172,910.18,71750,3.488968849182129,13,941774,2176,2422.14842181,941673,0.00035,,
-17.511037826538086,910.18,72032,4.13159704208374,13,945774,2180,2432.5480225200004,945673,0.00035,,
-19.553682327270508,919.66,72313,6.05082893371582,13,949774,2184,2468.7042978499994,949673,0.00035,,
-18.661231994628906,919.66,72601,5.030786514282227,13,953774,2188,2482.46183783,953673,0.00035,,
-19.614227294921875,900.01,72750,4.556570053100586,13,955809,2192,2434.94222313,955708,0.00035,,
-19.22449493408203,900.01,73040,5.607658386230469,13,959809,2196,2449.3122742699998,959708,0.00035,,
-17.885028839111328,900.01,73299,6.515300750732422,13,963809,2200,2433.162702,963708,0.00035,,
-17.936477661132812,900.01,73537,5.77471923828125,13,967809,2204,2397.86238479,967708,0.00035,,
-18.707305908203125,900.01,73799,5.860518932342529,13,971809,2208,2388.9769437500004,971708,0.00035,,
-19.018117904663086,900.01,74041,6.866276741027832,13,975809,2212,2365.4422762000004,975708,0.00035,,
-17.659040451049805,900.14,74238,13.244869232177734,13,978830,2216,2352.82094251,978729,0.00035,,
-18.134275436401367,900.14,74507,4.950371265411377,13,982830,2220,2349.23525686,982729,0.00035,,
-18.793811798095703,890.27,74727,6.361705780029297,13,985843,2224,2330.6797635000003,985742,0.00035,,
-18.19243621826172,901.91,75014,4.917008876800537,13,989843,2228,2359.6131595399997,989742,0.00035,,
-18.166732788085938,910.25,75267,3.5253448486328125,13,993248,2232,2381.22625339,993147,0.00035,,
-18.64549446105957,929.73,75564,3.258789300918579,13,997248,2236,2438.2362817499998,997147,0.00035,,
-18.461822509765625,915.49,75740,3.555945634841919,13,999657,2240,2401.17529794,999556,0.00035,,
-18.945499420166016,,,4.268437385559082,,1000000,,,999899,0.00035,927.0,2418.5376361999997
-18.127626419067383,909.48,76322,6.093134880065918,13,1003014,2244,2382.60392439,1002913,0.00035,,
-17.929119110107422,909.48,76613,3.32155179977417,13,1007014,2248,2380.3225416600003,1006913,0.00035,,
-17.45298194885254,901.97,76850,3.6205310821533203,13,1010263,2252,2341.92593735,1010162,0.00035,,
-17.97626495361328,902.27,77139,4.846243381500244,13,1014263,2256,2321.8693446600005,1014162,0.00035,,
-18.91669273376465,893.35,77371,3.0848777294158936,13,1017371,2260,2279.84521391,1017270,0.00035,,
-18.36886978149414,893.35,77628,5.247112274169922,13,1021371,2264,2277.17163356,1021270,0.00035,,
-16.324432373046875,894.22,77827,4.470949172973633,13,1024481,2268,2269.70509872,1024380,0.00035,,
-18.706497192382812,898.15,78023,4.57988977432251,13,1027589,2272,2271.7920466499995,1027488,0.00035,,
-16.202388763427734,891.4,78230,4.7336859703063965,13,1030914,2276,2246.0693667600003,1030813,0.00035,,
-15.349376678466797,882.49,78427,4.30108642578125,13,1034023,2280,2209.50089819,1033922,0.00035,,
-17.17776870727539,873.97,78627,4.120788097381592,13,1037171,2284,2178.080654,1037070,0.00035,,
-17.833709716796875,873.97,78875,4.685838222503662,13,1041171,2288,2157.5767216299996,1041070,0.00035,,
-16.950237274169922,893.62,79105,5.966509819030762,13,1045171,2292,2185.89712349,1045070,0.00035,,
-17.00372314453125,893.62,79312,3.378201961517334,13,1049171,2296,2164.1057366600003,1049070,0.00035,,
-16.1273136138916,883.82,79464,6.812846660614014,13,1052191,2300,2139.4968311799994,1052090,0.00035,,
-15.491615295410156,883.82,79669,3.0902302265167236,13,1056191,2304,2151.09905322,1056090,0.00035,,
-15.149497032165527,883.82,79878,4.214155197143555,13,1060191,2308,2137.8466099800003,1060090,0.00035,,
-16.573217391967773,883.82,80091,8.928790092468262,13,1064191,2312,2142.8886759800002,1064090,0.00035,,
-15.57999038696289,893.61,80310,3.984405040740967,13,1068191,2316,2154.64600062,1068090,0.00035,,
-16.3857364654541,893.61,80547,6.861396789550781,13,1072191,2320,2143.9850724999997,1072090,0.00035,,
-15.784387588500977,903.48,80782,4.414739608764648,13,1076191,2324,2156.5704884499996,1076090,0.00035,,
-16.246843338012695,903.48,81029,6.108388900756836,13,1080191,2328,2159.2808717599996,1080090,0.00035,,
-16.629186630249023,909.43,81265,4.594815731048584,13,1084191,2332,2164.96237338,1084090,0.00035,,
-17.075565338134766,909.43,81499,6.258869647979736,13,1088191,2336,2146.1201329299997,1088090,0.00035,,
-15.78597354888916,925.34,81742,5.182060241699219,13,1092191,2340,2184.56656867,1092090,0.00035,,
-15.699715614318848,921.88,81919,6.063338279724121,13,1095202,2344,2174.2337674699997,1095101,0.00035,,
-15.330940246582031,917.44,82131,3.1387076377868652,13,1098758,2348,2153.59559864,1098657,0.00035,,
-16.068675994873047,,,3.963752031326294,,1100000,,,1099899,0.00035,624.0,1374.9178847999997
-15.659177780151367,918.47,82514,3.3102385997772217,13,1102110,2352,2155.99684471,1102009,0.00035,,
-15.282567977905273,908.6,82694,6.463923454284668,13,1105123,2356,2144.90205845,1105022,0.00035,,
-15.501171112060547,917.52,82938,4.614835262298584,13,1109123,2360,2169.68866461,1109022,0.00035,,
-15.920190811157227,915.63,83174,12.51244831085205,13,1112934,2364,2147.81475898,1112833,0.00035,,
-15.336448669433594,924.53,83421,5.545361518859863,13,1116934,2368,2162.58562741,1116833,0.00035,,
-14.604244232177734,933.45,83674,4.013679027557373,13,1120934,2372,2187.5194631000004,1120833,0.00035,,
-15.132362365722656,927.67,83846,6.941510200500488,13,1123681,2376,2168.7146262200004,1123580,0.00035,,
-15.912134170532227,926.77,84028,5.055786609649658,13,1126700,2380,2171.83956282,1126599,0.00035,,
-16.061418533325195,926.52,84228,3.220405101776123,13,1129823,2384,2171.97574101,1129722,0.00035,,
-17.368144989013672,926.52,84439,3.052210807800293,13,1133823,2388,2177.29487207,1133722,0.00035,,
-15.832500457763672,926.52,84645,9.14671516418457,13,1137823,2392,2171.44115953,1137722,0.00035,,
-14.994014739990234,926.52,84866,14.90585708618164,13,1141823,2396,2181.7751304599997,1141722,0.00035,,
-15.017107963562012,936.32,85064,3.5331177711486816,13,1145823,2400,2190.9983327000004,1145722,0.00035,,
-15.329070091247559,936.32,85274,5.97681999206543,13,1149823,2404,2187.33514673,1149722,0.00035,,
-15.236385345458984,936.32,85489,3.4143471717834473,13,1153823,2408,2187.63016767,1153722,0.00035,,
-15.506782531738281,936.32,85710,5.051700592041016,13,1157823,2412,2165.7553992699995,1157722,0.00035,,
-16.959796905517578,936.32,85909,4.473690509796143,13,1161823,2416,2168.8267505,1161722,0.00035,,
-14.640731811523438,936.32,86103,3.4593379497528076,13,1165823,2420,2150.00336662,1165722,0.00035,,
-16.1404972076416,936.32,86299,3.2370221614837646,13,1169823,2424,2138.1189912399996,1169722,0.00035,,
-15.287454605102539,936.32,86497,3.051288366317749,13,1173823,2428,2126.74120865,1173722,0.00035,,
-15.125232696533203,927.58,86646,4.798735618591309,13,1176949,2432,2089.12948733,1176848,0.00035,,
-16.081016540527344,927.58,86859,4.413895606994629,13,1180949,2436,2087.32817139,1180848,0.00035,,
-15.558343887329102,913.89,87007,3.64918851852417,13,1183580,2440,2051.73912242,1183479,0.00035,,
-13.55772590637207,918.25,87200,5.5323286056518555,13,1187027,2444,2038.0418892399998,1186926,0.00035,,
-15.160226821899414,922.69,87421,6.038203239440918,13,1191027,2448,2049.83506477,1190926,0.00035,,
-13.351765632629395,929.17,87644,8.920677185058594,13,1195027,2452,2063.9872353000005,1194926,0.00035,,
-12.685556411743164,939.04,87864,5.686092376708984,13,1199027,2456,2082.30105675,1198926,0.00035,,
-12.810831069946289,,,8.143890380859375,,1200000,,,1199899,0.00035,632.2,1355.2284228
-13.886327743530273,946.9,88309,4.747360706329346,13,1203813,2460,2085.49515288,1203712,0.00035,,
-13.578158378601074,938.9,88472,2.835667371749878,13,1206824,2464,2079.37102435,1206723,0.00035,,
-14.003573417663574,929.0,88639,4.180956840515137,13,1209834,2468,2061.3296247000003,1209733,0.00035,,
-14.53482437133789,926.36,88846,3.020012140274048,13,1213570,2472,2058.3955849500003,1213469,0.00035,,
-13.834573745727539,922.35,88979,4.998050689697266,13,1215916,2476,2042.7069925400003,1215815,0.00035,,
-14.305357933044434,915.72,89108,5.0006256103515625,13,1218272,2480,2020.0403043500003,1218171,0.00035,,
-14.773730278015137,924.49,89303,4.4260993003845215,13,1222272,2484,2031.1772756700002,1222171,0.00035,,
-14.560880661010742,924.49,89507,7.956162929534912,13,1226272,2488,2032.9633006399997,1226171,0.00035,,
-13.742225646972656,919.11,89679,3.3471598625183105,13,1229734,2492,2033.0415058400001,1229633,0.00035,,
-13.658084869384766,912.86,89849,3.6986441612243652,13,1233109,2496,2010.97894834,1233008,0.00035,,
-14.42893123626709,912.86,90046,3.817971706390381,13,1237109,2500,2005.0490416200003,1237008,0.00035,,
-14.514875411987305,912.86,90250,5.675161361694336,13,1241109,2504,2011.50272169,1241008,0.00035,,
-13.636337280273438,912.86,90477,5.265460014343262,13,1245109,2508,2023.3934295,1245008,0.00035,,
-13.996549606323242,912.86,90696,6.878565788269043,13,1249109,2512,2054.71507226,1249008,0.00035,,
-14.0140962600708,903.94,90869,5.420093536376953,13,1252217,2516,2041.58257555,1252116,0.00035,,
-14.436871528625488,892.02,91028,5.081613063812256,13,1255025,2520,2031.45713849,1254924,0.00035,,
-14.494569778442383,892.02,91252,4.911590576171875,13,1259025,2524,2041.7669623699999,1258924,0.00035,,
-14.680362701416016,862.58,91317,9.837985038757324,13,1260081,2528,1970.46262491,1259980,0.00035,,
-14.176342010498047,871.32,91513,7.827453136444092,13,1264081,2532,1996.0582698100002,1263980,0.00035,,
-14.255977630615234,871.32,91718,6.07619571685791,13,1268081,2536,2006.36904603,1267980,0.00035,,
-14.565658569335938,885.01,91910,5.809103488922119,13,1272081,2540,2025.95449712,1271980,0.00035,,
-15.228477478027344,890.54,92106,5.152738571166992,13,1276081,2544,2032.6802974100003,1275980,0.00035,,
-13.185737609863281,890.54,92295,4.346187114715576,13,1280081,2548,2001.68979685,1279980,0.00035,,
-11.817599296569824,890.54,92485,5.947234153747559,13,1284081,2552,1978.7045591100002,1283980,0.00035,,
-14.151256561279297,885.23,92654,5.07545280456543,13,1287550,2556,1925.8776005500006,1287449,0.00035,,
-13.355600357055664,847.81,92707,4.500800132751465,13,1288594,2560,1843.8731595800002,1288493,0.00035,,
-12.152134895324707,818.33,92712,9.820747375488281,13,1288657,2564,1775.3465514000002,1288556,0.00035,,
-12.55184555053711,788.94,92718,4.86345100402832,13,1288728,2568,1702.88106103,1288627,0.00035,,
-13.286731719970703,755.62,92741,3.9307005405426025,13,1289132,2572,1610.1441739499999,1289031,0.00035,,
-12.451318740844727,755.86,92850,4.496603965759277,13,1291502,2576,1594.5279095999995,1291401,0.00035,,
-12.812273025512695,763.44,93023,5.991189956665039,13,1294616,2580,1600.99321815,1294515,0.00035,,
-12.086036682128906,747.17,93161,3.402371883392334,13,1296989,2584,1556.48495585,1296888,0.00035,,
-12.64461612701416,721.83,93245,4.476707935333252,13,1298455,2588,1477.30304651,1298354,0.00035,,
-12.264276504516602,,,6.559584140777588,,1300000,,,1299899,0.00035,932.0,2179.966201
-12.684085845947266,712.88,93646,4.1744465827941895,13,1301022,2592,1456.03236061,1300921,0.00035,,
-13.061555862426758,719.13,93867,4.722668647766113,13,1305022,2596,1460.5462348699998,1304921,0.00035,,
-13.451799392700195,719.13,94088,4.565723419189453,13,1309022,2600,1482.4134895099999,1308921,0.00035,,
-13.222423553466797,719.13,94308,3.8422422409057617,13,1313022,2604,1480.2448992399995,1312921,0.00035,,
-13.138725280761719,699.36,94425,4.502073764801025,13,1315045,2608,1423.8276465,1314944,0.00035,,
-14.104559898376465,699.36,94651,4.203098297119141,13,1319045,2612,1410.84888929,1318944,0.00035,,
-13.424606323242188,698.39,94821,3.052510976791382,13,1322056,2616,1407.27452743,1321955,0.00035,,
-12.809181213378906,701.4,94996,8.176820755004883,13,1325165,2620,1399.61415083,1325064,0.00035,,
-13.571670532226562,701.4,95230,4.387814998626709,13,1329165,2624,1383.7596147699996,1329064,0.00035,,
-13.03599739074707,730.84,95456,3.405876636505127,13,1333165,2628,1449.4184655500003,1333064,0.00035,,
-12.297592163085938,730.84,95684,4.009768486022949,13,1337165,2632,1447.5671405200003,1337064,0.00035,,
-13.694995880126953,724.5,95875,5.308207988739014,13,1340531,2636,1413.4854134700001,1340430,0.00035,,
-13.202856063842773,724.5,96095,9.788246154785156,13,1344531,2640,1417.0767875600002,1344430,0.00035,,
-12.685483932495117,724.5,96318,5.849564552307129,14,1348531,2644,1429.62946505,1348430,0.00035,,
-13.651674270629883,724.5,96552,4.036162376403809,14,1352531,2648,1452.0415137999998,1352430,0.00035,,
-12.859682083129883,716.83,96738,2.7923836708068848,14,1355764,2652,1453.7390658499999,1355663,0.00035,,
-13.056588172912598,715.41,96924,4.372556209564209,14,1359091,2656,1486.4425982499995,1358990,0.00035,,
-13.343352317810059,744.97,97143,3.8249354362487793,14,1363091,2660,1563.8826084099999,1362990,0.00035,,
-13.160475730895996,784.34,97371,5.683701515197754,14,1367091,2664,1661.3261144700002,1366990,0.00035,,
