rollout/ep_rew_mean,train/n_updates,rollout/ep_len_mean,time/fps,train/learning_rate,train/actor_loss,train/critic_loss,time/episodes,time/time_elapsed,time/total_timesteps,eval/mean_reward,eval/mean_ep_length
-302.17609924999994,59,40.0,8,0.00035,8.58184814453125,24.61676788330078,4,18,160,,
-186.311390375,127,28.5,8,0.00035,5.32454776763916,21.438812255859375,8,25,228,,
-143.19712791666666,191,24.333333333333332,9,0.00035,5.581033706665039,23.792015075683594,12,32,292,,
-122.07517462499999,245,21.625,9,0.00035,5.735167503356934,23.309913635253906,16,37,346,,
-109.87777789999998,304,20.25,9,0.00035,6.870453357696533,24.317855834960938,20,43,405,,
-100.30331658333334,356,19.041666666666668,9,0.00035,6.471859931945801,25.750185012817383,24,49,457,,
-92.90645203571428,421,18.642857142857142,8,0.00035,7.596817493438721,23.99620819091797,28,60,522,,
-87.12825674999999,504,18.90625,8,0.00035,8.307356834411621,24.16067123413086,32,68,605,,
-83.22918080555554,571,18.666666666666668,9,0.00035,7.435948371887207,22.011220932006836,36,74,672,,
-81.12716989999998,632,18.325,9,0.00035,8.473363876342773,24.313913345336914,40,80,733,,
-79.34068049999999,689,17.954545454545453,9,0.00035,9.29959774017334,27.765134811401367,44,86,790,,
-78.03123095833332,745,17.625,9,0.00035,8.76614761352539,25.31450653076172,48,92,846,,
-77.72268478846154,818,17.673076923076923,8,0.00035,8.578466415405273,28.329504013061523,52,103,919,,
-77.01341369642857,869,17.321428571428573,8,0.00035,7.563399314880371,22.20894432067871,56,109,970,,
-75.94315543333332,928,17.15,8,0.00035,8.510610580444336,24.376195907592773,60,115,1029,,
-74.10222839062499,981,16.90625,8,0.00035,9.754353523254395,29.562015533447266,64,121,1082,,
-73.14543086764704,1046,16.86764705882353,9,0.00035,7.624179840087891,24.145259857177734,68,127,1147,,
-72.68649787500001,1109,16.805555555555557,9,0.00035,9.4871826171875,26.905040740966797,72,133,1210,,
-72.78783713157897,1187,16.94736842105263,7,0.00035,10.741403579711914,26.168912887573242,76,175,1288,,
-72.2197265625,1263,17.05,7,0.00035,9.459075927734375,23.51522445678711,80,183,1364,,
-71.90880913095238,1313,16.833333333333332,7,0.00035,12.208084106445312,25.038841247558594,84,189,1414,,
-73.80510464772728,1404,17.102272727272727,7,0.00035,10.181102752685547,28.228090286254883,88,198,1505,,
-81.07106260869566,1570,18.16304347826087,7,0.00035,12.630315780639648,19.78797149658203,92,212,1671,,
-79.75683960416667,1663,18.375,7,0.00035,12.02578353881836,24.989744186401367,96,221,1764,,
-79.46697703000001,1738,18.39,7,0.00035,14.03149700164795,22.03816795349121,100,235,1839,,
-69.44183124999999,1816,17.57,7,0.00035,12.062606811523438,27.937007904052734,104,242,1917,,
-68.81292096000001,1904,17.77,7,0.00035,13.21693229675293,23.85919189453125,108,250,2005,,
-69.17060715,1974,17.83,8,0.00035,11.113809585571289,30.64037322998047,112,257,2075,,
-68.93572672999998,2069,18.24,8,0.00035,10.671964645385742,32.72309112548828,116,265,2170,,
-78.10017285999999,2284,19.8,8,0.00035,11.598005294799805,22.104896545410156,120,281,2385,,
-79.45070120999999,2352,19.96,8,0.00035,11.64959716796875,28.532554626464844,124,288,2453,,
-79.41841611,2458,20.37,8,0.00035,10.372249603271484,22.47150421142578,128,302,2559,,
-80.77576948999999,2528,20.24,8,0.00035,10.060020446777344,25.643421173095703,132,309,2629,,
-81.67112011999998,2605,20.34,8,0.00035,11.64232063293457,29.355192184448242,136,316,2706,,
-91.08133613,2902,22.7,8,0.00035,12.00275993347168,24.11615562438965,140,337,3003,,
-90.95439835000003,3058,23.69,9,0.00035,10.177976608276367,22.80997085571289,144,350,3159,,
-93.92822148,3172,24.27,9,0.00035,10.477071762084961,28.78934669494629,148,360,3273,,
-95.66065925999999,3281,24.63,8,0.00035,11.717370986938477,33.36848449707031,152,376,3382,,
-95.75379041000002,3358,24.89,8,0.00035,11.44936752319336,27.3887996673584,156,384,3459,,
-95.89728806000001,3418,24.9,8,0.00035,9.019460678100586,25.78626251220703,160,391,3519,,
-97.43471222,3513,25.32,9,0.00035,9.41160774230957,23.37284278869629,164,399,3614,,
-97.68951755,3591,25.45,9,0.00035,10.045970916748047,31.6944580078125,168,408,3692,,
-97.93497116,3672,25.63,9,0.00035,7.207303047180176,27.799209594726562,172,416,3773,,
-98.3658781,3806,26.19,9,0.00035,9.057323455810547,31.213712692260742,176,432,3907,,
-96.94546369,3936,26.73,9,0.00035,7.711215019226074,21.344158172607422,180,443,4037,,
-97.06885393,3997,26.84,9,0.00035,6.146049499511719,20.57659912109375,184,449,4098,,
-95.89082365,4110,27.06,9,0.00035,7.332137584686279,21.336336135864258,188,458,4211,,
-88.22706652999999,4291,27.21,9,0.00035,5.800274848937988,29.757160186767578,192,472,4392,,
-90.08507698999998,4469,28.06,9,0.00035,6.530409812927246,24.5086669921875,196,487,4570,,
-88.94808017000001,4694,29.56,9,0.00035,4.773509979248047,25.756614685058594,200,509,4795,,
-89.84766945000001,4867,30.51,9,0.00035,5.009209632873535,23.446372985839844,204,524,4968,,
-92.34509162999998,4989,30.85,9,0.00035,6.932620525360107,30.66372299194336,208,534,5090,,
-101.97573753,5180,32.06,9,0.00035,4.651248931884766,25.421573638916016,212,550,5281,,
-103.1552693,5267,31.98,9,0.00035,3.877652645111084,35.84064483642578,216,558,5368,,
-97.73252723,5376,30.92,9,0.00035,6.2165045738220215,23.127273559570312,220,568,5477,,
-98.11589231000002,5525,31.73,9,0.00035,5.956087112426758,24.661884307861328,224,580,5626,,
-95.42043726999998,5874,34.16,9,0.00035,3.847604513168335,20.59170913696289,228,614,5975,,
-94.45073507000001,6049,35.21,9,0.00035,3.825322151184082,22.567520141601562,232,628,6150,,
-94.41103457,6204,35.99,9,0.00035,2.9308700561523438,20.764812469482422,236,641,6305,,
-83.75179509,6408,35.06,9,0.00035,3.509542465209961,28.95802116394043,240,658,6509,,
-84.27671975000001,6552,34.94,9,0.00035,2.6253409385681152,27.05760383605957,244,669,6653,,
-80.07476727000001,6808,36.36,10,0.00035,2.4178643226623535,23.567106246948242,248,689,6909,,
-76.15834173,7056,37.75,10,0.00035,1.308973789215088,22.81696891784668,252,714,7157,,
-86.25599731999999,7465,41.07,10,0.00035,0.009655922651290894,29.553071975708008,256,749,7566,,
-84.66320506,7646,42.28,10,0.00035,-1.3200302124023438,27.708782196044922,260,763,7747,,
-84.10907835,7846,43.33,10,0.00035,-0.7874921560287476,21.9539737701416,264,779,7947,,
-83.77411489999999,7920,43.29,10,0.00035,0.4098975658416748,21.15569496154785,268,787,8021,,
-85.80879686000002,8404,47.32,10,0.00035,-3.5408005714416504,22.361038208007812,272,831,8505,,
-85.34361068999999,8566,47.6,10,0.00035,-1.630827784538269,20.06881332397461,276,849,8667,,
-110.57126525,9022,50.86,10,0.00035,-1.3886001110076904,26.177833557128906,280,880,9123,,
-125.83081285999998,9235,52.38,10,0.00035,-2.1840012073516846,23.796306610107422,284,897,9336,,
-123.89622409999998,9705,55.95,10,0.00035,-1.462647557258606,28.121551513671875,288,935,9806,,
-128.34014758,9906,56.15,10,0.00035,-1.865511178970337,21.751018524169922,292,951,10007,,
-129.12371123,10326,58.57,10,0.00035,-2.323875904083252,23.757823944091797,296,987,10427,,
-131.75160301000003,10732,60.38,10,0.00035,-5.260948181152344,23.309917449951172,300,1026,10833,,
-133.00615555000002,11165,62.98,10,0.00035,-4.160342216491699,35.85724639892578,304,1057,11266,,
-147.49352925999995,11788,67.99,10,0.00035,-2.8979392051696777,27.210254669189453,308,1102,11889,,
-136.10256643999998,11974,67.94,10,0.00035,-6.128744602203369,27.124248504638672,312,1118,12075,,
-133.19940315,12193,69.26,10,0.00035,-4.973486423492432,22.868114471435547,316,1135,12294,,
-129.5232481,13799,84.23,11,0.00035,-6.154757022857666,14.957202911376953,320,1243,13900,,
-126.78192462999999,14398,88.73,11,0.00035,-6.651619911193848,14.502720832824707,324,1286,14499,,
-122.04785916999998,15160,92.86,11,0.00035,-6.670746803283691,19.43435287475586,328,1344,15261,,
-122.81655752,15311,92.62,11,0.00035,-8.054492950439453,20.98691177368164,332,1358,15412,,
-120.59679996999998,15597,93.93,11,0.00035,-7.648012161254883,14.844749450683594,336,1380,15698,,
-123.70056915,15701,92.93,11,0.00035,-7.248199462890625,16.6321964263916,340,1390,15802,,
-122.46368231000001,15854,93.02,11,0.00035,-7.666752815246582,16.007587432861328,344,1401,15955,,
-121.31060512,16168,93.6,11,0.00035,-8.212571144104004,14.979042053222656,348,1426,16269,,
-131.01029896,16609,95.53,11,0.00035,-5.892116546630859,16.78475570678711,352,1465,16710,,
-116.98398241999999,17056,95.91,11,0.00035,-6.335497856140137,17.35832977294922,356,1497,17157,,
-118.70745605999998,17373,97.27,11,0.00035,-7.17987060546875,17.113109588623047,360,1524,17474,,
-117.19525302000002,17745,98.99,11,0.00035,-7.807208061218262,18.732730865478516,364,1551,17846,,
-115.15834116999999,18069,101.49,11,0.00035,-8.454307556152344,18.937644958496094,368,1574,18170,,
-110.67847328999999,18395,99.91,11,0.00035,-8.146709442138672,17.88092041015625,372,1598,18496,,
-103.82422005999997,18833,102.67,11,0.00035,-8.143659591674805,23.84733009338379,376,1635,18934,,
-78.30183503,19318,102.96,11,0.00035,-8.574256896972656,24.73062515258789,380,1670,19419,,
-59.01595504000001,19675,104.4,11,0.00035,-9.784666061401367,19.29861068725586,384,1696,19776,,
-59.37126362,19958,102.53,11,0.00035,-10.183136940002441,21.78528594970703,388,1718,20059,,
-50.914236929999994,20271,103.65,11,0.00035,-8.499279022216797,20.93928337097168,392,1740,20372,,
-45.34457057,20673,103.47,11,0.00035,-8.558138847351074,15.276878356933594,396,1768,20774,,
-36.122637440000005,21248,105.16,11,0.00035,-9.039021492004395,19.291074752807617,400,1817,21349,,
-44.313451300000004,21683,105.18,11,0.00035,-10.802347183227539,22.322219848632812,404,1846,21784,,
-27.109270250000005,21802,100.14,11,0.00035,-10.086307525634766,17.282821655273438,408,1856,21903,,
-29.39186643,22016,100.42,11,0.00035,-9.87802505493164,17.846088409423828,412,1871,22117,,
-29.799713469999997,22223,100.3,11,0.00035,-8.879403114318848,15.685417175292969,416,1889,22324,,
-25.48134657,22591,87.92,11,0.00035,-11.362796783447266,18.77163314819336,420,1916,22692,,
-25.90743339999999,22928,85.3,11,0.00035,-9.377023696899414,14.543188095092773,424,1940,23029,,
-35.65655877,23291,81.31,11,0.00035,-10.150763511657715,20.559715270996094,428,1971,23392,,
-34.51504252000001,23543,82.32,11,0.00035,-9.542773246765137,14.462249755859375,432,1991,23644,,
-32.69726354,23861,82.64,11,0.00035,-8.991390228271484,26.05591583251953,436,2016,23962,,
-25.84878436,24322,86.21,11,0.00035,-8.360299110412598,26.375490188598633,440,2049,24423,,
-23.573042440000005,24885,90.31,11,0.00035,-9.25328254699707,22.77654266357422,444,2091,24986,,
-23.891864890000008,25128,89.6,11,0.00035,-9.134429931640625,20.51693344116211,448,2110,25229,,
-13.080540790000002,25536,89.27,11,0.00035,-10.364999771118164,21.719459533691406,452,2145,25637,,
-22.51533152,26086,90.3,12,0.00035,-10.427404403686523,14.96157169342041,456,2182,26187,,
-18.56647964,26677,93.04,12,0.00035,-10.559639930725098,19.43517303466797,460,2224,26778,,
-21.951052450000002,26903,91.58,12,0.00035,-10.22041130065918,21.052738189697266,464,2241,27004,,
-58.185550400000004,28065,99.96,12,0.00035,-9.728952407836914,21.10000991821289,468,2327,28166,,
-61.39722591,28213,98.18,12,0.00035,-10.857807159423828,23.025917053222656,472,2338,28314,,
-91.69056156999999,30588,117.55,12,0.00035,-9.267744064331055,19.128528594970703,476,2521,30689,,
-113.25310048,32478,131.6,12,0.00035,-9.764216423034668,21.565845489501953,480,2659,32579,,
-113.87595519,33716,140.41,12,0.00035,-8.249762535095215,19.18505096435547,484,2749,33817,,
-110.39887908000003,34696,147.38,12,0.00035,-7.526004791259766,19.389385223388672,488,2817,34797,,
-115.72456637,34862,145.91,12,0.00035,-9.18125057220459,14.555681228637695,492,2832,34963,,
-111.02717754999999,35519,148.46,12,0.00035,-10.074124336242676,12.60629653930664,496,2879,35620,,
-113.12303135,36187,149.39,12,0.00035,-9.613502502441406,16.41646957397461,500,2931,36288,,
-119.14194165,37284,156.01,12,0.00035,-7.763269424438477,17.949033737182617,504,3007,37385,,
-114.23749903000002,37967,161.65,12,0.00035,-9.992073059082031,12.2540922164917,508,3059,38068,,
-113.02807151000003,38477,164.61,12,0.00035,-8.918668746948242,13.000408172607422,512,3097,38578,,
-109.09826773,38952,167.29,12,0.00035,-10.816299438476562,8.350088119506836,516,3130,39053,,
-108.98595322,39484,168.93,12,0.00035,-11.363898277282715,20.17557144165039,520,3169,39585,,
-104.71878019999998,39983,170.55,12,0.00035,-10.506546020507812,10.929105758666992,524,3203,40084,,
-97.87874493999999,40483,171.92,12,0.00035,-9.545759201049805,14.468022346496582,528,3245,40584,,
-91.98324662999998,41312,177.69,12,0.00035,-10.742877006530762,9.974084854125977,532,3304,41413,,
-86.85246812000001,42012,181.51,12,0.00035,-10.849990844726562,16.94709587097168,536,3353,42113,,
-88.77661140000001,42715,183.93,12,0.00035,-11.245171546936035,14.340457916259766,540,3404,42816,,
-83.56297149,43906,190.21,12,0.00035,-11.17483901977539,13.50004768371582,544,3490,44007,,
-86.16252612,44505,193.77,12,0.00035,-11.452751159667969,11.692228317260742,548,3534,44606,,
-83.43804252000001,45319,197.83,12,0.00035,-9.832551956176758,14.226046562194824,552,3596,45420,,
-69.46267081,46357,202.71,12,0.00035,-10.480653762817383,23.145458221435547,556,3669,46458,,
-64.29832152,47370,206.93,12,0.00035,-11.117385864257812,12.77685832977295,560,3741,47471,,
-54.35278763999999,49020,221.17,12,0.00035,-13.52126407623291,13.000862121582031,564,3858,49121,,
-11.715764999999994,50461,223.96,12,0.00035,-11.637614250183105,17.90822410583496,568,3963,50562,,
-6.848654710000001,50796,225.83,12,0.00035,-11.39568042755127,13.113136291503906,572,3987,50897,,
36.43564393,52216,216.28,12,0.00035,-11.477672576904297,7.824237823486328,576,4094,52317,,
77.69264552,53838,213.6,12,0.00035,-11.914100646972656,9.114694595336914,580,4209,53939,,
91.85231522,54917,212.01,12,0.00035,-12.953472137451172,12.948884963989258,584,4288,55018,,
90.81503042,55338,206.42,12,0.00035,-12.519603729248047,11.16263198852539,588,4316,55439,,
80.19207753999999,57057,221.95,12,0.00035,-13.474433898925781,12.980844497680664,592,4448,57158,,
74.32312596999999,57213,216.94,12,0.00035,-13.00098705291748,18.94811248779297,596,4461,57314,,
79.23405602,58841,226.54,12,0.00035,-11.79002857208252,17.559268951416016,600,4590,58942,,
106.41228110999998,60066,227.82,12,0.00035,-13.11246109008789,15.051817893981934,604,4684,60167,,
114.24208154000002,61327,233.6,12,0.00035,-12.237112045288086,11.489852905273438,608,4779,61428,,
128.91278143,62365,238.88,12,0.00035,-12.674476623535156,15.768550872802734,612,4854,62466,,
134.57585591,63462,245.1,12,0.00035,-13.819915771484375,21.500335693359375,616,4929,63563,,
140.08527400999998,64151,246.67,12,0.00035,-14.303035736083984,19.470657348632812,620,4983,64252,,
148.16332920000002,65044,250.61,12,0.00035,-13.375587463378906,14.898757934570312,624,5047,65145,,
148.86402587999999,65745,252.62,12,0.00035,-10.878738403320312,8.976700782775879,628,5104,65846,,
152.48952401000003,66332,250.2,12,0.00035,-14.082164764404297,14.409626960754395,632,5143,66433,,
160.48707380999997,67469,254.57,12,0.00035,-13.213420867919922,14.692036628723145,636,5225,67570,,
164.29222571000003,68096,253.81,12,0.00035,-13.995368003845215,7.450923919677734,640,5273,68197,,
170.49661124,69091,251.85,12,0.00035,-13.660345077514648,14.585397720336914,644,5348,69192,,
190.68885173,70644,261.39,12,0.00035,-15.154156684875488,13.775813102722168,648,5462,70745,,
202.16705334999997,71741,264.22,12,0.00035,-14.963216781616211,17.56268310546875,652,5543,71842,,
203.75308382999995,72573,262.16,12,0.00035,-15.725016593933105,13.758959770202637,656,5607,72674,,
202.32386049000002,73956,265.86,12,0.00035,-15.649595260620117,7.3287553787231445,660,5703,74057,,
210.31709930999997,75118,260.98,12,0.00035,-15.193066596984863,11.447288513183594,664,5792,75219,,
213.10828916999998,75761,253.0,12,0.00035,-15.201051712036133,20.64126205444336,668,5836,75862,,
219.25474873,76478,256.82,12,0.00035,-14.8924560546875,13.460083961486816,672,5891,76579,,
211.36307499000003,77630,254.14,12,0.00035,-12.884471893310547,14.775275230407715,676,5980,77731,,
195.47981725000002,78141,243.03,12,0.00035,-15.541194915771484,10.247570037841797,680,6018,78242,,
187.28876058999998,78724,238.07,13,0.00035,-16.09920310974121,10.132797241210938,684,6060,78825,,
217.44126997,80359,250.21,13,0.00035,-15.217406272888184,11.786505699157715,688,6178,80460,,
246.52466868000002,81509,244.52,13,0.00035,-14.976093292236328,9.503191947937012,692,6261,81610,,
256.33283128999994,82434,252.21,13,0.00035,-14.501477241516113,14.705283164978027,696,6328,82535,,
248.20348610999997,83490,246.49,13,0.00035,-14.823719024658203,11.769237518310547,700,6409,83591,,
265.81357637,85395,253.29,13,0.00035,-15.719413757324219,15.131998062133789,704,6538,85496,,
258.90695944000004,86335,250.08,13,0.00035,-15.63167953491211,12.753050804138184,708,6605,86436,,
265.75538174999997,88056,256.91,13,0.00035,-15.908174514770508,16.074018478393555,712,6727,88157,,
274.61925923,89732,262.7,13,0.00035,-14.79873275756836,10.019600868225098,716,6851,89833,,
265.03352421,90109,259.58,13,0.00035,-16.635990142822266,13.687524795532227,720,6881,90210,,
269.80978487000004,91528,264.84,13,0.00035,-16.654483795166016,13.945138931274414,724,6982,91629,,
269.01825898000004,92231,264.86,13,0.00035,-17.56330108642578,13.766528129577637,728,7039,92332,,
272.10583448,92946,266.14,13,0.00035,-16.39232063293457,13.601848602294922,732,7091,93047,,
264.24629835,93603,261.34,13,0.00035,-16.40011215209961,15.529529571533203,736,7139,93704,,
272.28203721,94580,264.84,13,0.00035,-16.031429290771484,15.444211959838867,740,7210,94681,,
266.49023534,95365,262.74,13,0.00035,-15.545119285583496,15.661352157592773,744,7264,95466,,
269.38094691,96645,260.01,13,0.00035,-16.180233001708984,12.235923767089844,748,7357,96746,,
280.57400888,98400,266.59,13,0.00035,-17.3868408203125,11.71170425415039,752,7495,98501,,
288.11193648999995,99399,268.26,13,0.00035,-17.087364196777344,8.866964340209961,756,7570,99500,,
,99899,,,0.00035,-16.59152603149414,12.18518352508545,,,100000,538.2341561999999,280.6
298.22538506,100458,265.02,12,0.00035,-16.97948455810547,13.069984436035156,760,7749,100559,,
294.49989625,101224,261.06,12,0.00035,-17.379451751708984,7.607075214385986,764,7803,101325,,
305.77399605000005,102535,267.74,12,0.00035,-16.517986297607422,14.157724380493164,768,7899,102636,,
315.73057034,103666,271.88,12,0.00035,-17.49700355529785,7.901769638061523,772,7982,103767,,
319.77515880000004,104953,273.23,13,0.00035,-17.59796142578125,12.25499153137207,776,8075,105054,,
335.87066622,105977,278.36,13,0.00035,-18.64244842529297,12.668045043945312,780,8149,106078,,
341.20526266,106717,279.93,13,0.00035,-18.551910400390625,11.102764129638672,784,8205,106818,,
310.49789075,107080,267.21,13,0.00035,-18.447444915771484,9.04641342163086,788,8236,107181,,
311.53831904,108199,266.9,13,0.00035,-17.59140396118164,9.077428817749023,792,8322,108300,,
318.31021003,109223,267.89,13,0.00035,-18.074657440185547,6.511966705322266,796,8407,109324,,
326.77297849,109908,264.18,13,0.00035,-19.365415573120117,10.634260177612305,800,8456,110009,,
314.24467016,111116,257.21,13,0.00035,-18.646713256835938,9.618099212646484,804,8545,111217,,
337.54988979999996,112750,264.15,13,0.00035,-18.66504669189453,5.890130043029785,808,8661,112851,,
347.51352574,114463,264.07,13,0.00035,-19.904258728027344,16.716100692749023,812,8788,114564,,
343.94320324,115437,257.05,13,0.00035,-19.765113830566406,14.282483100891113,816,8861,115538,,
370.4679110100001,116906,267.97,13,0.00035,-19.665550231933594,9.796989440917969,820,8968,117007,,
377.45211446,118055,265.27,13,0.00035,-19.39087677001953,11.4901123046875,824,9049,118156,,
392.14221642999996,119222,269.91,13,0.00035,-18.40201759338379,8.249832153320312,828,9133,119323,,
382.0328034599999,120612,276.66,13,0.00035,-19.323081970214844,7.948018550872803,832,9233,120713,,
438.8976577800001,123983,303.8,13,0.00035,-20.12833595275879,9.785416603088379,836,9483,124084,,
496.9467649400001,127387,328.07,13,0.00035,-20.50943946838379,16.34332275390625,840,9721,127488,,
525.4482728799999,129120,337.55,13,0.00035,-20.35381507873535,11.96448040008545,844,9847,129221,,
546.17925983,131011,343.66,13,0.00035,-21.214170455932617,5.202388763427734,848,9979,131112,,
568.05808519,133961,355.61,13,0.00035,-20.59015655517578,6.4228715896606445,852,10192,134062,,
584.62109144,135524,361.25,13,0.00035,-21.885875701904297,12.675167083740234,856,10302,135625,,
592.6918377100001,137110,366.52,13,0.00035,-21.633281707763672,10.292502403259277,860,10412,137211,,
607.73763955,138352,371.28,13,0.00035,-22.80213737487793,7.014528274536133,864,10502,138453,,
641.5855929300001,140609,380.74,13,0.00035,-22.928842544555664,6.7693328857421875,868,10663,140710,,
685.5880523499999,143473,398.07,13,0.00035,-21.98459243774414,18.859882354736328,872,10876,143574,,
733.75848809,146175,412.22,13,0.00035,-22.132450103759766,3.590996503829956,876,11066,146276,,
758.52135305,148214,422.37,13,0.00035,-23.171241760253906,2.6164450645446777,880,11212,148315,,
767.91229918,149231,425.14,13,0.00035,-22.404369354248047,8.992451667785645,884,11280,149332,,
822.99509026,151798,447.18,13,0.00035,-23.308788299560547,5.853151321411133,888,11463,151899,,
877.5437366800002,154662,464.63,13,0.00035,-23.978084564208984,5.470815658569336,892,11672,154763,,
927.2466026400002,157748,485.25,13,0.00035,-24.365928649902344,3.7927823066711426,896,11906,157849,,
985.30691219,160629,507.21,13,0.00035,-23.532066345214844,5.584798812866211,900,12114,160730,,
1063.3935846499999,164629,535.13,13,0.00035,-25.198352813720703,2.509486675262451,904,12408,164730,,
1086.60788127,167288,545.38,13,0.00035,-24.967060089111328,3.6300716400146484,908,12597,167389,,
1112.8230161,169623,551.6,13,0.00035,-24.58007049560547,4.346405982971191,912,12762,169724,,
1151.5849831799999,171924,564.87,13,0.00035,-25.776348114013672,4.236225128173828,916,12932,172025,,
1170.67693403,173883,569.77,13,0.00035,-25.810203552246094,4.214667320251465,920,13076,173984,,
1204.0580486100002,176243,581.88,13,0.00035,-25.448165893554688,3.8558645248413086,924,13239,176344,,
1265.6817450199999,179229,600.07,13,0.00035,-25.520130157470703,3.3619608879089355,928,13448,179330,,
1290.3914834500001,180290,596.78,13,0.00035,-25.392433166503906,2.6073708534240723,932,13522,180391,,
1294.3777812,183199,592.16,13,0.00035,-26.50735092163086,3.264549970626831,936,13724,183300,,
1265.2422976499997,184815,574.28,13,0.00035,-25.820598602294922,4.395300388336182,940,13838,184916,,
1294.59885614,187167,580.47,13,0.00035,-25.130828857421875,7.703304290771484,944,14039,187268,,
1268.1091253700004,188413,574.02,13,0.00035,-25.002574920654297,3.5277256965637207,948,14147,188514,,
1239.7680988500001,189356,553.95,13,0.00035,-27.291336059570312,4.13680362701416,952,14224,189457,,
1237.28742711,190578,550.54,13,0.00035,-25.869802474975586,4.9035258293151855,956,14319,190679,,
1236.1926224299998,191592,544.82,13,0.00035,-26.520050048828125,4.409101486206055,960,14402,191693,,
1269.4122467999998,193821,554.69,13,0.00035,-26.14406967163086,3.530348300933838,964,14569,193922,,
1247.21866059,195225,546.16,13,0.00035,-26.491172790527344,3.39593768119812,968,14676,195326,,
1225.05026345,196844,533.71,13,0.00035,-26.889568328857422,5.171579360961914,972,14800,196945,,
1232.14945042,199560,533.85,13,0.00035,-28.641372680664062,2.877845525741577,976,14998,199661,,
,199899,,,0.00035,-27.102994918823242,1.9084806442260742,,,200000,1991.0721968000003,763.2
1254.85868954,202249,540.35,13,0.00035,-27.113027572631836,3.0148119926452637,980,15472,202350,,
1283.41468966,204927,556.96,13,0.00035,-27.684892654418945,2.2050046920776367,984,15678,205028,,
1270.7033134300002,206850,550.52,13,0.00035,-27.260648727416992,3.543138027191162,988,15825,206951,,
1238.8189846300002,209163,545.01,13,0.00035,-27.710058212280273,2.6612138748168945,992,15995,209264,,
1217.8261797800003,211114,533.66,13,0.00035,-27.74618148803711,5.405211448669434,996,16137,211215,,
1181.1621457000003,212374,517.45,13,0.00035,-27.424510955810547,5.023269176483154,1000,16233,212475,,
1193.37027326,216207,515.78,13,0.00035,-28.88196563720703,6.213022232055664,1004,16511,216308,,
1226.89697751,219330,520.42,13,0.00035,-28.50261688232422,4.106201171875,1008,16741,219431,,
1205.2631991899998,220667,510.44,13,0.00035,-27.893028259277344,2.0599899291992188,1012,16840,220768,,
1185.2018765799999,222000,500.76,13,0.00035,-27.933658599853516,1.8201682567596436,1016,16947,222101,,
1216.70790575,224834,509.51,13,0.00035,-28.480358123779297,2.069819211959839,1020,17162,224935,,
1196.51267129,226436,501.93,13,0.00035,-28.60890007019043,10.443034172058105,1024,17280,226537,,
1146.6940690800002,227654,484.25,13,0.00035,-27.91330909729004,1.863006353378296,1028,17365,227755,,
1190.48878539,230627,503.37,13,0.00035,-28.9691162109375,2.8752121925354004,1032,17583,230728,,
1181.1467670099998,232889,496.9,13,0.00035,-28.87417221069336,3.3048713207244873,1036,17755,232990,,
1209.2515043899998,235484,506.69,13,0.00035,-27.57969093322754,2.1656928062438965,1040,17951,235585,,
1204.52289974,237855,506.88,13,0.00035,-29.03882598876953,0.7437832355499268,1044,18130,237956,,
1238.2440926999998,239819,514.06,13,0.00035,-28.86044692993164,1.3369648456573486,1048,18276,239920,,
1256.29966049,241875,525.19,13,0.00035,-29.14251708984375,2.132150650024414,1052,18420,241976,,
1272.94553045,243681,531.03,13,0.00035,-28.520116806030273,1.1813709735870361,1056,18552,243782,,
1362.36891534,247681,560.89,13,0.00035,-28.60317611694336,1.9113190174102783,1060,18834,247782,,
1351.01971905,249518,556.97,13,0.00035,-28.616294860839844,2.467373847961426,1064,18971,249619,,
1364.05611158,251196,559.71,13,0.00035,-28.317119598388672,5.4076032638549805,1068,19089,251297,,
1373.48302322,252988,561.44,13,0.00035,-30.039852142333984,1.7688000202178955,1072,19218,253089,,
1340.9764032599999,254794,552.34,13,0.00035,-28.39236068725586,2.2448484897613525,1076,19348,254895,,
1348.9187416099999,257680,554.31,13,0.00035,-29.056962966918945,2.3661117553710938,1080,19558,257781,,
1309.9748713899999,258938,540.11,13,0.00035,-28.856191635131836,1.0985997915267944,1084,19644,259039,,
1307.0613710500002,260625,537.75,13,0.00035,-28.484729766845703,1.2417309284210205,1088,19771,260726,,
1335.5169828399999,263173,540.1,13,0.00035,-27.80713653564453,5.138509750366211,1092,19958,263274,,
1322.9753540199997,264609,534.95,13,0.00035,-27.90761947631836,2.35666823387146,1096,20062,264710,,
1369.22715564,267589,552.15,13,0.00035,-27.72126007080078,3.4112236499786377,1100,20278,267690,,
1295.9487647,268841,526.34,13,0.00035,-28.792295455932617,1.8549978733062744,1104,20370,268942,,
1274.81994518,271249,519.19,13,0.00035,-29.86522674560547,4.703310966491699,1108,20546,271350,,
1314.4696186499998,273881,532.14,13,0.00035,-28.38884735107422,3.925145149230957,1112,20728,273982,,
1349.9739966199998,276283,542.83,13,0.00035,-29.59019660949707,2.509401798248291,1116,20905,276384,,
1351.6695634999999,279169,543.35,13,0.00035,-29.2628173828125,0.8379426002502441,1120,21114,279270,,
1359.428513,280859,544.23,13,0.00035,-28.831981658935547,4.018821716308594,1124,21237,280960,,
1398.5649731,283319,556.65,13,0.00035,-29.383777618408203,2.2888941764831543,1128,21413,283420,,
1377.9643927699997,285695,550.68,13,0.00035,-28.780914306640625,1.4564059972763062,1132,21583,285796,,
1369.0174691100003,287891,550.02,13,0.00035,-28.358840942382812,4.414921760559082,1136,21737,287992,,
1332.0659983100004,289289,538.05,13,0.00035,-30.152095794677734,1.725080966949463,1140,21842,289390,,
1374.8172491499997,292695,548.4,13,0.00035,-28.817039489746094,2.3809638023376465,1144,22091,292796,,
1390.20881942,295024,552.05,13,0.00035,-29.0522403717041,1.5865859985351562,1148,22259,295125,,
1441.9900470599998,298597,567.22,13,0.00035,-29.7740478515625,1.4730433225631714,1152,22528,298698,,
,299899,,,0.00035,-29.944751739501953,4.244653701782227,,,300000,2426.5970578,805.4
1461.4594330299994,300899,572.18,13,0.00035,-29.388259887695312,1.6654598712921143,1156,22993,301000,,
1427.5406772499998,303661,559.8,13,0.00035,-30.753782272338867,1.119166374206543,1160,23199,303762,,
1437.96561432,305766,562.48,13,0.00035,-28.53676986694336,4.83145809173584,1164,23354,305867,,
1418.4353320200003,306836,556.4,13,0.00035,-29.73316192626953,1.213712215423584,1168,23433,306937,,
1458.90624598,309917,569.29,13,0.00035,-29.78504180908203,1.410115122795105,1172,23660,310018,,
1487.18897217,313039,582.45,13,0.00035,-28.571456909179688,8.634986877441406,1176,23890,313140,,
1499.14690649,316080,584.0,13,0.00035,-29.479961395263672,10.861434936523438,1180,24115,316181,,
1549.67474251,318358,594.2,13,0.00035,-29.83938980102539,3.3494062423706055,1184,24309,318459,,
1504.50792965,318784,581.59,13,0.00035,-29.570249557495117,2.364449977874756,1188,24345,318885,,
1483.2015200800004,320533,573.6,13,0.00035,-30.030319213867188,1.8513174057006836,1192,24494,320634,,
1483.53840997,322021,574.12,13,0.00035,-30.55954360961914,3.9081408977508545,1196,24618,322122,,
1461.92783544,324021,564.32,13,0.00035,-29.229028701782227,1.7968276739120483,1200,24784,324122,,
1517.71070495,327067,582.26,13,0.00035,-28.82731056213379,2.407428741455078,1204,25033,327168,,
1532.1002150099998,329849,586.0,13,0.00035,-29.597726821899414,1.998297095298767,1208,25261,329950,,
1569.2626333000005,333813,599.32,13,0.00035,-29.49700927734375,1.8070447444915771,1212,25569,333914,,
1580.64673496,336811,605.28,13,0.00035,-30.59770393371582,3.196359872817993,1216,25786,336912,,
1542.24133763,338225,590.56,13,0.00035,-30.361953735351562,1.6100234985351562,1220,25894,338326,,
1577.36264173,340947,600.88,13,0.00035,-29.62689971923828,4.417064666748047,1224,26090,341048,,
1550.7088676399999,342521,592.02,13,0.00035,-30.905012130737305,0.7910144925117493,1228,26204,342622,,
1581.2795806200002,345158,594.63,13,0.00035,-31.872648239135742,0.8850277066230774,1232,26398,345259,,
1621.3158010099996,348172,602.81,13,0.00035,-30.469072341918945,2.03238582611084,1236,26624,348273,,
1665.53603649,350927,616.38,13,0.00035,-29.832536697387695,4.160824298858643,1240,26829,351028,,
1590.9997090000002,351942,592.47,13,0.00035,-30.479366302490234,2.433577060699463,1244,26905,352043,,
1601.01283328,354363,593.39,13,0.00035,-30.604572296142578,1.2486727237701416,1248,27088,354464,,
1548.6932038300001,356177,575.8,13,0.00035,-30.80535316467285,3.5230190753936768,1252,27224,356278,,
1493.6636860199997,356728,558.29,13,0.00035,-31.09727668762207,1.0205968618392944,1256,27272,356829,,
1487.2998402500004,359222,555.61,13,0.00035,-30.649560928344727,1.4056066274642944,1260,27460,359323,,
1440.3054619299999,359762,539.96,13,0.00035,-30.656147003173828,1.218369960784912,1264,27502,359863,,
1510.53626613,362965,561.29,13,0.00035,-30.961956024169922,2.4337501525878906,1268,27738,363066,,
1469.1002060700002,364691,547.74,13,0.00035,-29.65416145324707,1.5832548141479492,1272,27861,364792,,
1518.8712494899999,368485,554.46,13,0.00035,-31.600343704223633,1.472524881362915,1276,28135,368586,,
1518.5405366,371498,554.18,13,0.00035,-31.590133666992188,2.2428689002990723,1280,28357,371599,,
1570.7667275799997,375498,571.4,13,0.00035,-31.128665924072266,1.7938144207000732,1284,28655,375599,,
1619.4169177800002,377031,582.47,13,0.00035,-30.896026611328125,1.213248372077942,1288,28770,377132,,
1690.46221758,381031,604.98,13,0.00035,-31.219833374023438,4.675029754638672,1292,29057,381132,,
1739.08879745,383715,616.94,13,0.00035,-32.642662048339844,1.5280890464782715,1296,29257,383816,,
1739.4063291699997,385733,617.12,13,0.00035,-31.02503204345703,1.3379251956939697,1300,29406,385834,,
1686.6996820499999,386999,599.32,13,0.00035,-31.53708267211914,1.9553323984146118,1304,29495,387100,,
1662.7167711700001,388944,590.95,13,0.00035,-31.092580795288086,1.9479619264602661,1308,29649,389045,,
1664.5833900600003,392716,589.03,13,0.00035,-30.66128158569336,4.996341705322266,1312,29923,392817,,
1634.6911349299999,394665,578.54,13,0.00035,-31.133329391479492,2.0672531127929688,1316,30074,394766,,
1636.53720484,396107,578.82,13,0.00035,-31.120162963867188,1.2755534648895264,1320,30184,396208,,
1622.1530658300003,398428,574.81,13,0.00035,-31.19033432006836,1.2488336563110352,1324,30359,398529,,
,399899,,,0.00035,-31.037704467773438,0.813412070274353,,,400000,1606.2633344,539.6
1630.43793977,400225,577.04,13,0.00035,-30.81493377685547,1.9871253967285156,1328,30702,400326,,
1648.5981434499997,403459,583.01,13,0.00035,-30.2851505279541,1.4756386280059814,1332,30942,403560,,
1627.0808141100001,405901,577.29,13,0.00035,-31.810606002807617,2.0388245582580566,1336,31121,406002,,
1620.0512011099997,408320,573.93,13,0.00035,-30.991004943847656,5.494159698486328,1340,31303,408421,,
1624.0850310800001,409481,575.39,13,0.00035,-31.824726104736328,1.6707072257995605,1344,31389,409582,,
1593.7324609300003,411049,566.86,13,0.00035,-31.68546485900879,0.7836308479309082,1348,31498,411150,,
1618.7127448899998,413174,569.97,13,0.00035,-32.216957092285156,1.5373613834381104,1352,31661,413275,,
1663.6543262699997,415081,583.53,13,0.00035,-31.536712646484375,0.719520628452301,1356,31799,415182,,
1642.1208839499993,416863,576.41,13,0.00035,-31.693822860717773,1.1528644561767578,1360,31929,416964,,
1723.71599259,420011,602.49,13,0.00035,-31.602693557739258,1.161022424697876,1364,32162,420112,,
1694.5041158899999,422469,595.04,13,0.00035,-30.971094131469727,6.606759548187256,1368,32339,422570,,
1745.9487170399993,425756,610.65,13,0.00035,-32.62470245361328,2.883488893508911,1372,32580,425857,,
1692.7016165,427791,593.06,13,0.00035,-31.25855255126953,2.628112316131592,1376,32738,427892,,
1728.58024142,431791,602.93,13,0.00035,-31.16363525390625,1.4068396091461182,1380,33037,431892,,
1698.38515565,434620,591.22,13,0.00035,-31.76514434814453,1.3692409992218018,1384,33246,434721,,
1736.0272990899998,437631,606.0,13,0.00035,-31.53430938720703,2.315711498260498,1388,33477,437732,,
1673.0458319099998,439457,584.26,13,0.00035,-31.85187530517578,2.0996222496032715,1392,33613,439558,,
1659.3503834400003,441765,580.5,13,0.00035,-31.964096069335938,5.893779277801514,1396,33788,441866,,
1693.6353194099997,445283,595.5,13,0.00035,-31.591968536376953,1.953019618988037,1400,34066,445384,,
1741.44248719,448171,611.72,13,0.00035,-31.72162437438965,2.5815114974975586,1404,34288,448272,,
1748.9741815899997,450311,613.67,13,0.00035,-31.988616943359375,3.1628341674804688,1408,34444,450412,,
1696.4263314,452391,596.75,13,0.00035,-32.33269500732422,1.3622217178344727,1412,34604,452492,,
1741.4194059299996,455576,609.11,13,0.00035,-32.415279388427734,5.617152690887451,1416,34846,455677,,
1706.8898900600002,455958,598.51,13,0.00035,-31.621421813964844,1.1538057327270508,1420,34877,456059,,
1641.3719309499998,456126,576.98,13,0.00035,-31.097328186035156,1.8805158138275146,1424,34893,456227,,
1664.7204724800001,458529,583.04,13,0.00035,-32.679866790771484,1.3757293224334717,1428,35076,458630,,
1629.83268553,460556,570.97,13,0.00035,-32.98523712158203,5.608316421508789,1432,35227,460657,,
1630.48570134,462840,569.39,13,0.00035,-32.406005859375,1.7670223712921143,1436,35397,462941,,
1652.3800452500002,465863,575.43,13,0.00035,-32.83787155151367,0.6715385913848877,1440,35620,465964,,
1705.48556872,468727,592.46,13,0.00035,-32.13623809814453,1.020072102546692,1444,35829,468828,,
1770.9668031799997,472244,611.95,13,0.00035,-31.82790756225586,1.5474339723587036,1448,36088,472345,,
1805.67464998,475344,621.7,13,0.00035,-32.54889678955078,3.0776419639587402,1452,36321,475445,,
1826.74415514,477890,628.09,13,0.00035,-32.743431091308594,0.9827171564102173,1456,36509,477991,,
1866.5365320299998,480855,639.92,13,0.00035,-33.04320526123047,8.378332138061523,1460,36723,480956,,
1820.5655130799998,482408,623.97,13,0.00035,-32.781036376953125,5.465409278869629,1464,36836,482509,,
1879.3264065799997,486408,639.39,13,0.00035,-33.13108825683594,1.7499072551727295,1468,37126,486509,,
1830.11338281,488114,623.58,13,0.00035,-32.9088249206543,0.732874870300293,1472,37251,488215,,
1870.3610874400003,491394,636.03,13,0.00035,-32.46125411987305,3.4422051906585693,1476,37496,491495,,
1821.7863675799997,493924,621.33,13,0.00035,-32.93907928466797,5.540067195892334,1480,37679,494025,,
1820.70699986,496617,619.97,13,0.00035,-30.726268768310547,1.8155975341796875,1484,37876,496718,,
1809.71930462,499032,614.01,13,0.00035,-32.37500762939453,1.0670742988586426,1488,38059,499133,,
,499899,,,0.00035,-31.721450805664062,6.334383964538574,,,500000,1296.9549591999998,457.0
1849.36959421,502210,627.53,13,0.00035,-32.822879791259766,1.5887080430984497,1492,38471,502311,,
1832.1882775300003,503975,622.1,13,0.00035,-32.24952697753906,2.2439305782318115,1496,38646,504076,,
1776.7017060399999,505256,599.73,13,0.00035,-32.21280288696289,0.854568600654602,1500,38755,505357,,
1754.8368930399997,507277,591.06,13,0.00035,-31.555030822753906,0.7351348400115967,1504,38921,507378,,
1707.3569758199997,508271,579.6,13,0.00035,-32.25679397583008,1.6750314235687256,1508,39002,508372,,
1714.5557812799996,510656,582.65,13,0.00035,-32.34565734863281,3.1403074264526367,1512,39193,510757,,
1727.97565584,514172,585.96,13,0.00035,-33.20433807373047,1.0526480674743652,1516,39466,514273,,
1752.16300431,515492,595.34,13,0.00035,-32.58323669433594,1.425162434577942,1520,39573,515593,,
1818.4513344100005,517650,615.24,13,0.00035,-32.680870056152344,0.995762288570404,1524,39731,517751,,
1813.5968787900001,519850,613.21,13,0.00035,-32.50857162475586,0.907658576965332,1528,39891,519951,,
1842.6439969499997,522748,621.92,13,0.00035,-33.046512603759766,1.5259768962860107,1532,40106,522849,,
1799.6307167499995,523670,608.3,13,0.00035,-32.86835479736328,1.2459757328033447,1536,40174,523771,,
1770.08269333,525689,598.26,13,0.00035,-31.833324432373047,1.7229955196380615,1540,40324,525790,,
1753.0674230600002,527896,591.69,13,0.00035,-32.639129638671875,1.061708927154541,1544,40491,527997,,
1740.37686379,531249,590.05,13,0.00035,-32.95093536376953,0.9608069062232971,1548,40735,531350,,
1695.5838181200002,533020,576.76,13,0.00035,-32.77837371826172,10.069908142089844,1552,40860,533121,,
1687.9709512900001,535320,574.3,13,0.00035,-34.01717758178711,0.9561975598335266,1556,41028,535421,,
1720.84740972,539320,584.65,13,0.00035,-33.21135711669922,0.8319486379623413,1560,41316,539421,,
1730.9374133,541234,588.26,13,0.00035,-32.73875427246094,0.9859090447425842,1564,41455,541335,,
1650.6481665200001,542765,563.57,13,0.00035,-33.72048568725586,5.489101409912109,1568,41565,542866,,
1666.5491807900003,544960,568.46,13,0.00035,-33.392398834228516,1.5082800388336182,1572,41733,545061,,
1683.8230084800002,548817,574.23,13,0.00035,-33.40715408325195,1.2790632247924805,1576,42012,548918,,
1669.0481012699995,550895,569.71,13,0.00035,-33.6976432800293,0.8709503412246704,1580,42163,550996,,
1675.7700893,553792,571.75,13,0.00035,-33.11545944213867,2.893869400024414,1584,42372,553893,,
1683.5764332,556599,575.67,13,0.00035,-31.890466690063477,1.6042965650558472,1588,42576,556700,,
1646.71537763,558610,564.0,13,0.00035,-33.76508331298828,3.4361507892608643,1592,42724,558711,,
1674.27455612,561402,574.27,13,0.00035,-32.801414489746094,1.9314223527908325,1596,42934,561503,,
1704.8903615799998,563511,582.55,13,0.00035,-32.75349426269531,1.0915486812591553,1600,43093,563612,,
1725.5472574399996,566083,588.06,13,0.00035,-32.63750457763672,0.9665026068687439,1604,43284,566184,,
1802.39888942,569000,607.29,13,0.00035,-33.148685455322266,2.831059455871582,1608,43504,569101,,
1831.15169743,572114,614.58,13,0.00035,-33.67079544067383,1.7372437715530396,1612,43736,572215,,
1817.60893805,575266,610.94,13,0.00035,-32.87997055053711,1.3840019702911377,1616,43971,575367,,
1846.66163279,578445,629.53,13,0.00035,-33.07365417480469,1.5340936183929443,1620,44216,578546,,
1782.64981968,579030,613.8,13,0.00035,-32.97242736816406,1.235726237297058,1624,44260,579131,,
1808.2729653000001,582127,622.77,13,0.00035,-32.549102783203125,3.9498796463012695,1628,44486,582228,,
1785.7846639499999,584582,618.34,13,0.00035,-33.17090606689453,2.2640867233276367,1632,44667,584683,,
1823.6707290999998,586699,630.29,13,0.00035,-32.43378448486328,2.463766574859619,1636,44824,586800,,
1859.0445037900001,590009,643.2,13,0.00035,-32.30251693725586,1.4120961427688599,1640,45077,590110,,
1910.6464621100001,594009,661.13,13,0.00035,-33.15869140625,1.402990698814392,1644,45385,594110,,
1861.2387392,595622,643.73,13,0.00035,-32.34101486206055,2.4180960655212402,1648,45511,595723,,
1896.8412229000003,598691,656.71,13,0.00035,-32.67523956298828,0.7221958041191101,1652,45743,598792,,
,599899,,,0.00035,-31.85582160949707,3.0944015979766846,,,600000,1974.1867346,732.2
1861.24965158,599974,646.54,13,0.00035,-32.36553955078125,3.7267534732818604,1656,46111,600075,,
1798.3533150599999,602023,627.03,13,0.00035,-32.14885711669922,1.7016468048095703,1660,46267,602124,,
1747.5727771299998,602426,611.92,13,0.00035,-32.98804473876953,1.824795126914978,1664,46303,602527,,
1798.3602851800001,605653,628.88,13,0.00035,-31.82364273071289,11.655313491821289,1668,46541,605754,,
1845.5959298900007,609653,646.93,13,0.00035,-32.550045013427734,5.7696356773376465,1672,46844,609754,,
1784.89486064,611708,628.91,13,0.00035,-32.365386962890625,1.3752034902572632,1676,47001,611809,,
1839.5624196299996,615418,645.23,13,0.00035,-32.030372619628906,1.5933587551116943,1680,47283,615519,,
1831.0642830300003,618024,642.32,13,0.00035,-32.70556640625,0.8737211227416992,1684,47481,618125,,
1871.65912617,622024,654.25,13,0.00035,-31.67807388305664,3.017300605773926,1688,47788,622125,,
1925.0255567799998,625667,670.57,13,0.00035,-32.73377990722656,2.1930432319641113,1692,48062,625768,,
1910.07218736,627853,664.51,13,0.00035,-32.16859436035156,1.5040557384490967,1696,48223,627954,,
1851.1231551199996,628157,646.46,13,0.00035,-32.394630432128906,2.8123745918273926,1700,48248,628258,,
1830.3844856299997,630173,640.9,13,0.00035,-31.812362670898438,1.347491979598999,1704,48398,630274,,
1812.86562421,632549,635.49,13,0.00035,-32.64137649536133,2.2153754234313965,1708,48574,632650,,
1777.3933355099996,634693,625.79,13,0.00035,-32.866004943847656,2.6465890407562256,1712,48733,634794,,
1785.1753028599996,638011,627.45,13,0.00035,-32.30046463012695,4.102822303771973,1716,48987,638112,,
1850.0522143199998,642011,635.66,13,0.00035,-33.00617218017578,1.5903944969177246,1720,49281,642112,,
1928.4333078799996,644690,656.6,13,0.00035,-33.94465637207031,2.0398519039154053,1724,49478,644791,,
1881.23526622,646282,641.55,13,0.00035,-32.63090515136719,0.8351699709892273,1728,49594,646383,,
1907.1531594,649301,647.19,13,0.00035,-32.35015106201172,9.18582820892334,1732,49821,649402,,
1923.4522175299996,651889,651.9,13,0.00035,-32.523765563964844,1.1393089294433594,1736,50016,651990,,
1896.0333242800002,654170,641.61,13,0.00035,-32.87474822998047,0.7322768568992615,1740,50194,654271,,
1822.9798346500002,655737,617.28,13,0.00035,-33.105831146240234,1.6615896224975586,1744,50314,655838,,
1872.3304433499998,659011,633.89,13,0.00035,-33.48197555541992,0.7372722625732422,1748,50559,659112,,
1838.7640465000004,660794,621.03,13,0.00035,-32.81732177734375,0.7220644950866699,1752,50700,660895,,
1900.61696704,663805,638.31,13,0.00035,-32.68074417114258,2.281890869140625,1756,50966,663906,,
1948.6137777600002,667153,651.3,13,0.00035,-32.81725311279297,1.0263038873672485,1760,51252,667254,,
2007.39641519,669444,670.18,13,0.00035,-33.0433349609375,3.4776101112365723,1764,51451,669545,,
1995.2377691799995,672482,668.29,13,0.00035,-32.958229064941406,1.1804152727127075,1768,51700,672583,,
1967.46926158,675154,655.01,13,0.00035,-33.099098205566406,1.460796594619751,1772,51916,675255,,
1971.21632914,677129,654.21,13,0.00035,-33.093292236328125,1.787057876586914,1776,52073,677230,,
1966.0257113600005,680516,650.98,13,0.00035,-33.11316680908203,1.4030404090881348,1780,52333,680617,,
1940.87496965,682433,644.09,13,0.00035,-31.670345306396484,1.9071812629699707,1784,52484,682534,,
1903.34558995,685094,630.7,13,0.00035,-33.5709228515625,2.049589157104492,1788,52697,685195,,
1886.1312119899999,688060,623.93,13,0.00035,-32.562740325927734,1.2840070724487305,1792,52929,688161,,
1853.51397592,689202,613.49,13,0.00035,-32.40995788574219,4.892536163330078,1796,53020,689303,,
1931.07276559,692216,640.59,13,0.00035,-33.30957794189453,0.40843454003334045,1800,53253,692317,,
1949.79113342,694776,646.03,12,0.00035,-33.2945556640625,1.3921345472335815,1804,53455,694877,,
1957.7484060600004,697373,648.24,12,0.00035,-32.938682556152344,0.696835994720459,1808,53659,697474,,
,699899,,,0.00035,-33.20555114746094,0.5109302401542664,,,700000,1897.0046736,605.0
1979.18620623,700014,653.21,12,0.00035,-32.954559326171875,6.274373531341553,1812,54106,700115,,
1966.86542453,703056,650.45,12,0.00035,-32.92595291137695,1.0194989442825317,1816,54345,703157,,
1887.3647628400001,704862,628.51,12,0.00035,-33.42185592651367,1.0631985664367676,1820,54489,704963,,
1915.8222839300004,708410,637.2,12,0.00035,-33.754756927490234,1.6909211874008179,1824,54758,708511,,
1930.5363798099995,710498,642.16,12,0.00035,-33.42622375488281,1.3013229370117188,1828,54915,710599,,
1914.1318105399998,713071,637.7,12,0.00035,-33.6929931640625,0.8389039635658264,1832,55122,713172,,
1918.1074144399995,715710,638.21,12,0.00035,-32.42396545410156,6.71251916885376,1836,55318,715811,,
1946.25114896,718734,645.64,12,0.00035,-32.66504669189453,0.793825089931488,1840,55549,718835,,
1960.29710712,720694,649.57,12,0.00035,-32.973636627197266,5.1296916007995605,1844,55696,720795,,
1991.7926159499998,724694,656.83,12,0.00035,-33.77458190917969,1.5172953605651855,1848,56004,724795,,
2066.7782802999996,728694,679.0,12,0.00035,-34.635353088378906,1.1112205982208252,1852,56312,728795,,
2072.0176439699994,732256,684.51,12,0.00035,-33.325660705566406,1.0249700546264648,1856,56584,732357,,
2023.70733982,734274,671.21,12,0.00035,-32.920372009277344,5.480793476104736,1860,56744,734375,,
2005.4873256099997,735899,664.55,12,0.00035,-32.86555480957031,2.457925796508789,1864,56870,736000,,
2006.0363518000004,738677,661.95,12,0.00035,-33.93860626220703,1.8703112602233887,1868,57078,738778,,
1971.47932125,740477,653.23,12,0.00035,-33.08256530761719,0.8523203134536743,1872,57216,740578,,
2024.6232804500003,744188,670.59,12,0.00035,-32.37428665161133,0.8567779064178467,1876,57501,744289,,
1988.70332574,746621,661.05,12,0.00035,-33.67760467529297,0.9335518479347229,1880,57688,746722,,
2021.13381228,749472,670.39,12,0.00035,-33.46397399902344,0.6336828470230103,1884,57913,749573,,
2002.5801763499996,751564,664.7,12,0.00035,-33.24757766723633,4.527355194091797,1888,58078,751665,,
1984.4628648999999,754427,663.67,12,0.00035,-33.580081939697266,3.918886423110962,1892,58309,754528,,
2083.7488099499997,758427,692.25,12,0.00035,-33.68565368652344,0.41866159439086914,1896,58624,758528,,
2091.3643671699997,761301,690.85,12,0.00035,-33.349273681640625,0.6296664476394653,1900,58843,761402,,
2128.90793838,764937,701.61,12,0.00035,-33.66448974609375,0.5886808633804321,1904,59129,765038,,
2174.4194842,768937,715.64,12,0.00035,-33.82081604003906,1.0948522090911865,1908,59456,769038,,
2183.79653364,771993,719.79,12,0.00035,-33.537071228027344,1.1999150514602661,1912,59700,772094,,
2176.47626029,774837,717.81,12,0.00035,-34.10259246826172,5.109717845916748,1916,59920,774938,,
2190.17752999,776811,719.49,12,0.00035,-33.176876068115234,1.2688820362091064,1920,60074,776912,,
2186.4728068799996,780154,717.44,12,0.00035,-33.546348571777344,0.799532413482666,1924,60334,780255,,
2185.97196231,782673,721.75,12,0.00035,-32.914329528808594,2.2295966148376465,1928,60531,782774,,
2205.98166233,785928,728.57,12,0.00035,-32.83763122558594,1.5937762260437012,1932,60789,786029,,
2152.31046962,787359,716.49,12,0.00035,-33.35962677001953,6.356711387634277,1936,60898,787460,,
2100.52591163,789976,712.42,12,0.00035,-32.902442932128906,1.9331889152526855,1940,61098,790077,,
2140.0152761299996,793282,725.88,12,0.00035,-33.39993667602539,0.9683124423027039,1944,61353,793383,,
2138.99679959,797282,725.88,12,0.00035,-33.37127685546875,0.8278743028640747,1948,61660,797383,,
2081.93569102,799617,709.23,12,0.00035,-33.56294250488281,1.1881264448165894,1952,61843,799718,,
,799899,,,0.00035,-33.84076690673828,0.6777687668800354,,,800000,2233.0721014,703.6
2052.0961653,801971,697.15,12,0.00035,-32.51243209838867,3.879378318786621,1956,62299,802072,,
2052.1527042,803908,696.34,12,0.00035,-33.318199157714844,0.6725031137466431,1960,62445,804009,,
2090.9924323799996,806565,706.66,12,0.00035,-34.563045501708984,2.2873692512512207,1964,62650,806666,,
2075.9971793500004,808867,701.9,12,0.00035,-33.0970458984375,0.817613959312439,1968,62830,808968,,
2115.3562879899996,811819,713.42,12,0.00035,-31.783161163330078,0.5686658620834351,1972,63061,811920,,
2066.96331576,814077,698.89,12,0.00035,-32.54199981689453,1.1427574157714844,1976,63244,814178,,
2063.59854379,816343,697.22,12,0.00035,-33.34623718261719,0.6503881216049194,1980,63424,816444,,
2058.98520277,819377,699.05,12,0.00035,-32.623130798339844,0.9052735567092896,1984,63663,819478,,
2082.856889,822076,705.12,12,0.00035,-33.362632751464844,0.7219314575195312,1988,63880,822177,,
2047.4484445800001,823486,690.59,12,0.00035,-32.71843719482422,2.322495698928833,1992,63999,823587,,
2019.7847309500003,826771,683.44,12,0.00035,-32.99729919433594,3.976053237915039,1996,64258,826872,,
2017.4550488500004,829550,682.49,12,0.00035,-33.23889923095703,1.1792521476745605,2000,64478,829651,,
2003.63055963,832737,678.0,12,0.00035,-33.49626922607422,0.5309402346611023,2004,64734,832838,,
1976.3635834499999,835944,670.07,12,0.00035,-33.40658187866211,1.1888126134872437,2008,64984,836045,,
1999.9282330299998,839486,674.93,12,0.00035,-33.797035217285156,0.7938287258148193,2012,65267,839587,,
1967.63514928,841507,666.7,12,0.00035,-31.958343505859375,6.795700550079346,2016,65427,841608,,
1936.4643704300001,842450,656.39,12,0.00035,-33.62548828125,2.507565975189209,2020,65503,842551,,
1936.6207643199998,845710,655.56,12,0.00035,-32.06889343261719,1.42238450050354,2024,65764,845811,,
1968.07035659,848768,660.95,12,0.00035,-33.43663787841797,1.213404893875122,2028,66017,848869,,
1957.54335863,851651,657.23,12,0.00035,-32.928497314453125,2.0483946800231934,2032,66242,851752,,
1997.41669197,853931,665.72,12,0.00035,-31.836496353149414,0.6589813828468323,2036,66420,854032,,
2076.12671342,857931,679.55,12,0.00035,-33.73042297363281,1.725370168685913,2040,66729,858032,,
2102.7748627299998,861931,686.49,12,0.00035,-33.29629135131836,0.5448628664016724,2044,67036,862032,,
2074.5792543899997,865102,678.2,12,0.00035,-33.014198303222656,3.6022582054138184,2048,67285,865203,,
2104.06713098,868409,687.92,12,0.00035,-34.168609619140625,0.6666749119758606,2052,67553,868510,,
2058.8159322,869565,675.94,12,0.00035,-33.49761199951172,2.0385541915893555,2056,67650,869666,,
2059.38040298,871656,677.48,12,0.00035,-33.30006790161133,1.3220832347869873,2060,67820,871757,,
2023.0089885899997,873314,667.49,12,0.00035,-32.993568420410156,2.202219009399414,2064,67947,873415,,
2021.0684376600004,875510,666.43,12,0.00035,-33.081626892089844,5.612020015716553,2068,68120,875611,,
2031.81229155,878748,669.29,12,0.00035,-33.84786605834961,0.5676350593566895,2072,68375,878849,,
1964.95420812,878954,648.77,12,0.00035,-33.191707611083984,0.9761303067207336,2076,68398,879055,,
1988.1388471700002,881898,655.55,12,0.00035,-33.3348274230957,0.9710130095481873,2080,68628,881999,,
2019.9293161000003,885608,662.31,12,0.00035,-32.628204345703125,1.4237606525421143,2084,68922,885709,,
2013.2127579500002,888164,660.88,12,0.00035,-33.58384704589844,0.5388827323913574,2088,69128,888265,,
2063.21791292,891091,676.05,12,0.00035,-33.51064682006836,1.1970409154891968,2092,69356,891192,,
2001.47873657,892595,658.24,12,0.00035,-33.276756286621094,1.746708869934082,2096,69475,892696,,
1972.79474459,894564,650.14,12,0.00035,-33.77614974975586,1.1550285816192627,2100,69635,894665,,
1975.2140507999998,897881,651.44,12,0.00035,-34.21696472167969,0.6539022922515869,2104,69902,897982,,
,899899,,,0.00035,-33.458702087402344,0.734168291091919,,,900000,1353.9101457999998,559.4
1926.7633055,900037,640.93,12,0.00035,-33.013214111328125,1.1266183853149414,2108,70289,900138,,
1925.6400062500002,903584,640.98,12,0.00035,-33.70465087890625,0.7926514148712158,2112,70561,903685,,
1978.6085184999997,906825,653.18,12,0.00035,-33.14772033691406,1.295692801475525,2116,70815,906926,,
2036.3893862899997,909835,673.85,12,0.00035,-33.386531829833984,0.9322085380554199,2120,71053,909936,,
2020.0794128100001,912754,670.44,12,0.00035,-33.56968688964844,0.7039121389389038,2124,71289,912855,,
2014.19989649,915788,670.2,12,0.00035,-33.55886459350586,1.142380714416504,2128,71532,915889,,
2056.80579692,919788,681.37,12,0.00035,-33.56013488769531,0.9975798726081848,2132,71838,919889,,
2108.9691909199996,923788,698.57,12,0.00035,-32.98674011230469,2.4038164615631104,2136,72149,923889,,
2044.59693558,925941,680.1,12,0.00035,-34.206260681152344,0.6019574403762817,2140,72317,926042,,
1979.8129760999998,927964,660.33,12,0.00035,-33.3653564453125,1.0167455673217773,2144,72480,928065,,
1942.44370324,929992,648.9,12,0.00035,-33.22991943359375,2.829087257385254,2148,72648,930093,,
1937.9373866400003,933210,648.01,12,0.00035,-31.95751190185547,0.9651217460632324,2152,72899,933311,,
1922.0969433,933780,642.15,12,0.00035,-33.30183029174805,1.1080467700958252,2156,72948,933881,,
1981.5215889800002,937742,660.86,12,0.00035,-33.492008209228516,1.0114444494247437,2160,73269,937843,,
1988.28722802,939765,664.51,12,0.00035,-33.6149787902832,0.7619779706001282,2164,73426,939866,,
1983.83874178,941789,662.79,12,0.00035,-33.78900146484375,0.8892335891723633,2168,73584,941890,,
1936.68646022,943702,649.54,12,0.00035,-34.114219665527344,0.6005983352661133,2172,74122,943803,,
2006.9744095300002,945944,669.9,12,0.00035,-32.701622009277344,4.007485389709473,2176,74298,946045,,
2021.1790259399997,949372,674.74,12,0.00035,-32.761985778808594,0.5732288360595703,2180,74577,949473,,
1969.72908013,951458,658.5,12,0.00035,-32.58988571166992,1.5690196752548218,2184,74743,951559,,
1952.2323368999998,953868,657.04,12,0.00035,-33.04552459716797,1.3006739616394043,2188,74932,953969,,
1924.8522788399998,955915,648.24,12,0.00035,-33.06171417236328,1.0673513412475586,2192,75092,956016,,
1999.4293072,959587,669.92,12,0.00035,-32.48857879638672,1.000549554824829,2196,75382,959688,,
2022.7693441999995,962191,676.27,12,0.00035,-32.76044464111328,1.0824615955352783,2200,75577,962292,,
1993.6969529899995,964539,666.58,12,0.00035,-33.4429931640625,1.2080228328704834,2204,75754,964640,,
2036.3948272499997,967550,675.13,12,0.00035,-33.83665466308594,1.8895286321640015,2208,75975,967651,,
1986.04006459,969693,661.09,12,0.00035,-32.940940856933594,0.9598742723464966,2212,76135,969794,,
1906.83985664,970521,636.96,12,0.00035,-33.54381561279297,0.8073883056640625,2216,76196,970622,,
1949.60776107,974521,646.86,12,0.00035,-33.126461029052734,2.5536088943481445,2220,76496,974622,,
1961.9622749799998,977692,649.38,12,0.00035,-33.30670166015625,0.4824361801147461,2224,76729,977793,,
1946.8949040400005,980012,642.24,12,0.00035,-33.80144500732422,0.5937485694885254,2228,76903,980113,,
1928.1046059199998,983482,636.94,12,0.00035,-33.82187271118164,5.435092926025391,2232,77161,983583,,
1881.9707489800003,985900,621.12,12,0.00035,-32.73545837402344,2.623922109603882,2236,77338,986001,,
1944.11274261,989706,637.65,12,0.00035,-34.114044189453125,0.6666873693466187,2240,77621,989807,,
1970.66775569,992649,646.85,12,0.00035,-34.067264556884766,1.2939354181289673,2244,77843,992750,,
2001.6100059200003,996034,660.42,12,0.00035,-33.06806182861328,0.9142285585403442,2248,78102,996135,,
1953.0686203799999,998576,653.66,12,0.00035,-32.490257263183594,5.595757007598877,2252,78290,998677,,
,999899,,,0.00035,-32.87413024902344,0.7408208250999451,,,1000000,2081.9094172,687.4
2005.32354072,1000701,669.21,12,0.00035,-32.15391540527344,2.4610495567321777,2256,78710,1000802,,
1951.1562061199998,1002874,651.32,12,0.00035,-33.360862731933594,0.6629169583320618,2260,78872,1002975,,
2021.6755853399998,1006874,671.09,12,0.00035,-33.218994140625,1.078669548034668,2264,79184,1006975,,
2079.4482732399997,1010714,689.25,12,0.00035,-33.05765151977539,5.105177402496338,2268,79469,1010815,,
2115.87585263,1013815,701.13,12,0.00035,-33.80704116821289,6.520625591278076,2272,79692,1013916,,
2139.9595694,1016822,708.78,12,0.00035,-32.89729309082031,0.7236344814300537,2276,79916,1016923,,
2096.48946634,1019269,698.97,12,0.00035,-33.281410217285156,0.6262830495834351,2280,80097,1019370,,
2156.70292911,1023269,718.11,12,0.00035,-33.994441986083984,5.384153842926025,2284,80396,1023370,,
2152.91629485,1025289,714.21,12,0.00035,-33.07398986816406,0.9236037731170654,2288,80555,1025390,,
2188.3939834499997,1028456,725.41,12,0.00035,-33.36540222167969,4.87485408782959,2292,80792,1028557,,
2134.59904932,1030547,709.6,12,0.00035,-33.73988342285156,6.485097408294678,2296,80949,1030648,,
2096.1803719200007,1031941,697.5,12,0.00035,-33.810157775878906,1.0772044658660889,2300,81056,1032042,,
2028.3018606600003,1032379,678.4,12,0.00035,-33.873077392578125,3.6865224838256836,2304,81090,1032480,,
2032.0334735900003,1035478,679.28,12,0.00035,-33.678218841552734,0.769168496131897,2308,81322,1035579,,
2049.2635269099997,1038064,683.71,12,0.00035,-32.728965759277344,0.6404540538787842,2312,81510,1038165,,
2104.20101715,1041076,705.55,12,0.00035,-33.556976318359375,0.9999309182167053,2316,81749,1041177,,
2091.62682331,1044681,701.6,12,0.00035,-33.72072219848633,1.0696698427200317,2320,82020,1044782,,
2066.17128791,1047317,696.25,12,0.00035,-33.08972930908203,0.5903843641281128,2324,82215,1047418,,
2109.3948125399997,1050958,709.46,12,0.00035,-32.893062591552734,3.722036838531494,2328,82487,1051059,,
2103.5733809099997,1054442,709.6,12,0.00035,-33.07562255859375,0.7254094481468201,2332,82744,1054543,,
2135.38951821,1058442,725.42,12,0.00035,-31.649078369140625,1.2028634548187256,2336,83055,1058543,,
2121.1987389,1062201,724.95,12,0.00035,-32.94132995605469,5.312221527099609,2340,83332,1062302,,
2125.52505591,1065152,725.03,12,0.00035,-33.10430908203125,0.5808212757110596,2344,83553,1065253,,
2126.9584331499996,1068130,720.96,12,0.00035,-33.72069549560547,2.881354331970215,2348,83773,1068231,,
2190.6786011699996,1071689,731.13,12,0.00035,-32.841819763183594,1.092484712600708,2352,84030,1071790,,
2165.51019397,1072909,722.08,12,0.00035,-32.50934982299805,3.3535537719726562,2356,84119,1073010,,
2227.82432543,1076909,740.35,12,0.00035,-32.58857345581055,1.1947486400604248,2360,84406,1077010,,
2186.03838473,1079587,727.13,12,0.00035,-32.36912536621094,9.2360258102417,2364,84614,1079688,,
2125.1503432199997,1081611,708.97,12,0.00035,-33.644866943359375,8.156647682189941,2368,84764,1081712,,
2115.24772563,1084715,709.0,12,0.00035,-32.44059753417969,2.0739431381225586,2372,84995,1084816,,
2124.21629767,1087945,711.23,12,0.00035,-31.844890594482422,1.4001493453979492,2376,85252,1088046,,
2134.2738728000004,1090676,714.07,12,0.00035,-32.89189147949219,0.8830364346504211,2380,85470,1090777,,
