train/learning_rate,train/n_updates,train/critic_loss,time/time_elapsed,time/total_timesteps,train/ent_coef,train/ent_coef_loss,train/actor_loss,time/episodes,time/fps,eval/mean_ep_length,eval/mean_reward
0.0001,22,19.29525375366211,16,145,0.09979012608528137,-7.529642105102539,-0.022863736376166344,4,8,,
0.0001,96,10.942815780639648,28,294,0.09905175864696503,-7.8942413330078125,1.5387113094329834,8,10,,
0.0001,268,3.53983736038208,53,638,0.0974111557006836,-7.67668342590332,4.392316818237305,12,11,,
0.0001,486,1.4987378120422363,80,1073,0.09526921808719635,-7.840704441070557,5.024684906005859,16,13,,
0.0001,654,0.9497398138046265,100,1410,0.09364832937717438,-7.921723365783691,5.5465617179870605,20,13,,
0.0001,728,1.7838029861450195,111,1558,0.09295319020748138,-7.576059341430664,5.684395790100098,24,14,,
0.0001,896,1.6571106910705566,138,1894,0.09151967614889145,-7.304093360900879,6.720917701721191,28,13,,
0.0001,1074,1.9600067138671875,162,2250,0.0900123342871666,-7.697923183441162,7.682942867279053,32,13,,
0.0001,1109,2.3603227138519287,168,2319,0.08971051126718521,-6.254214763641357,7.951418876647949,36,13,,
0.0001,1203,3.552715301513672,181,2508,0.08901593834161758,-5.768581867218018,8.1825590133667,40,13,,
0.0001,1273,3.7905101776123047,192,2648,0.08850772678852081,-5.0707197189331055,8.786619186401367,44,13,,
0.0001,1294,3.17327618598938,197,2689,0.0883772000670433,-7.056581974029541,8.484016418457031,48,13,,
0.0001,1390,3.543850898742676,217,2881,0.08776317536830902,-5.404547691345215,8.894380569458008,52,13,,
0.0001,1459,5.140228271484375,228,3020,0.08740827441215515,-3.844768524169922,9.375761985778809,56,13,,
0.0001,1481,5.695923805236816,233,3064,0.08730161935091019,-3.9336097240448,9.148064613342285,60,13,,
0.0001,1510,6.523745536804199,239,3121,0.0871741995215416,-2.8992059230804443,9.881195068359375,64,13,,
0.0001,1605,6.113415718078613,256,3312,0.08676955103874207,-2.830568790435791,9.34799575805664,68,12,,
0.0001,1630,7.382270812988281,262,3362,0.08667439967393875,-3.833132266998291,9.554336547851562,72,12,,
0.0001,1683,5.526891231536865,276,3468,0.08643712103366852,-2.362344264984131,10.578924179077148,76,12,,
0.0001,1752,7.128816604614258,289,3605,0.08617133647203445,-2.215580463409424,10.502111434936523,80,12,,
0.0001,1792,5.261829376220703,297,3685,0.08609100431203842,-1.1968328952789307,10.432374954223633,84,12,,
0.0001,1830,5.882377624511719,304,3762,0.08604840189218521,-0.6143419146537781,9.991512298583984,88,12,,
0.0001,1860,6.080262184143066,310,3821,0.08603812009096146,-0.752916157245636,10.102792739868164,92,12,,
0.0001,1918,6.9275593757629395,320,3938,0.08597781509160995,-1.533055067062378,10.562675476074219,96,12,,
0.0001,1980,9.013772010803223,336,4061,0.08592746406793594,-0.6443864703178406,10.831111907958984,100,12,,
0.0001,2031,8.597081184387207,345,4163,0.08590423315763474,0.5832540988922119,10.990920066833496,104,12,,
0.0001,2060,9.141778945922852,351,4222,0.08588746190071106,-0.8991965055465698,11.064863204956055,108,12,,
0.0001,2095,9.384602546691895,357,4291,0.08589624613523483,0.008862853050231934,11.18161392211914,112,11,,
0.0001,2131,8.231258392333984,365,4363,0.08590779453516006,-0.9832988977432251,10.930187225341797,116,11,,
0.0001,2163,9.841268539428711,371,4428,0.08588596433401108,0.29979032278060913,11.308435440063477,120,11,,
0.0001,2201,9.372663497924805,378,4503,0.08591234683990479,1.386720895767212,10.986452102661133,124,11,,
0.0001,2231,10.63454818725586,390,4563,0.08596430718898773,-0.12675678730010986,10.493499755859375,128,11,,
0.0001,2269,9.867670059204102,397,4640,0.08601853251457214,0.8982958197593689,11.395383834838867,132,11,,
0.0001,2308,8.68936538696289,404,4717,0.086082324385643,-0.28300631046295166,11.387716293334961,136,11,,
0.0001,2350,11.283425331115723,411,4802,0.08615422248840332,0.10970526933670044,10.77696418762207,140,11,,
0.0001,2405,11.999423027038574,420,4911,0.08625820279121399,2.2155873775482178,11.59341812133789,144,11,,
0.0001,2505,7.497735023498535,435,5112,0.08652018755674362,1.102677822113037,11.667974472045898,148,11,,
0.0001,2547,10.27806568145752,447,5196,0.08663458377122879,0.8638451099395752,11.540706634521484,152,11,,
0.0001,2622,9.966317176818848,459,5346,0.0868450477719307,0.2863895893096924,11.74292278289795,156,11,,
0.0001,2661,12.955488204956055,466,5423,0.08697602152824402,1.691227912902832,12.242877006530762,160,11,,
0.0001,2692,9.624534606933594,472,5486,0.08706818521022797,-0.44634902477264404,11.557641983032227,164,11,,
0.0001,2722,9.678630828857422,477,5546,0.08712433278560638,0.2734910249710083,11.882390975952148,168,11,,
0.0001,2781,10.643224716186523,486,5664,0.08726262301206589,0.1286652386188507,11.864851951599121,172,11,,
0.0001,2806,14.134291648864746,497,5714,0.0873434916138649,1.8480312824249268,12.35460090637207,176,11,,
0.0001,2851,9.125006675720215,505,5803,0.08753751963376999,1.2471458911895752,12.465229034423828,180,11,,
0.0001,2896,18.3914794921875,513,5894,0.08774911612272263,2.511369228363037,12.42813777923584,184,11,,
0.0001,2974,7.329120635986328,525,6050,0.08804692327976227,1.160031795501709,12.896402359008789,188,11,,
0.0001,3018,12.986443519592285,533,6138,0.08826711028814316,2.079761028289795,11.96122932434082,192,11,,
0.0001,3083,12.659345626831055,542,6267,0.08859149366617203,0.5970987677574158,12.785261154174805,196,11,,
0.0001,3121,10.187070846557617,555,6344,0.08875743299722672,2.249753952026367,13.059313774108887,200,11,,
0.0001,3164,9.225674629211426,563,6430,0.08897161483764648,1.906064748764038,12.168320655822754,204,11,,
0.0001,3187,11.177800178527832,568,6476,0.08909881114959717,1.5167536735534668,11.876181602478027,208,11,,
0.0001,3218,10.56170654296875,574,6538,0.08925184607505798,0.5818626880645752,13.272516250610352,212,11,,
0.0001,3262,13.225679397583008,581,6625,0.08944143354892731,2.135664701461792,13.780622482299805,216,11,,
0.0001,3312,11.494749069213867,590,6725,0.08966755121946335,0.9616978168487549,12.879907608032227,220,11,,
0.0001,3369,10.610584259033203,600,6839,0.08990602940320969,0.6827207207679749,12.76662826538086,224,11,,
0.0001,3413,12.26583480834961,614,6927,0.09011710435152054,1.8944231271743774,13.09164047241211,228,11,,
0.0001,3449,11.292454719543457,622,7000,0.09029830247163773,1.6960208415985107,13.729646682739258,232,11,,
0.0001,3480,11.851886749267578,629,7062,0.09042742103338242,1.6494300365447998,12.693120002746582,236,11,,
0.0001,3516,10.959814071655273,637,7133,0.09059920907020569,1.6012808084487915,13.335002899169922,240,11,,
0.0001,3556,12.267232894897461,645,7214,0.09079207479953766,2.012646198272705,12.876136779785156,244,11,,
0.0001,3609,13.584866523742676,655,7319,0.09107847511768341,1.2951242923736572,12.785576820373535,248,11,,
0.0001,3646,11.79450798034668,668,7393,0.09129936248064041,1.5048339366912842,12.866559982299805,252,11,,
0.0001,3692,11.044893264770508,675,7486,0.09148760885000229,1.6601909399032593,14.075250625610352,256,11,,
0.0001,3719,14.52330207824707,681,7539,0.09160769730806351,0.42504897713661194,13.053333282470703,260,11,,
0.0001,3743,9.179149627685547,686,7588,0.09170010685920715,2.137193202972412,13.484771728515625,264,11,,
0.0001,3784,11.216575622558594,693,7670,0.09188321977853775,1.7186996936798096,13.86904525756836,268,11,,
0.0001,3816,12.064949035644531,699,7734,0.09205091744661331,1.3751955032348633,13.493865966796875,272,11,,
0.0001,3843,11.001112937927246,711,7788,0.09217707067728043,0.3142390847206116,13.542745590209961,276,10,,
0.0001,3907,9.984745025634766,720,7916,0.09248574078083038,1.5120368003845215,13.580074310302734,280,10,,
0.0001,3951,16.846153259277344,728,8004,0.0927048921585083,1.1422967910766602,13.177141189575195,284,10,,
0.0001,4001,11.648212432861328,736,8103,0.09289286285638809,1.03571355342865,13.669591903686523,288,11,,
0.0001,4036,16.795196533203125,743,8174,0.09304041415452957,2.0270090103149414,14.569459915161133,292,10,,
0.0001,4078,16.64251136779785,750,8258,0.09319209307432175,0.504155158996582,14.216983795166016,296,10,,
0.0001,4111,14.022789001464844,762,8324,0.0933101698756218,0.2164233922958374,14.027046203613281,300,10,,
0.0001,4156,10.318038940429688,770,8413,0.0934525653719902,0.9815781116485596,13.60986328125,304,10,,
0.0001,4201,12.524154663085938,778,8503,0.09372062981128693,2.082002639770508,14.254761695861816,308,10,,
0.0001,4236,13.024836540222168,784,8573,0.09388357400894165,0.4026070237159729,14.190766334533691,312,10,,
0.0001,4261,12.280244827270508,790,8623,0.09399730712175369,1.5486112833023071,14.088075637817383,316,10,,
0.0001,4289,11.83802604675293,796,8679,0.09413007646799088,-0.543287992477417,14.18559741973877,320,10,,
0.0001,4313,15.797391891479492,801,8727,0.09420592337846756,1.0136176347732544,14.515568733215332,324,10,,
0.0001,4361,12.025472640991211,816,8823,0.09451469779014587,0.6847072839736938,13.719265937805176,328,10,,
0.0001,4417,11.758098602294922,827,8935,0.09477260708808899,0.5919365882873535,14.281011581420898,332,10,,
0.0001,4458,11.700691223144531,835,9017,0.09493797272443771,1.2241172790527344,13.743979454040527,336,10,,
0.0001,4481,16.341638565063477,840,9064,0.09505234658718109,-0.07883867621421814,13.826349258422852,340,10,,
0.0001,4507,12.545978546142578,846,9115,0.09512627869844437,0.43876057863235474,13.801752090454102,344,10,,
0.0001,4544,8.331859588623047,854,9190,0.0952816754579544,0.9384536743164062,14.176877975463867,348,10,,
0.0001,4582,12.016490936279297,867,9266,0.09538151323795319,0.23903986811637878,14.424203872680664,352,10,,
0.0001,4627,20.30579948425293,876,9355,0.09547962993383408,0.45125842094421387,14.492250442504883,356,10,,
0.0001,4654,16.019311904907227,881,9409,0.09548276662826538,-1.4709317684173584,13.673521041870117,360,10,,
0.0001,4700,10.059764862060547,890,9501,0.09551899880170822,1.105063557624817,14.962198257446289,364,10,,
0.0001,4731,11.779783248901367,896,9563,0.09559768438339233,0.19642600417137146,15.180492401123047,368,10,,
0.0001,4765,14.425024032592773,904,9632,0.09565246850252151,0.28364601731300354,15.051273345947266,372,10,,
0.0001,4798,12.689702987670898,916,9698,0.09576570242643356,-0.7504196166992188,13.69009017944336,376,10,,
0.0001,4844,15.819697380065918,924,9790,0.09559128433465958,0.6151485443115234,15.19287395477295,380,10,,
0.0001,4882,14.907081604003906,931,9865,0.09561049193143845,0.7763254046440125,15.250168800354004,384,10,,
0.0001,4931,15.077455520629883,940,9963,0.09558729082345963,-1.3002846240997314,14.144393920898438,388,10,,
0.0001,4962,11.810647964477539,946,10026,0.09540949016809464,-0.9439188838005066,14.340740203857422,392,10,,
0.0001,4999,11.309858322143555,953,10100,0.09521973878145218,-1.3826625347137451,13.820220947265625,396,10,,
0.0001,5056,17.908662796020508,968,10214,0.09505164623260498,0.6794611215591431,14.236298561096191,400,10,,
0.0001,5138,20.699275970458984,981,10377,0.09487682580947876,-0.015392035245895386,15.106989860534668,404,10,,
0.0001,5193,21.097177505493164,992,10487,0.09478971362113953,1.79227876663208,14.512229919433594,408,10,,
0.0001,5249,13.0237398147583,1003,10599,0.09479495137929916,-0.6481969356536865,13.901872634887695,412,10,,
0.0001,5273,17.633893966674805,1009,10648,0.09474095702171326,0.48930615186691284,14.0264892578125,416,10,,
0.0001,5311,18.13325309753418,1016,10723,0.0947512537240982,1.054137945175171,14.893394470214844,420,10,,
0.0001,5357,15.593149185180664,1024,10815,0.0949435830116272,0.9793825149536133,13.418657302856445,424,10,,
0.0001,5485,17.7849178314209,1049,11072,0.09518930315971375,-0.7405540943145752,14.083242416381836,428,10,,
0.0001,5523,18.06055450439453,1056,11147,0.09515529125928879,-0.5920835137367249,14.260770797729492,432,10,,
0.0001,5569,19.247905731201172,1064,11239,0.0951295867562294,1.001269817352295,15.412137031555176,436,10,,
0.0001,5605,20.25897979736328,1071,11312,0.09509362280368805,0.8048335313796997,13.735088348388672,440,10,,
0.0001,5646,19.679733276367188,1078,11393,0.09495259821414948,-0.48915308713912964,13.980525970458984,444,10,,
0.0001,5701,14.875330924987793,1088,11504,0.09469649195671082,-0.6186533570289612,13.650195121765137,448,10,,
0.0001,5759,15.190713882446289,1103,11619,0.09453333169221878,-0.8620426654815674,13.971115112304688,452,10,,
0.0001,5796,17.550071716308594,1110,11693,0.09436541795730591,-0.6258792281150818,13.990652084350586,456,10,,
0.0001,5857,14.801248550415039,1121,11816,0.09374693781137466,-1.4787653684616089,13.917290687561035,460,10,,
0.0001,5940,18.573925018310547,1138,11981,0.09286502748727798,-1.026374101638794,13.020773887634277,464,10,,
0.0001,5995,43.495174407958984,1147,12092,0.0923798680305481,-1.2415904998779297,12.638571739196777,468,10,,
0.0001,6022,19.074520111083984,1153,12146,0.09222753345966339,-0.9886939525604248,13.715921401977539,472,10,,
0.0001,6075,15.273658752441406,1167,12252,0.0916779488325119,-1.6280330419540405,14.6583251953125,476,10,,
0.0001,6131,15.7972412109375,1177,12363,0.09108620136976242,-2.4273767471313477,13.644298553466797,480,10,,
0.0001,6185,15.063075065612793,1187,12472,0.09030961990356445,-1.759516954421997,13.419051170349121,484,10,,
0.0001,6226,18.5584716796875,1194,12553,0.0898037701845169,-0.6756729483604431,13.528118133544922,488,10,,
0.0001,6309,14.664253234863281,1207,12719,0.0890030637383461,-0.8226253986358643,12.68539810180664,492,10,,
0.0001,6377,16.0285701751709,1217,12855,0.08849085867404938,-1.849839687347412,12.796014785766602,496,10,,
0.0001,6428,15.650135040283203,1231,12957,0.08804813772439957,-2.3085379600524902,12.778446197509766,500,10,,
0.0001,6477,17.031375885009766,1241,13056,0.08746539801359177,-1.3101037740707397,11.340646743774414,504,10,,
0.0001,6516,20.74959373474121,1249,13134,0.08697067946195602,-2.0535507202148438,13.677518844604492,508,10,,
0.0001,6578,14.839978218078613,1260,13258,0.08632303029298782,-1.1914299726486206,11.91071891784668,512,10,,
0.0001,6617,13.169246673583984,1268,13335,0.08592510968446732,-1.919417142868042,12.890494346618652,516,10,,
0.0001,6671,14.307493209838867,1278,13444,0.08545546233654022,-1.8327267169952393,13.09274673461914,520,10,,
0.0001,6761,17.51789093017578,1293,13623,0.08473502844572067,-0.8866060972213745,12.020246505737305,524,10,,
0.0001,6816,16.443836212158203,1307,13733,0.08428201824426651,-1.883472204208374,12.870863914489746,528,10,,
0.0001,6853,18.037181854248047,1314,13808,0.08395014703273773,-2.0840952396392822,12.89242935180664,532,10,,
0.0001,6911,14.674219131469727,1323,13924,0.08350371569395065,-0.764946460723877,12.385473251342773,536,10,,
0.0001,6995,22.201812744140625,1337,14092,0.08290626853704453,-1.4749701023101807,11.125497817993164,540,10,,
0.0001,7042,14.79089069366455,1345,14186,0.08240505307912827,-0.8189977407455444,12.0440673828125,544,10,,
0.0001,7083,22.233238220214844,1353,14267,0.08214011043310165,-0.8257995843887329,11.289360046386719,548,10,,
0.0001,7136,14.990483283996582,1370,14373,0.08169820159673691,-1.3790614604949951,12.061447143554688,552,10,,
0.0001,7189,15.213846206665039,1379,14479,0.08134839683771133,-2.075423002243042,12.366377830505371,556,10,,
0.0001,7231,15.382774353027344,1387,14564,0.08103333413600922,-0.8389369249343872,13.206844329833984,560,10,,
0.0001,7262,19.463987350463867,1394,14626,0.08084472268819809,-1.870260238647461,12.146329879760742,564,10,,
0.0001,7307,15.956518173217773,1403,14715,0.08054357767105103,-0.969214677810669,12.050139427185059,568,10,,
0.0001,7336,15.60992431640625,1409,14773,0.08037961274385452,-1.3526356220245361,11.572139739990234,572,10,,
0.0001,7369,14.165088653564453,1422,14840,0.08019936829805374,-0.6415177583694458,13.27166748046875,576,10,,
0.0001,7437,14.1067533493042,1434,14975,0.07983672618865967,-2.658694267272949,12.881135940551758,580,10,,
0.0001,7484,19.42706298828125,1442,15069,0.07949604094028473,-1.2049258947372437,13.504827499389648,584,10,,
0.0001,7536,15.741275787353516,1450,15173,0.07918929308652878,-1.8305046558380127,11.813482284545898,588,10,,
0.0001,7565,13.759469985961914,1456,15232,0.07903440296649933,-0.8091479539871216,11.262096405029297,592,10,,
0.0001,7615,18.986289978027344,1465,15331,0.07881169766187668,-1.9187108278274536,12.812597274780273,596,10,,
0.0001,7642,12.392038345336914,1476,15385,0.07863502949476242,-2.143385410308838,11.609397888183594,600,10,,
0.0001,7691,16.003799438476562,1486,15483,0.07826404273509979,-0.7676700949668884,11.93135929107666,604,10,,
0.0001,7741,20.533309936523438,1495,15583,0.07792855054140091,-0.8077027797698975,12.456905364990234,608,10,,
0.0001,7781,16.913013458251953,1503,15663,0.07771196961402893,-0.13198453187942505,11.430733680725098,612,10,,
0.0001,7828,18.318429946899414,1512,15757,0.07741814851760864,-1.417840600013733,12.568167686462402,616,10,,
0.0001,7860,17.174530029296875,1519,15821,0.07726376503705978,-0.3990451991558075,11.521634101867676,620,10,,
0.0001,7920,14.390735626220703,1529,15942,0.07690320909023285,-0.7054058909416199,11.723906517028809,624,10,,
0.0001,7963,14.955656051635742,1543,16027,0.07671449333429337,-1.350589394569397,10.860448837280273,628,10,,
0.0001,7995,16.552581787109375,1550,16091,0.07656849175691605,0.1808721125125885,12.105318069458008,632,10,,
0.0001,8036,15.271330833435059,1558,16174,0.07650309801101685,-0.9645203351974487,11.555814743041992,636,10,,
0.0001,8074,14.780248641967773,1565,16249,0.0763445571064949,-1.314602017402649,11.668777465820312,640,10,,
0.0001,8109,15.228433609008789,1572,16319,0.07618505507707596,-0.14808787405490875,11.178449630737305,644,10,,
0.0001,8151,15.02900505065918,1580,16403,0.07605460286140442,-0.8737610578536987,12.563315391540527,648,10,,
0.0001,8180,14.087778091430664,1592,16462,0.07590819895267487,-1.4337046146392822,12.000040054321289,652,10,,
0.0001,8224,13.16684341430664,1599,16549,0.07573871314525604,-0.7508275508880615,11.334537506103516,656,10,,
0.0001,8268,16.73398208618164,1607,16637,0.07565774768590927,1.0624743700027466,10.864891052246094,660,10,,
0.0001,8313,17.821603775024414,1615,16727,0.07563980668783188,-0.7903640866279602,12.049583435058594,664,10,,
0.0001,8343,14.041196823120117,1621,16787,0.07552944868803024,-1.4538302421569824,11.02299976348877,668,10,,
0.0001,8381,16.629032135009766,1629,16864,0.07533831894397736,-0.03125385195016861,11.143217086791992,672,10,,
0.0001,8429,17.187864303588867,1642,16960,0.07523433864116669,-0.8240261077880859,10.923648834228516,676,10,,
0.0001,8493,20.56814956665039,1653,17087,0.0748763456940651,-1.408332347869873,10.53398323059082,680,10,,
0.0001,8526,15.32783317565918,1660,17154,0.0747695043683052,-0.442749947309494,12.076737403869629,684,10,,
0.0001,8561,15.803600311279297,1666,17223,0.07467218488454819,-0.5731875896453857,11.446969985961914,688,10,,
0.0001,8596,13.561022758483887,1673,17294,0.07453755289316177,0.12333555519580841,11.965719223022461,692,10,,
0.0001,8630,15.46133041381836,1679,17361,0.07445107400417328,-1.1394118070602417,11.11625862121582,696,10,,
0.0001,8664,17.442075729370117,1691,17430,0.0742751806974411,-0.34684517979621887,11.53020191192627,700,10,,
0.0001,8700,18.704896926879883,1698,17502,0.07408429682254791,-1.2261406183242798,12.19935417175293,704,10,,
0.0001,8736,16.6976375579834,1705,17573,0.07398749887943268,-1.1327688694000244,10.586434364318848,708,10,,
0.0001,8775,13.710262298583984,1713,17651,0.07374657690525055,-1.6678647994995117,11.268169403076172,712,10,,
0.0001,8804,17.593717575073242,1719,17710,0.07358264178037643,0.07132551074028015,11.385749816894531,716,10,,
0.0001,8846,14.235055923461914,1726,17793,0.0734393373131752,-0.24003131687641144,10.811288833618164,720,10,,
0.0001,8901,14.102374076843262,1735,17903,0.07331530749797821,-0.2851017117500305,10.66016674041748,724,10,,
0.0001,8960,13.487130165100098,1751,18021,0.07310492545366287,-0.2591174244880676,12.035618782043457,728,10,,
0.0001,9006,14.855308532714844,1761,18114,0.07291936129331589,-1.1812664270401,11.627532005310059,732,10,,
0.0001,9046,17.815189361572266,1768,18194,0.07270576804876328,-0.5781455636024475,11.746110916137695,736,10,,
0.0001,9093,18.22519302368164,1777,18287,0.07256092876195908,-0.7185072302818298,10.926446914672852,740,10,,
0.0001,9139,13.075484275817871,1785,18380,0.072352334856987,-0.75909423828125,10.876815795898438,744,10,,
0.0001,9184,19.153152465820312,1794,18470,0.07212841510772705,-1.014493703842163,11.487785339355469,748,10,,
0.0001,9229,12.767366409301758,1808,18559,0.07194093614816666,-0.2571696639060974,10.319206237792969,752,10,,
0.0001,9273,17.63033676147461,1817,18648,0.07170840352773666,-0.9819347858428955,11.104263305664062,756,10,,
0.0001,9313,14.233091354370117,1825,18728,0.07153462618589401,-0.8206865191459656,11.14474105834961,760,10,,
0.0001,9384,24.92331314086914,1837,18869,0.07143060863018036,-0.362373411655426,11.37486457824707,764,10,,
0.0001,9433,13.272603988647461,1845,18967,0.07131494581699371,1.0088711977005005,11.135246276855469,768,10,,
0.0001,9475,19.41859245300293,1854,19051,0.07117731124162674,-1.5306309461593628,10.061519622802734,772,10,,
0.0001,9508,11.697955131530762,1866,19118,0.07109547406435013,-0.0924575924873352,9.703845977783203,776,10,,
0.0001,9532,16.88687515258789,1871,19165,0.07108195126056671,-0.12274868786334991,9.517333984375,780,10,,
0.0001,9578,14.613164901733398,1879,19257,0.07100606709718704,-0.9172274470329285,10.632474899291992,784,10,,
0.0001,9618,15.293634414672852,1887,19338,0.07101938873529434,0.06459078937768936,11.22067642211914,788,10,,
0.0001,9651,20.26791000366211,1893,19404,0.07099546492099762,0.34858250617980957,11.623635292053223,792,10,,
0.0001,9677,20.616897583007812,1899,19456,0.07093971967697144,-0.6033909916877747,10.782079696655273,796,10,,
0.0001,9706,15.661872863769531,1911,19513,0.07089852541685104,0.4757264256477356,10.919628143310547,800,10,,
0.0001,9735,16.509654998779297,1917,19571,0.07095851004123688,0.8188326358795166,10.025110244750977,804,10,,
0.0001,9768,17.723939895629883,1923,19637,0.07101447880268097,-0.2534380257129669,11.270730018615723,808,10,,
0.0001,9794,14.27073860168457,1930,19689,0.07100754231214523,0.6541616320610046,11.047929763793945,812,10,,
0.0001,9830,19.763248443603516,1937,19762,0.07100191712379456,-0.65590500831604,9.72616958618164,816,10,,
0.0001,9863,14.914131164550781,1943,19828,0.07097246497869492,-0.34960290789604187,10.278707504272461,820,10,,
0.0001,9948,19.90435028076172,1959,19998,0.0709744468331337,0.5251153111457825,11.21744441986084,824,10,,
0.0001,9991,17.25115966796875,1974,20083,0.07093226164579391,-0.3762351870536804,11.160574913024902,828,10,,
0.0001,10022,15.97134017944336,1980,20145,0.07088454812765121,-1.3183000087738037,9.56065845489502,832,10,,
0.0001,10047,15.497835159301758,1987,20196,0.07080766558647156,-1.4230320453643799,9.589235305786133,836,10,,
0.0001,10086,17.63558578491211,1994,20273,0.07078147679567337,-0.09231618046760559,10.738147735595703,840,10,,
0.0001,10132,18.887229919433594,2003,20366,0.07068803906440735,-0.6576224565505981,10.309423446655273,844,10,,
0.0001,10172,17.63217544555664,2011,20445,0.07045690715312958,0.09312376379966736,9.488375663757324,848,10,,
0.0001,10212,16.040210723876953,2024,20525,0.07038140296936035,0.06542736291885376,9.416196823120117,852,10,,
0.0001,10247,15.1863374710083,2031,20595,0.07040662318468094,-0.5289411544799805,10.243378639221191,856,10,,
0.0001,10280,15.850584030151367,2037,20662,0.0703313797712326,-0.45589134097099304,10.00333023071289,860,10,,
0.0001,10321,14.28512954711914,2045,20744,0.07029496878385544,1.446372628211975,10.818424224853516,864,10,,
0.0001,10380,18.03965950012207,2055,20861,0.07039977610111237,1.3948016166687012,10.37921142578125,868,10,,
0.0001,10444,15.638097763061523,2066,20989,0.07043662667274475,1.1199151277542114,9.31492805480957,872,10,,
0.0001,10475,16.641189575195312,2108,21052,0.07055700570344925,-1.0039377212524414,9.82232666015625,876,9,,
0.0001,10529,13.582168579101562,2120,21159,0.07043718546628952,-1.0263711214065552,9.26734733581543,880,9,,
0.0001,10588,14.17404842376709,2132,21278,0.07031389325857162,-0.21933354437351227,9.259784698486328,884,9,,
0.0001,10622,14.510167121887207,2140,21345,0.07022004574537277,-1.0694575309753418,9.105123519897461,888,9,,
0.0001,10667,16.141254425048828,2149,21435,0.07013101875782013,-0.4156303405761719,9.59394645690918,892,9,,
0.0001,10692,19.79937744140625,2155,21486,0.07006869465112686,0.031284183263778687,9.307132720947266,896,9,,
0.0001,10717,13.980034828186035,2166,21536,0.06997043639421463,-0.91804039478302,7.799500942230225,900,9,,
0.0001,10742,15.389812469482422,2171,21586,0.0699303075671196,-0.7439428567886353,9.16885757446289,904,9,,
0.0001,10771,14.732850074768066,2177,21644,0.06984025239944458,-0.829569399356842,9.54305648803711,908,9,,
0.0001,10800,16.49799346923828,2183,21702,0.06978167593479156,-0.6475582122802734,9.757644653320312,912,9,,
0.0001,10842,18.27861785888672,2190,21786,0.06972099095582962,0.510576069355011,9.21513557434082,916,9,,
0.0001,10871,13.910195350646973,2196,21843,0.06969773024320602,-0.38327014446258545,8.842336654663086,920,9,,
0.0001,10904,14.589366912841797,2202,21910,0.0696716234087944,-1.661672830581665,9.36225700378418,924,9,,
0.0001,10945,16.887327194213867,2216,21992,0.06954148411750793,0.4423089027404785,10.809255599975586,928,9,,
0.0001,11005,19.445541381835938,2227,22111,0.06949363648891449,0.05437217652797699,11.545918464660645,932,9,,
0.0001,11031,15.648194313049316,2233,22163,0.06952773034572601,1.0528554916381836,9.761302947998047,936,9,,
0.0001,11084,16.58112144470215,2243,22270,0.06967252492904663,-0.8633247017860413,8.923286437988281,940,9,,
0.0001,11128,16.11890411376953,2252,22358,0.0696357861161232,-1.40714430809021,9.343345642089844,944,9,,
0.0001,11157,20.1660099029541,2258,22415,0.06966815143823624,0.5446634292602539,9.191200256347656,948,9,,
0.0001,11206,15.067455291748047,2273,22513,0.06964538991451263,0.043241292238235474,9.405791282653809,952,9,,
0.0001,11242,17.433414459228516,2280,22585,0.0696493536233902,-0.05393223464488983,9.325055122375488,956,9,,
0.0001,11295,12.504790306091309,2289,22692,0.06961827725172043,0.4121115505695343,9.480894088745117,960,9,,
0.0001,11323,15.547274589538574,2294,22748,0.06974823027849197,0.3960828483104706,9.526615142822266,964,9,,
0.0001,11361,14.701228141784668,2301,22824,0.0696849673986435,0.2966788411140442,8.950868606567383,968,9,,
0.0001,11383,15.53610610961914,2307,22867,0.06974238902330399,0.584160566329956,9.568475723266602,972,9,,
0.0001,11426,13.854835510253906,2320,22954,0.06983335316181183,0.2031668871641159,10.1956148147583,976,9,,
0.0001,11473,17.20094108581543,2328,23048,0.06994683295488358,1.4432625770568848,9.919800758361816,980,9,,
0.0001,11506,14.327906608581543,2334,23114,0.07011065632104874,0.18502920866012573,9.42635726928711,984,9,,
0.0001,11543,13.311614990234375,2341,23188,0.07021967321634293,0.5900958776473999,10.184562683105469,988,9,,
0.0001,11570,19.90886688232422,2347,23241,0.07036665081977844,0.022111058235168457,8.753612518310547,992,9,,
0.0001,11608,15.096532821655273,2354,23318,0.07055822014808655,1.788325548171997,11.019044876098633,996,9,,
0.0001,11646,14.305249214172363,2368,23394,0.07071521133184433,0.89406818151474,9.935546875,1000,9,,
0.0001,11674,14.76409912109375,2374,23449,0.07078640908002853,0.38809359073638916,8.969615936279297,1004,9,,
0.0001,11707,15.549200057983398,2380,23516,0.07086925953626633,-0.3903859257698059,9.152891159057617,1008,9,,
0.0001,11741,16.882076263427734,2387,23583,0.07092385739088058,0.9044046401977539,9.08974552154541,1012,9,,
0.0001,11779,16.37319564819336,2394,23659,0.07103531062602997,1.8746371269226074,9.152335166931152,1016,9,,
0.0001,11804,13.45672607421875,2400,23710,0.07116476446390152,0.9893687963485718,10.000432968139648,1020,9,,
0.0001,11862,12.881159782409668,2409,23826,0.07138117402791977,-0.4211809039115906,8.673165321350098,1024,9,,
0.0001,11903,12.866065979003906,2423,23908,0.0713481456041336,0.03966325521469116,9.919626235961914,1028,9,,
0.0001,11948,15.614910125732422,2430,23997,0.07148799300193787,0.7353051900863647,8.98650074005127,1032,9,,
0.0001,11976,15.174102783203125,2436,24054,0.07162261754274368,1.1443809270858765,9.324447631835938,1036,9,,
0.0001,12015,13.206504821777344,2443,24131,0.07178188860416412,0.7155190110206604,8.669754028320312,1040,9,,
0.0001,12054,19.507741928100586,2450,24209,0.07198755443096161,0.34338197112083435,9.842816352844238,1044,9,,
0.0001,12090,13.778294563293457,2457,24282,0.07220910489559174,0.7849128842353821,9.928083419799805,1048,9,,
0.0001,12120,12.501625061035156,2468,24341,0.07234448939561844,-0.027205616235733032,8.742430686950684,1052,9,,
0.0001,12143,11.124801635742188,2473,24388,0.07249969989061356,0.49203017354011536,8.40445327758789,1056,9,,
0.0001,12173,15.065689086914062,2479,24447,0.07259538024663925,1.6524358987808228,9.136425018310547,1060,9,,
0.0001,12197,16.988082885742188,2484,24495,0.0727713406085968,4.017850399017334,9.732940673828125,1064,9,,
0.0001,12240,14.225072860717773,2492,24582,0.07286644726991653,0.6202073097229004,9.24978256225586,1068,9,,
0.0001,12262,12.304706573486328,2497,24626,0.07296144962310791,0.9173455238342285,9.700411796569824,1072,9,,
0.0001,12305,18.080659866333008,2510,24712,0.07307761907577515,0.8266829252243042,9.535709381103516,1076,9,,
0.0001,12329,15.170780181884766,2516,24760,0.0731268897652626,0.419657438993454,9.679035186767578,1080,9,,
0.0001,12364,16.05417251586914,2524,24830,0.07320191711187363,-1.2744319438934326,9.398416519165039,1084,9,,
0.0001,12413,11.539800643920898,2533,24927,0.07317666709423065,-0.21424080431461334,8.987286567687988,1088,9,,
0.0001,12442,13.315143585205078,2540,24985,0.07327238470315933,1.9996991157531738,9.659563064575195,1092,9,,
0.0001,12485,14.522844314575195,2548,25071,0.0735458955168724,0.17210951447486877,9.219594955444336,1096,9,,
0.0001,12540,15.27908706665039,2564,25182,0.07370302081108093,0.07627999782562256,8.619941711425781,1100,9,,
0.0001,12595,17.689733505249023,2573,25291,0.07391039282083511,-0.09928417205810547,8.567866325378418,1104,9,,
0.0001,12637,13.90267276763916,2581,25375,0.07395853847265244,0.7777917385101318,8.890018463134766,1108,9,,
0.0001,12676,13.382976531982422,2587,25454,0.0740513801574707,0.7754758596420288,10.4133939743042,1112,9,,
0.0001,12712,13.252814292907715,2594,25525,0.0741414725780487,0.4050092101097107,9.286070823669434,1116,9,,
0.0001,12737,18.153688430786133,2600,25576,0.07418033480644226,0.49813926219940186,9.050127983093262,1120,9,,
0.0001,12771,15.603819847106934,2606,25643,0.07429593801498413,1.9897040128707886,10.47635269165039,1124,9,,
0.0001,12821,14.38160514831543,2620,25744,0.07434404641389847,1.3845372200012207,9.144182205200195,1128,9,,
0.0001,12860,14.746210098266602,2627,25822,0.07440520077943802,1.252745270729065,10.023327827453613,1132,9,,
0.0001,12930,11.378751754760742,2638,25962,0.0745682492852211,0.07584713399410248,10.339936256408691,1136,9,,
0.0001,12967,13.468745231628418,2645,26035,0.07478437572717667,1.0410161018371582,10.618192672729492,1140,9,,
0.0001,13001,13.09773063659668,2652,26103,0.07493643462657928,-0.2849746644496918,9.941099166870117,1144,9,,
0.0001,13029,12.226009368896484,2657,26160,0.07501251995563507,-0.17738765478134155,8.395303726196289,1148,9,,
0.0001,13059,12.476194381713867,2669,26220,0.07503781467676163,-0.47447121143341064,9.803853034973145,1152,9,,
0.0001,13088,18.156827926635742,2675,26277,0.07493487000465393,0.8255876302719116,9.838006019592285,1156,9,,
0.0001,13114,15.03689956665039,2680,26329,0.07485754787921906,-1.573502779006958,9.590351104736328,1160,9,,
0.0001,13143,15.019691467285156,2686,26387,0.07480605691671371,1.1384214162826538,10.507997512817383,1164,9,,
0.0001,13179,18.7821044921875,2692,26459,0.07488139718770981,0.4922719895839691,8.952978134155273,1168,9,,
0.0001,13210,14.499505043029785,2698,26522,0.07509949058294296,0.4605512022972107,9.898543357849121,1172,9,,
0.0001,13267,13.017062187194824,2713,26635,0.0751718208193779,-0.24683913588523865,10.713054656982422,1176,9,,
0.0001,13308,12.736177444458008,2722,26718,0.07516239583492279,0.2578759789466858,10.191082954406738,1180,9,,
0.0001,13350,16.27994728088379,2730,26801,0.07513613253831863,-0.5896711945533752,9.622503280639648,1184,9,,
0.0001,13402,14.403373718261719,2741,26906,0.07495271414518356,-1.1613160371780396,9.042318344116211,1188,9,,
0.0001,13430,17.545921325683594,2747,26962,0.07493437081575394,-0.9907468557357788,8.705702781677246,1192,9,,
0.0001,13479,15.329500198364258,2757,27060,0.07502301037311554,1.5002554655075073,9.562955856323242,1196,9,,
0.0001,13520,13.430280685424805,2770,27142,0.07512853294610977,0.08463531732559204,10.062838554382324,1200,9,,
0.0001,13574,11.17470645904541,2779,27250,0.07512693852186203,0.2540842294692993,9.525517463684082,1204,9,,
0.0001,13610,15.289627075195312,2786,27321,0.07519949972629547,0.36820319294929504,9.164214134216309,1208,9,,
0.0001,13644,13.821526527404785,2792,27389,0.07523229718208313,0.2088412344455719,10.17135238647461,1212,9,,
0.0001,13675,17.082298278808594,2798,27451,0.07522526383399963,1.1404922008514404,11.903359413146973,1216,9,,
0.0001,13718,14.60682487487793,2805,27538,0.07538291811943054,0.9904049038887024,9.834617614746094,1220,9,,
0.0001,13776,13.160823822021484,2816,27654,0.07550458610057831,0.5949662923812866,9.886096000671387,1224,9,,
0.0001,13814,11.057225227355957,2830,27729,0.07552069425582886,-0.7522826194763184,9.954004287719727,1228,9,,
0.0001,13850,15.116756439208984,2838,27801,0.07556398957967758,-0.31173792481422424,9.933713912963867,1232,9,,
0.0001,13890,16.360502243041992,2845,27881,0.07559652626514435,1.4818668365478516,9.792659759521484,1236,9,,
0.0001,13941,14.283117294311523,2855,27983,0.07558315247297287,1.4053993225097656,10.21713924407959,1240,9,,
0.0001,13978,12.466047286987305,2862,28057,0.0756317675113678,0.2720698118209839,9.973335266113281,1244,9,,
0.0001,14028,11.395896911621094,2871,28158,0.0755648985505104,-0.042394012212753296,9.760814666748047,1248,9,,
0.0001,14063,14.206254959106445,2884,28227,0.075655497610569,-0.027996644377708435,9.324158668518066,1252,9,,
0.0001,14101,13.493202209472656,2891,28303,0.07580706477165222,1.1761395931243896,10.773262977600098,1256,9,,
0.0001,14127,11.902414321899414,2897,28356,0.0758947879076004,1.2870666980743408,11.344242095947266,1260,9,,
0.0001,14166,14.977693557739258,2903,28434,0.07611510157585144,0.8678251504898071,10.295292854309082,1264,9,,
0.0001,14213,13.513650894165039,2911,28528,0.07625756412744522,-0.6369307637214661,9.99704360961914,1268,9,,
0.0001,14250,15.017038345336914,2918,28601,0.07631127536296844,2.928795576095581,10.135387420654297,1272,9,,
0.0001,14276,17.91002082824707,2930,28653,0.07647565007209778,0.9287687540054321,10.075413703918457,1276,9,,
0.0001,14320,14.866703987121582,2939,28741,0.07667089998722076,0.7132642269134521,9.322019577026367,1280,9,,
0.0001,14349,14.534795761108398,2945,28800,0.07675891369581223,0.766488790512085,10.771288871765137,1284,9,,
0.0001,14419,14.640897750854492,2956,28940,0.07706654071807861,0.32165953516960144,10.281560897827148,1288,9,,
0.0001,14467,13.792652130126953,2965,29035,0.07719103991985321,-0.20577776432037354,9.493401527404785,1292,9,,
0.0001,14500,13.472176551818848,2973,29102,0.07735931873321533,0.28488582372665405,9.359931945800781,1296,9,,
0.0001,14566,13.283163070678711,2992,29233,0.07738030701875687,0.9487496614456177,11.083956718444824,1300,9,,
0.0001,14623,14.526780128479004,3003,29348,0.07743274420499802,0.10512883961200714,9.401105880737305,1304,9,,
0.0001,14670,12.839008331298828,3013,29441,0.07744912058115005,1.295694351196289,8.94172477722168,1308,9,,
0.0001,14708,15.812887191772461,3021,29517,0.07763384282588959,-0.708426296710968,9.97566032409668,1312,9,,
0.0001,14746,13.808475494384766,3030,29593,0.0777241438627243,0.3346765637397766,9.839628219604492,1316,9,,
0.0001,14861,11.624387741088867,3048,29824,0.07770804315805435,1.4102964401245117,10.71756362915039,1320,9,,
0.0001,14896,19.69472312927246,3055,29894,0.07765635848045349,-0.6217287182807922,10.195137023925781,1324,9,,
0.0001,14979,14.013948440551758,3073,30059,0.07774258404970169,1.2986493110656738,9.896221160888672,1328,9,,
0.0001,15021,14.320252418518066,3081,30144,0.07785690575838089,0.8048577308654785,9.527097702026367,1332,9,,
0.0001,15049,9.58016300201416,3087,30199,0.07795752584934235,-0.6697708964347839,9.183183670043945,1336,9,,
0.0001,15091,12.384902954101562,3095,30283,0.07795839756727219,0.7207847833633423,9.600353240966797,1340,9,,
0.0001,15197,12.163543701171875,3110,30496,0.07804408669471741,-0.3932024836540222,9.74459457397461,1344,9,,
0.0001,15227,14.772928237915039,3117,30556,0.07803653925657272,-1.686523675918579,9.745984077453613,1348,9,,
0.0001,15255,16.16397476196289,3129,30612,0.07801542431116104,-0.7811647653579712,10.590350151062012,1352,9,,
0.0001,15331,15.15898323059082,3145,30763,0.07791920751333237,-0.10063785314559937,8.71546745300293,1356,9,,
0.0001,15384,18.102920532226562,3155,30870,0.07787393033504486,-0.7647862434387207,9.767364501953125,1360,9,,
0.0001,15433,14.343464851379395,3164,30968,0.07786401361227036,-0.8427117466926575,9.445232391357422,1364,9,,
0.0001,15471,12.935417175292969,3172,31043,0.07778207957744598,-0.43752536177635193,9.315624237060547,1368,9,,
0.0001,15523,14.47233772277832,3182,31148,0.07778473198413849,-0.030670419335365295,8.125531196594238,1372,9,,
0.0001,15561,11.927278518676758,3195,31223,0.07785046845674515,0.1943482756614685,9.419302940368652,1376,9,,
0.0001,15613,13.049737930297852,3205,31327,0.07786667346954346,-0.6763006448745728,10.238595962524414,1380,9,,
0.0001,15644,11.063117980957031,3211,31389,0.07781043648719788,-0.28950831294059753,9.395957946777344,1384,9,,
0.0001,15660,14.27365779876709,3215,31422,0.0777728259563446,0.23163272440433502,10.8572998046875,1388,9,,
0.0001,15697,10.408056259155273,3223,31495,0.07763773202896118,-0.5605625510215759,9.95736026763916,1392,9,,
0.0001,15740,13.251436233520508,3230,31581,0.07758766412734985,-0.19320546090602875,9.615965843200684,1396,9,,
0.0001,15836,12.41855239868164,3251,31774,0.07732343673706055,-0.42987120151519775,10.044078826904297,1400,9,,
0.0001,15935,14.153358459472656,3266,31971,0.0770479291677475,-0.04810413718223572,9.66038703918457,1404,9,,
0.0001,15958,16.093645095825195,3271,32018,0.07695645093917847,-1.1707791090011597,9.142855644226074,1408,9,,
0.0001,15983,12.600866317749023,3277,32068,0.07684049010276794,-0.09145697951316833,9.293212890625,1412,9,,
0.0001,16019,10.190568923950195,3284,32139,0.07679475843906403,-0.5105401277542114,9.728076934814453,1416,9,,
0.0001,16051,12.274262428283691,3291,32204,0.07679517567157745,-0.1808256208896637,10.274480819702148,1420,9,,
0.0001,16085,17.39784812927246,3298,32272,0.07676831632852554,-0.7231329679489136,10.692158699035645,1424,9,,
0.0001,16280,15.415623664855957,3331,32662,0.07640619575977325,-0.00468580424785614,10.532411575317383,1428,9,,
0.0001,16312,12.328371047973633,3338,32726,0.0762527659535408,-0.6604409217834473,9.649137496948242,1432,9,,
0.0001,16360,13.442689895629883,3348,32821,0.07611488550901413,0.008752644062042236,9.94168472290039,1436,9,,
0.0001,16461,10.984565734863281,3365,33023,0.07583971321582794,-0.5271100401878357,9.490571975708008,1440,9,,
0.0001,16504,10.66748332977295,3373,33109,0.07550130784511566,-0.2314075082540512,9.921539306640625,1444,9,,
0.0001,16585,12.784403800964355,3388,33272,0.07490973174571991,-0.23261713981628418,8.760601997375488,1448,9,,
0.0001,16721,9.257545471191406,3415,33544,0.07432969659566879,-0.5047242045402527,9.688432693481445,1452,9,,
0.0001,16796,14.78183364868164,3427,33693,0.07373077422380447,-0.8221902251243591,9.66368293762207,1456,9,,
0.0001,16833,20.02872085571289,3435,33767,0.07351600378751755,-0.1767336130142212,9.551021575927734,1460,9,,
0.0001,16955,16.226694107055664,3457,34011,0.07315737754106522,-0.12706129252910614,9.065078735351562,1464,9,,
0.0001,16992,13.151582717895508,3464,34086,0.0730656310915947,-0.4455816149711609,9.715274810791016,1468,9,,
0.0001,17048,14.019983291625977,3474,34197,0.07277514040470123,-1.404192328453064,8.736191749572754,1472,9,,
0.0001,17167,12.388835906982422,3497,34436,0.07231760025024414,0.38917410373687744,9.159191131591797,1476,9,,
0.0001,17221,10.439546585083008,3507,34544,0.07211484014987946,-1.0060797929763794,8.0073881149292,1480,9,,
0.0001,17281,12.974874496459961,3517,34664,0.07177134603261948,-0.6585662961006165,8.292718887329102,1484,9,,
0.0001,17315,9.445375442504883,3524,34731,0.07155115157365799,-0.8013702630996704,8.046796798706055,1488,9,,
0.0001,17345,14.498790740966797,3530,34792,0.07139414548873901,-0.7041327953338623,9.341830253601074,1492,9,,
0.0001,17381,18.706741333007812,3537,34863,0.07122908532619476,-0.48584824800491333,9.096702575683594,1496,9,,
0.0001,17454,13.853694915771484,3554,35009,0.07089392840862274,-0.11903533339500427,7.7737579345703125,1500,9,,
0.0001,17509,10.414407730102539,3564,35119,0.0705726370215416,0.6172500252723694,8.626792907714844,1504,9,,
0.0001,17567,9.406949996948242,3575,35236,0.07038664072751999,-0.7222232818603516,9.123117446899414,1508,9,,
0.0001,17606,11.530458450317383,3582,35314,0.07014717161655426,-1.1797857284545898,8.085329055786133,1512,9,,
0.0001,17639,17.366172790527344,3589,35379,0.06996791809797287,-0.3850539028644562,8.930500984191895,1516,9,,
0.0001,17875,11.886281967163086,3625,35852,0.06876765936613083,-1.168304204940796,7.723554611206055,1520,9,,
0.0001,17942,10.889667510986328,3637,35985,0.06834075599908829,-0.36097222566604614,8.675485610961914,1524,9,,
0.0001,18254,15.566234588623047,3686,36609,0.0665070042014122,-0.9164812564849854,7.423097610473633,1528,9,,
0.0001,18310,11.128116607666016,3696,36722,0.06616102904081345,-0.6348611116409302,6.986966609954834,1532,9,,
0.0001,18415,10.45401382446289,3712,36932,0.06548043340444565,-1.1412029266357422,7.485313415527344,1536,9,,
0.0001,18493,9.45619010925293,3725,37088,0.0650051087141037,-0.5564815998077393,6.698155403137207,1540,9,,
0.0001,18578,9.444328308105469,3739,37257,0.06445040553808212,-0.7708179950714111,7.797652721405029,1544,9,,
0.0001,18651,13.050821304321289,3750,37404,0.06414205580949783,-0.5169844627380371,7.090310573577881,1548,9,,
0.0001,18804,17.614124298095703,3777,37709,0.06322457641363144,-1.6380630731582642,7.328364372253418,1552,9,,
0.0001,18827,9.915912628173828,3782,37755,0.06301045417785645,-1.2120654582977295,7.9132280349731445,1556,9,,
0.0001,18879,12.395797729492188,3792,37860,0.0626734122633934,-0.44217178225517273,7.579718589782715,1560,9,,
0.0001,18935,8.912973403930664,3802,37972,0.062266889959573746,-1.767896294593811,8.197105407714844,1564,9,,
0.0001,19050,12.21650218963623,3821,38201,0.06167100369930267,-1.3485164642333984,6.231616973876953,1568,9,,
0.0001,19105,13.750282287597656,3832,38312,0.06133539229631424,-1.133837342262268,6.607933044433594,1572,9,,
0.0001,19128,11.920260429382324,3842,38357,0.061178985983133316,-0.48557037115097046,7.743995666503906,1576,9,,
0.0001,19867,16.50879669189453,3938,39835,0.05659232288599014,-1.5618727207183838,4.793278694152832,1580,10,,
0.0001,19951,9.124894142150879,3950,40004,0.05604274198412895,-2.755683422088623,5.779270172119141,1584,10,,
0.0001,20422,9.698020935058594,4009,40946,0.053384240716695786,0.3172264099121094,6.126850128173828,1588,10,,
0.0001,20951,12.516813278198242,4071,42004,0.05081695318222046,-0.8416076898574829,4.423456192016602,1592,10,,
0.0001,21284,7.376235485076904,4118,42670,0.049216724932193756,-1.1791858673095703,4.415818691253662,1596,10,,
0.0001,22116,7.928778648376465,4223,44334,0.04598681628704071,0.14085769653320312,4.158393859863281,1600,10,,
0.0001,22578,5.935415267944336,4285,45258,0.04403959959745407,-2.1543376445770264,2.5155205726623535,1604,10,,
0.0001,22743,5.279233932495117,4308,45587,0.0434432253241539,-0.9693033695220947,2.62601900100708,1608,10,,
0.0001,22890,5.435210704803467,4328,45881,0.04283925145864487,-0.8253148794174194,2.5665833950042725,1612,10,,
0.0001,23059,6.006761074066162,4356,46219,0.04223493114113808,0.04008901119232178,2.870530843734741,1616,10,,
0.0001,23622,5.6877617835998535,4441,47345,0.040186043828725815,-1.7918434143066406,1.9464077949523926,1620,10,,
0.0001,23658,3.2246313095092773,4449,47417,0.04008274897933006,-2.182755947113037,0.9144926071166992,1624,10,,
0.0001,24951,8.03042221069336,4630,50004,0.0355522483587265,-1.6470744609832764,1.2529568672180176,1628,10,,
0.0001,25591,3.903881311416626,4715,51283,0.03384151682257652,-0.22266680002212524,0.5852270126342773,1632,10,,
0.0001,25885,4.077886581420898,4758,51871,0.03331325575709343,0.4138438403606415,-0.22074508666992188,1636,10,,
0.0001,26715,4.03659725189209,4902,53532,0.03165796399116516,-0.4935953617095947,-1.1525518894195557,1640,10,,
0.0001,27298,4.036965370178223,4983,54697,0.031061815097928047,-0.3011724650859833,-1.0598323345184326,1644,10,,
0.0001,27585,5.109357833862305,5029,55272,0.030820434913039207,-1.0838335752487183,-1.4598010778427124,1648,10,,
0.0001,28290,2.6880407333374023,5141,56682,0.029608944430947304,0.0695764571428299,-2.649646043777466,1652,11,,
0.0001,29155,6.668081283569336,5274,58412,0.028748052194714546,-1.0756292343139648,-1.943742275238037,1656,11,,
0.0001,29179,3.3144028186798096,5280,58459,0.02869129553437233,-0.44995081424713135,-4.187727928161621,1660,11,,
0.0001,30189,3.205530881881714,5416,60479,0.027537988498806953,-1.5221236944198608,-2.5672855377197266,1664,11,,
0.0001,30721,6.52679967880249,5491,61544,0.02747977338731289,-0.589205801486969,-2.895508289337158,1668,11,,
0.0001,31371,4.09404182434082,5584,62843,0.0272795669734478,-0.03318053483963013,-5.4361467361450195,1672,11,,
0.0001,32455,6.584146022796631,5722,65011,0.027069412171840668,0.538257896900177,-3.9935035705566406,1676,11,,
0.0001,33001,2.426759719848633,5799,66103,0.027178624644875526,-0.5148161053657532,-3.841306686401367,1680,11,,
0.0001,34425,3.9597690105438232,5971,68952,0.026399344205856323,0.22254106402397156,-2.6936960220336914,1684,11,,
0.0001,34721,2.534116506576538,6015,69544,0.02656641975045204,-0.09841620922088623,-5.191498279571533,1688,11,,
0.0001,35440,5.150416374206543,6107,70982,0.02732464298605919,0.10487979650497437,-2.7414369583129883,1692,11,,
0.0001,36314,2.84993314743042,6218,72730,0.02780776098370552,1.1652493476867676,-1.8424745798110962,1696,11,,
0.0001,36336,1.9692820310592651,6229,72774,0.027861369773745537,0.6893550753593445,-2.265866279602051,1700,11,,
0.0001,37524,6.712542533874512,6406,75149,0.029213936999440193,0.42911452054977417,-3.5840067863464355,1704,11,,
0.0001,38378,6.627060890197754,6538,76858,0.030967041850090027,1.303164005279541,-5.231087684631348,1708,11,,
0.0001,38895,4.161080360412598,6608,77891,0.032081637531518936,-0.8957556486129761,-5.732080459594727,1712,11,,
0.0001,39237,11.129411697387695,6651,78575,0.03301919624209404,0.22355499863624573,-4.805344104766846,1716,11,,
0.0001,40412,9.414203643798828,6812,80925,0.03467489033937454,0.015404224395751953,-4.937906742095947,1720,11,,
0.0001,40798,7.438778877258301,6868,81697,0.03476656228303909,-0.15081322193145752,-5.962399959564209,1724,11,,
0.0001,40981,3.9760513305664062,6903,82064,0.03494127094745636,0.056993186473846436,-7.2474260330200195,1728,11,,
0.0001,41205,7.225118637084961,6933,82511,0.03499184548854828,0.5065021514892578,-3.9253501892089844,1732,11,,
0.0001,41242,11.365222930908203,6939,82586,0.034994736313819885,-0.10599245131015778,-5.36798620223999,1736,11,,
0.0001,41566,6.881295204162598,6984,83233,0.03511827066540718,-0.23686538636684418,-6.134246349334717,1740,11,,
0.0001,41775,7.867536544799805,7013,83652,0.035247042775154114,-0.3340909779071808,-6.811014175415039,1744,11,,
0.0001,41812,7.401763439178467,7020,83725,0.03526022285223007,0.630625307559967,-5.478877067565918,1748,11,,
0.0001,41916,11.767446517944336,7041,83933,0.035491980612277985,0.7832581400871277,-5.413299560546875,1752,11,,
0.0001,42672,9.150580406188965,7147,85446,0.03581409901380539,-0.38157400488853455,-3.1959497928619385,1756,11,,
0.0001,43209,6.169559478759766,7219,86520,0.035720132291316986,0.20401248335838318,-1.162147045135498,1760,11,,
0.0001,44018,15.155756950378418,7334,88137,0.0342719629406929,-0.03599800169467926,-2.1580300331115723,1764,12,,
0.0001,44778,8.63739013671875,7447,89657,0.033931028097867966,-0.04524804651737213,-5.1272759437561035,1768,12,,
0.0001,45421,5.4721479415893555,7541,90944,0.034924428910017014,0.6819336414337158,-4.826019763946533,1772,12,,
0.0001,45543,16.993473052978516,7568,91187,0.03518839552998543,0.3063697814941406,-4.590226173400879,1776,12,,
0.0001,46105,7.376658916473389,7654,92311,0.036771275103092194,0.893479585647583,-7.0633392333984375,1780,12,,
0.0001,46363,15.799790382385254,7689,92827,0.037760619074106216,1.695835828781128,-6.317547798156738,1784,12,,
0.0001,46882,12.896928787231445,7768,93866,0.03934585303068161,0.6721483469009399,-7.868630886077881,1788,12,,
0.0001,47961,18.541210174560547,7927,96024,0.041376225650310516,0.010223686695098877,-6.611509323120117,1792,12,,
0.0001,47996,11.695230484008789,7935,96093,0.04146915674209595,1.1940245628356934,-8.385793685913086,1796,12,,
0.0001,48631,17.149749755859375,8027,97363,0.04254500940442085,1.0181713104248047,-10.850319862365723,1800,12,,
0.0001,49145,6.6887311935424805,8100,98391,0.04439239948987961,1.0940463542938232,-10.764805793762207,1804,12,,
0.0001,49355,8.460115432739258,8130,98811,0.04502226039767265,-0.4065922200679779,-9.389047622680664,1808,12,,
0.0001,49541,12.173711776733398,8158,99183,0.04556511715054512,1.984757423400879,-11.105279922485352,1812,12,,
0.0001,49601,25.208778381347656,8168,99304,0.0456911139190197,0.8148978352546692,-8.740608215332031,1816,12,,
0.0001,49949,9.884849548339844,,100000,0.047124337404966354,0.6563554406166077,-8.17934513092041,,,241.8,249.44462728770742
0.0001,50033,13.345664978027344,8323,100168,0.04745108634233475,0.31285378336906433,-10.006608963012695,1820,12,,
0.0001,50295,8.988430976867676,8366,100692,0.048119641840457916,0.7567122578620911,-6.550351142883301,1824,12,,
0.0001,50510,14.19741439819336,8397,101122,0.04871412739157677,0.51132732629776,-7.678838729858398,1828,12,,
0.0001,50820,11.321191787719727,8440,101742,0.04925857484340668,0.9717145562171936,-10.802085876464844,1832,12,,
0.0001,50981,12.579458236694336,8466,102063,0.04970935359597206,-0.922209620475769,-8.846147537231445,1836,12,,
0.0001,51169,12.681568145751953,8496,102440,0.049890875816345215,0.6639695763587952,-5.713956356048584,1840,12,,
0.0001,51241,10.39565372467041,8513,102584,0.04996214061975479,0.41095390915870667,-7.873417377471924,1844,12,,
0.0001,51402,12.330802917480469,8536,102905,0.05026721581816673,0.029890477657318115,-10.2405366897583,1848,12,,
0.0001,51690,12.682801246643066,8575,103482,0.050626568496227264,-1.0435341596603394,-7.1331024169921875,1852,12,,
0.0001,52075,14.905864715576172,8632,104252,0.050866469740867615,-0.2940531373023987,-8.42846965789795,1856,12,,
0.0001,52726,15.599699020385742,8718,105553,0.051998578011989594,-0.15219920873641968,-8.42796802520752,1860,12,,
0.0001,52894,15.53665828704834,8742,105890,0.05199655890464783,0.8639250993728638,-8.348692893981934,1864,12,,
0.0001,52982,10.283979415893555,8757,106066,0.05198957398533821,0.24639944732189178,-6.095818519592285,1868,12,,
0.0001,53390,8.645580291748047,8818,106882,0.051457785069942474,-1.0269815921783447,-6.947699069976807,1872,12,,
0.0001,54148,7.739348888397217,8908,108397,0.050524111837148666,0.09265166521072388,-4.659333229064941,1876,12,,
0.0001,54463,8.325276374816895,8947,109028,0.05000980943441391,-0.3985946476459503,-4.356069087982178,1880,12,,
0.0001,54503,5.18968391418457,8954,109107,0.04999002441763878,0.04666733741760254,-4.643847465515137,1884,12,,
0.0001,55046,5.462625980377197,9025,110194,0.050761736929416656,-0.25185486674308777,-1.4087094068527222,1888,12,,
0.0001,55066,4.059194564819336,9030,110234,0.05082683637738228,0.7156170606613159,-4.180259704589844,1892,12,,
0.0001,55271,12.051694869995117,9090,110644,0.05199628323316574,1.6941547393798828,-1.8228338956832886,1896,12,,
0.0001,55338,7.461913108825684,9100,110777,0.05229620635509491,1.076843023300171,-1.316137671470642,1900,12,,
0.0001,55403,8.97616958618164,9112,110908,0.052735280245542526,0.5277500152587891,-3.5390665531158447,1904,12,,
0.0001,55473,13.958821296691895,9123,111048,0.0532245971262455,0.6800529360771179,-0.6725776791572571,1908,12,,
0.0001,55581,6.068492889404297,9142,111263,0.053847506642341614,1.9262702465057373,-2.0575530529022217,1912,12,,
0.0001,55677,14.034927368164062,9158,111455,0.05462460592389107,1.2683767080307007,-0.8503545522689819,1916,12,,
0.0001,55696,6.753208160400391,9168,111493,0.05480140820145607,2.044829845428467,-0.7737820148468018,1920,12,,
0.0001,55748,9.87212085723877,9178,111597,0.05519481003284454,0.22414545714855194,-1.8911354541778564,1924,12,,
0.0001,55841,4.127038955688477,9192,111783,0.05585427209734917,0.9370026588439941,0.17725110054016113,1928,12,,
0.0001,56098,5.422270774841309,9233,112297,0.056960850954055786,0.5107414722442627,-2.284881114959717,1932,12,,
0.0001,56273,8.255067825317383,9256,112648,0.05746133625507355,1.2364890575408936,1.3001083135604858,1936,12,,
0.0001,56684,3.9879822731018066,9310,113470,0.05926179513335228,0.43609780073165894,0.20062586665153503,1940,12,,
0.0001,56853,8.655036926269531,9343,113808,0.059829480946063995,0.35780954360961914,0.11999932676553726,1944,12,,
0.0001,56947,12.387958526611328,9359,113996,0.06023813411593437,0.16289573907852173,0.7690322995185852,1948,12,,
0.0001,57349,5.824856758117676,9418,114799,0.06087290495634079,0.7156885862350464,1.8855682611465454,1952,12,,
0.0001,58300,4.466799736022949,9569,116702,0.05880631133913994,-1.38815438747406,-1.0647423267364502,1956,12,,
0.0001,58335,7.371084213256836,9578,116772,0.058703504502773285,-0.2700521945953369,-0.9944872856140137,1960,12,,
0.0001,58367,4.219099044799805,9585,116836,0.05857548490166664,-0.38913604617118835,-2.553847312927246,1964,12,,
0.0001,58943,7.267889976501465,9673,117988,0.05657095089554787,-1.2364503145217896,-1.6389013528823853,1968,12,,
0.0001,59697,8.730785369873047,9787,119495,0.05409346893429756,-0.7421534061431885,-4.6596574783325195,1972,12,,
0.0001,60777,3.87239933013916,9922,121656,0.049493566155433655,0.3797600269317627,-3.079622745513916,1976,12,,
0.0001,61217,5.2975311279296875,9977,122535,0.04822900891304016,-0.713472843170166,-6.7019124031066895,1980,12,,
0.0001,61427,8.337812423706055,10009,122956,0.04784710705280304,-1.1988751888275146,-3.1333346366882324,1984,12,,
0.0001,61961,5.524411201477051,10078,124023,0.04714502394199371,0.0689660906791687,-4.1485371589660645,1988,12,,
0.0001,62444,10.413003921508789,10142,124990,0.04712851345539093,0.48657679557800293,-3.547431230545044,1992,12,,
0.0001,62736,19.652130126953125,10194,125573,0.04790881648659706,-0.4560083746910095,-2.880194664001465,1996,12,,
0.0001,63357,6.565476894378662,10285,126816,0.04964959993958473,0.5427024364471436,-1.7197264432907104,2000,12,,
0.0001,64220,6.069614887237549,10408,128542,0.05044635385274887,-0.15306243300437927,-3.3036575317382812,2004,12,,
0.0001,64738,9.130802154541016,10489,129578,0.050126198679208755,0.5872789025306702,-2.9952025413513184,2008,12,,
0.0001,65039,5.504930019378662,10538,130179,0.04999413341283798,-0.22707463800907135,-1.8258864879608154,2012,12,,
0.0001,65404,6.300589561462402,10601,130910,0.05032070353627205,-0.21501556038856506,-5.2416768074035645,2016,12,,
0.0001,65572,4.317316055297852,10629,131245,0.05055786296725273,-0.2917925715446472,-7.040912628173828,2020,12,,
0.0001,66412,5.437554836273193,10745,132925,0.05089595541357994,0.22604098916053772,-6.488216876983643,2024,12,,
0.0001,66439,9.303281784057617,10751,132979,0.05083518475294113,-0.32443371415138245,-7.238450527191162,2028,12,,
0.0001,68089,4.163255214691162,10970,136279,0.0455658920109272,-0.6265498399734497,-5.400392532348633,2032,12,,
0.0001,68669,4.882370948791504,11052,137440,0.04339710995554924,-1.8052008152008057,-6.923254013061523,2036,12,,
0.0001,69188,8.407220840454102,11120,138478,0.041259583085775375,-1.3196953535079956,-5.169698238372803,2040,12,,
0.0001,69290,9.891794204711914,11142,138682,0.040872618556022644,0.055861830711364746,-5.040008544921875,2044,12,,
0.0001,70126,3.3068881034851074,11258,140353,0.03801346197724342,-1.2682443857192993,-2.6585397720336914,2048,12,,
0.0001,70186,3.078481674194336,11268,140474,0.03789159283041954,-0.45670315623283386,-3.3193321228027344,2052,12,,
0.0001,70273,4.273230075836182,11281,140647,0.03772624209523201,-0.36544591188430786,-3.07694411277771,2056,12,,
0.0001,70365,4.611313819885254,11296,140832,0.03758865222334862,-0.5554272532463074,-1.272064208984375,2060,12,,
0.0001,70470,6.762042999267578,11311,141042,0.03743567317724228,-0.7312877178192139,-2.5095863342285156,2064,12,,
0.0001,71167,4.657411098480225,11399,142435,0.03654015064239502,0.050936341285705566,-1.4641571044921875,2068,12,,
0.0001,71211,4.202956199645996,11412,142524,0.03656758740544319,-0.2988322675228119,-0.024445652961730957,2072,12,,
0.0001,71288,3.963865280151367,11424,142678,0.03650430217385292,-0.07927367091178894,0.06335568428039551,2076,12,,
0.0001,71565,4.97251033782959,11465,143231,0.03672073408961296,0.5618755221366882,-1.9354134798049927,2080,12,,
0.0001,71609,6.966204643249512,11474,143320,0.03673660010099411,-0.048183590173721313,-0.4449499845504761,2084,12,,
0.0001,72771,5.476287841796875,11637,145643,0.03768669813871384,1.3454982042312622,-2.322122573852539,2088,12,,
0.0001,73019,13.372151374816895,11673,146140,0.03830811381340027,0.7761154174804688,0.7759597301483154,2092,12,,
0.0001,73556,5.025396347045898,11743,147213,0.039087384939193726,0.006764054298400879,2.0196428298950195,2096,12,,
0.0001,74160,5.736512184143066,11818,148421,0.039918553084135056,0.6157716512680054,2.345475673675537,2100,12,,
0.0001,74189,4.939149856567383,11825,148480,0.040045417845249176,0.7255891561508179,0.5616351962089539,2104,12,,
0.0001,75214,8.924358367919922,11966,150530,0.04065840691328049,0.673112154006958,1.6441677808761597,2108,12,,
0.0001,76064,7.175535202026367,12092,152229,0.04038682579994202,-0.11798759549856186,2.5010673999786377,2112,12,,
0.0001,76631,6.612332820892334,12165,153364,0.039053115993738174,0.4680212140083313,2.621860980987549,2116,12,,
0.0001,77183,5.90455961227417,12245,154468,0.03804871439933777,-1.4690595865249634,0.3388841450214386,2120,12,,
0.0001,78406,6.180361747741699,12407,156914,0.03519101068377495,-0.1124725341796875,0.7843194007873535,2124,12,,
0.0001,78926,5.8817830085754395,12466,157953,0.034251224249601364,1.0671039819717407,1.7474571466445923,2128,12,,
0.0001,80095,5.3843183517456055,12603,160292,0.031644463539123535,-1.251505970954895,2.0025227069854736,2132,12,,
0.0001,81181,2.6865029335021973,12730,162463,0.02987509034574032,-0.721514105796814,-1.5245007276535034,2136,12,,
0.0001,82357,4.06507682800293,12870,164815,0.027285108342766762,-0.8800908327102661,-0.08040478825569153,2140,12,,
0.0001,82928,4.109643459320068,12951,165957,0.026285070925951004,-1.0101066827774048,1.1561452150344849,2144,12,,
0.0001,83695,2.4251949787139893,13062,167491,0.02465415559709072,-0.7638803720474243,-0.4263569712638855,2148,12,,
0.0001,84498,2.3649468421936035,13177,169097,0.024435387924313545,-0.9479098320007324,-4.12307071685791,2152,12,,
0.0001,84712,3.488293170928955,13209,169526,0.02468886598944664,1.124847412109375,-3.574624538421631,2156,12,,
0.0001,84740,2.5032620429992676,13216,169581,0.024720773100852966,1.0807774066925049,-3.3363447189331055,2160,12,,
0.0001,85418,6.18773078918457,13314,170937,0.02613142691552639,1.1988914012908936,-3.116398572921753,2164,12,,
0.0001,85580,2.5324361324310303,13343,171261,0.026671987026929855,1.5779181718826294,-2.4702906608581543,2168,12,,
0.0001,85845,5.018657684326172,13382,171792,0.027492724359035492,1.328711986541748,-3.273165702819824,2172,12,,
0.0001,86273,5.461915969848633,13438,172647,0.028353536501526833,1.7521600723266602,-2.4342265129089355,2176,12,,
0.0001,86789,5.348183631896973,13502,173680,0.029907330870628357,0.31045418977737427,-3.395681619644165,2180,12,,
0.0001,87308,7.197879791259766,13577,174718,0.031409669667482376,1.6808582544326782,-2.6958422660827637,2184,12,,
0.0001,87827,4.065998077392578,13647,175755,0.03295367583632469,0.4162919819355011,-1.9094908237457275,2188,12,,
0.0001,89233,3.9260149002075195,13828,178567,0.0367349348962307,1.2629835605621338,-0.23988427221775055,2192,12,,
0.0001,89932,4.14203405380249,13935,179966,0.03830910101532936,-0.2751489281654358,-0.8350808620452881,2196,12,,
0.0001,90499,5.6114373207092285,14017,181100,0.03856239840388298,-0.1912214159965515,-2.791898250579834,2200,12,,
0.0001,90647,6.420238971710205,14040,181396,0.0385376438498497,0.32878226041793823,0.20194315910339355,2204,12,,
0.0001,91009,3.0085320472717285,14094,182120,0.03886592015624046,-0.4554315507411957,-4.908381938934326,2208,12,,
0.0001,92030,3.915888786315918,14252,184162,0.0383257195353508,0.04472745954990387,-5.203621864318848,2212,12,,
0.0001,92400,2.86521577835083,14308,184901,0.038017936050891876,-0.6001026630401611,-7.442254066467285,2216,12,,
0.0001,92677,7.691131591796875,14353,185456,0.03786845505237579,0.9461241960525513,-4.186225414276123,2220,12,,
0.0001,93304,5.147226810455322,14438,186710,0.03800829499959946,0.6407482624053955,-6.66274356842041,2224,12,,
0.0001,93671,5.6985931396484375,14497,187444,0.038706157356500626,-0.33396977186203003,-9.001964569091797,2228,12,,
0.0001,95173,3.191913604736328,14716,190447,0.04243287071585655,0.13087666034698486,-9.654582977294922,2232,12,,
0.0001,96446,4.710886001586914,14898,192994,0.04621775075793266,0.5883558392524719,-8.147605895996094,2236,12,,
0.0001,96608,4.520323753356934,14923,193317,0.04692643880844116,0.2910119295120239,-7.8035173416137695,2240,12,,
0.0001,97266,5.605851650238037,15020,194633,0.04897414147853851,0.6498689651489258,-7.262170314788818,2244,12,,
0.0001,98284,3.7110629081726074,15177,196669,0.05031890422105789,-0.00578530877828598,-7.263881683349609,2248,12,,
0.0001,98732,7.096508502960205,15251,197566,0.05134361609816551,0.2501434087753296,-6.468089580535889,2252,12,,
0.0001,99661,7.7247772216796875,15380,199424,0.05145293474197388,0.3286776542663574,-4.406091213226318,2256,12,,
0.0001,99949,8.3119478225708,,200000,0.051690563559532166,-0.43483662605285645,-3.8701868057250977,,,77.2,163.78111938419752
0.0001,100092,5.079505443572998,15479,200285,0.05169958248734474,-0.5706954002380371,-5.549569129943848,2260,12,,
0.0001,100642,6.450872421264648,15575,201385,0.05096373334527016,-0.3760981857776642,-3.8301260471343994,2264,12,,
0.0001,101174,12.309887886047363,15652,202449,0.049834370613098145,-0.3157205581665039,-6.485179901123047,2268,12,,
0.0001,101589,3.4187583923339844,15713,203280,0.048650987446308136,-0.5102404952049255,-4.999357223510742,2272,12,,
0.0001,101752,8.753997802734375,15737,203606,0.04799617826938629,0.6830071210861206,-4.267983913421631,2276,12,,
0.0001,102557,10.115532875061035,15864,205215,0.04841899871826172,0.21157073974609375,-6.956925868988037,2280,12,,
0.0001,103682,4.842541217803955,16039,207466,0.050607938319444656,-0.345162034034729,-7.669939994812012,2284,12,,
0.0001,104251,12.570743560791016,16126,208603,0.051141127943992615,0.7627953886985779,-9.480003356933594,2288,12,,
0.0001,104442,10.51806354522705,16165,208985,0.05136978626251221,0.07165300846099854,-4.113682270050049,2292,12,,
0.0001,104726,5.290968418121338,16212,209554,0.05190686881542206,0.4620809555053711,-5.4429121017456055,2296,12,,
0.0001,105344,8.341227531433105,16301,210790,0.053049180656671524,0.8059095144271851,-5.339366912841797,2300,12,,
0.0001,105599,6.455893516540527,16339,211299,0.05414453148841858,1.215559720993042,-6.718363285064697,2304,12,,
0.0001,106000,3.3666834831237793,16405,212101,0.05556846782565117,-0.2497941106557846,-6.3681464195251465,2308,12,,
0.0001,107027,5.344747066497803,16574,214156,0.055889878422021866,0.24627728760242462,-4.07581901550293,2312,12,,
0.0001,107779,5.931602954864502,16673,215659,0.05521535500884056,-1.2570903301239014,-5.356356620788574,2316,12,,
0.0001,107829,3.7518906593322754,16682,215759,0.05493609607219696,-0.02519705891609192,-5.471191883087158,2320,12,,
0.0001,108031,17.519275665283203,16717,216164,0.054818201810121536,-0.5443934202194214,-3.765010118484497,2324,12,,
0.0001,108150,8.647810935974121,16734,216402,0.05475520342588425,0.2228107452392578,-3.7877871990203857,2328,12,,
0.0001,108430,7.523768424987793,16773,216961,0.05517008900642395,0.6417452096939087,-3.8201823234558105,2332,12,,
0.0001,109461,9.422857284545898,16916,219024,0.0549720898270607,0.22046133875846863,-0.3553159832954407,2336,12,,
0.0001,109556,5.4806809425354,16940,219213,0.05493970960378647,0.23977959156036377,-2.7103514671325684,2340,12,,
0.0001,109988,10.239748001098633,17004,220077,0.05552235618233681,-0.5417871475219727,1.4892501831054688,2344,12,,
0.0001,110063,8.612710952758789,17017,220227,0.05558951199054718,0.23659180104732513,-1.8439388275146484,2348,12,,
0.0001,111021,6.191133499145508,17164,222143,0.0516345277428627,-0.7534847259521484,-0.8618439435958862,2352,12,,
0.0001,111561,12.456014633178711,17244,223223,0.04972990229725838,-0.4338763952255249,-1.6389424800872803,2356,12,,
0.0001,112147,5.779986381530762,17328,224395,0.047389399260282516,-0.5310191512107849,-2.752289056777954,2360,12,,
0.0001,113123,9.968501091003418,17481,226348,0.044359009712934494,-0.2686721384525299,-0.9781637191772461,2364,12,,
0.0001,113208,8.412430763244629,17495,226518,0.04397764056921005,-0.8227547407150269,-2.5265212059020996,2368,12,,
0.0001,113563,9.774809837341309,17548,227228,0.04322155937552452,0.646913468837738,-2.0771589279174805,2372,12,,
0.0001,113674,5.662520408630371,17566,227449,0.04314028099179268,0.04076141119003296,-3.9858384132385254,2376,12,,
0.0001,113707,8.073290824890137,17573,227516,0.04305285960435867,0.5605830550193787,-4.382088661193848,2380,12,,
0.0001,113969,11.190842628479004,17609,228040,0.042783550918102264,0.7081149816513062,-2.7565906047821045,2384,12,,
0.0001,114671,9.57139778137207,17716,229444,0.04411887750029564,0.4123951196670532,-4.791059494018555,2388,12,,
0.0001,116100,6.145421028137207,17908,232302,0.04694213718175888,0.511721134185791,-5.939480781555176,2392,12,,
0.0001,117188,3.0408310890197754,18041,234478,0.04673856124281883,-0.3586973547935486,-1.943842887878418,2396,12,,
0.0001,117855,3.4007086753845215,18127,235812,0.04542139172554016,0.4246094524860382,-0.774889349937439,2400,13,,
0.0001,119361,3.4571142196655273,18311,238823,0.040577232837677,0.5025172233581543,2.1775741577148438,2404,13,,
0.0001,119710,2.6506872177124023,18357,239521,0.03909711539745331,-1.8264968395233154,-0.10211645066738129,2408,13,,
0.0001,119864,4.278866767883301,18378,239830,0.038568638265132904,-0.2134561389684677,1.4359512329101562,2412,13,,
0.0001,120159,7.432878017425537,18433,240420,0.03739893436431885,-1.7257215976715088,2.9610304832458496,2416,13,,
0.0001,121221,3.7877492904663086,18596,242544,0.03483731672167778,-0.9686173796653748,0.40142369270324707,2420,13,,
0.0001,121874,7.624368667602539,18700,243850,0.03563309088349342,0.5169642567634583,-0.13689252734184265,2424,13,,
0.0001,122139,16.58194351196289,18744,244379,0.03599052503705025,1.2372952699661255,-1.7085390090942383,2428,13,,
0.0001,122174,5.320967674255371,18751,244450,0.03606429323554039,0.09843741357326508,-0.2229526937007904,2432,13,,
0.0001,122673,3.5167834758758545,18832,245448,0.0364769846200943,-0.07006028294563293,-1.9556684494018555,2436,13,,
0.0001,122905,9.477813720703125,18871,245912,0.03737454116344452,0.7952022552490234,-3.8640694618225098,2440,13,,
0.0001,123112,7.718202114105225,18898,246325,0.03774501755833626,0.4705977737903595,-3.3487792015075684,2444,13,,
0.0001,123921,8.177584648132324,19009,247943,0.04043879732489586,1.0996570587158203,-6.285384178161621,2448,13,,
0.0001,124085,6.809910774230957,19033,248271,0.04087628051638603,-0.15741406381130219,-6.193088531494141,2452,13,,
0.0001,124352,7.649663925170898,19067,248806,0.0420413464307785,2.3647449016571045,-4.577385902404785,2456,13,,
0.0001,124685,7.3870697021484375,19117,249472,0.043488699942827225,1.2926934957504272,-8.477022171020508,2460,13,,
0.0001,125441,4.558263778686523,19237,250984,0.0469081811606884,0.9612478017807007,-11.384183883666992,2464,13,,
0.0001,126309,6.323943138122559,19368,252719,0.049929045140743256,0.5742641687393188,-8.823870658874512,2468,13,,
0.0001,126538,5.322818279266357,19403,253178,0.050249505788087845,0.5940119028091431,-9.61738395690918,2472,13,,
0.0001,127281,7.142621994018555,19517,254663,0.05012243241071701,0.1961597204208374,-12.195581436157227,2476,13,,
0.0001,127554,4.624792098999023,19557,255210,0.05020268261432648,-0.04017731547355652,-11.894670486450195,2480,13,,
0.0001,127863,6.428778648376465,19600,255828,0.050016146153211594,-0.3920883536338806,-11.668856620788574,2484,13,,
0.0001,128832,3.1433258056640625,19737,257765,0.04910430684685707,0.041441112756729126,-10.757217407226562,2488,13,,
0.0001,129472,12.061100006103516,19835,259045,0.0507492795586586,-0.09503147006034851,-12.853219985961914,2492,13,,
0.0001,130810,9.417234420776367,20039,261721,0.05280989408493042,-0.07254816591739655,-13.871670722961426,2496,13,,
0.0001,131378,5.461399078369141,20123,262858,0.05284547433257103,0.03562784194946289,-9.043113708496094,2500,13,,
0.0001,131615,5.978779315948486,20162,263331,0.052752699702978134,0.15821710228919983,-10.254072189331055,2504,13,,
0.0001,132071,4.520688056945801,20229,264243,0.052253708243370056,0.22989091277122498,-9.730721473693848,2508,13,,
0.0001,132717,5.489053726196289,20331,265535,0.05360295623540878,0.32939082384109497,-11.759626388549805,2512,13,,
0.0001,133184,7.276401042938232,20414,266470,0.05447542667388916,-0.5794537663459778,-9.470090866088867,2516,13,,
0.0001,133941,11.725396156311035,20530,267984,0.05616721883416176,-0.2886749505996704,-12.040045738220215,2520,13,,
0.0001,134619,7.046531677246094,20632,269340,0.05704363062977791,-0.26827263832092285,-6.7495880126953125,2524,13,,
0.0001,135259,4.37104606628418,20731,270620,0.057583682239055634,-0.8156232833862305,-10.007555961608887,2528,13,,
0.0001,135781,5.913923263549805,20813,271664,0.05812923237681389,-0.63327956199646,-10.984823226928711,2532,13,,
0.0001,137039,11.073739051818848,20994,274180,0.05965732783079147,0.13988861441612244,-11.419625282287598,2536,13,,
0.0001,137904,7.046111106872559,21129,275909,0.05892585963010788,-0.09273466467857361,-13.069719314575195,2540,13,,
0.0001,138458,5.961362838745117,21220,277017,0.05832362547516823,-0.1310427486896515,-12.032981872558594,2544,13,,
0.0001,138857,3.6550955772399902,21279,277816,0.05747176334261894,-0.4005979001522064,-11.20173454284668,2548,13,,
0.0001,139141,3.8236448764801025,21320,278383,0.05722188577055931,-0.6530691981315613,-11.791566848754883,2552,13,,
0.0001,139859,12.504722595214844,21439,279820,0.05500819906592369,0.23893320560455322,-10.885472297668457,2556,13,,
0.0001,140586,5.776725769042969,21544,281273,0.05410618707537651,-0.397884726524353,-11.532233238220215,2560,13,,
0.0001,141768,7.566773414611816,21716,283637,0.05331699177622795,-1.1042841672897339,-10.949875831604004,2564,13,,
0.0001,142081,4.970940589904785,21762,284263,0.051858145743608475,-0.6629806756973267,-12.475107192993164,2568,13,,
0.0001,142921,7.330404281616211,21879,285943,0.0478946790099144,-0.8896352052688599,-10.268400192260742,2572,13,,
0.0001,143819,4.618244171142578,22007,287739,0.04435887560248375,-0.5848706960678101,-10.688610076904297,2576,13,,
0.0001,143841,2.5238375663757324,22012,287783,0.04427710920572281,-0.751656174659729,-9.09897232055664,2580,13,,
0.0001,144512,4.773682594299316,22120,289125,0.04260089620947838,0.10068942606449127,-12.829505920410156,2584,13,,
0.0001,144859,5.206485748291016,22175,289819,0.041799385100603104,0.1256759762763977,-12.554567337036133,2588,13,,
0.0001,145270,19.89402198791504,22235,290642,0.04171733185648918,0.7819007635116577,-12.152359008789062,2592,13,,
0.0001,145455,5.304981231689453,22262,291011,0.04184860736131668,0.4905012845993042,-11.693239212036133,2596,13,,
0.0001,145872,7.906860828399658,22328,291846,0.0419587641954422,1.3639743328094482,-11.934046745300293,2600,13,,
0.0001,146506,4.162754535675049,22436,293114,0.04262774810194969,-0.10806550085544586,-11.050088882446289,2604,13,,
0.0001,147270,6.608368873596191,22554,294642,0.04326058179140091,0.1557544320821762,-8.91269588470459,2608,13,,
0.0001,147294,3.630662441253662,22560,294689,0.04333268478512764,0.06104665994644165,-10.638294219970703,2612,13,,
0.0001,147442,4.523965835571289,22588,294985,0.043322231620550156,-0.43150830268859863,-10.746187210083008,2616,13,,
0.0001,147529,12.127882957458496,22602,295160,0.043257683515548706,0.5975738167762756,-7.9914021492004395,2620,13,,
0.0001,147789,2.7484288215637207,22638,295679,0.043256714940071106,-1.0656031370162964,-8.492656707763672,2624,13,,
0.0001,148104,3.30588698387146,22679,296310,0.04380166530609131,0.5386057496070862,-7.636980056762695,2628,13,,
0.0001,148153,8.251401901245117,22689,296407,0.04387734830379486,0.5799393653869629,-8.363042831420898,2632,13,,
0.0001,148257,4.1833882331848145,22704,296615,0.04401296749711037,1.1217834949493408,-9.226675987243652,2636,13,,
0.0001,148721,6.334825038909912,22776,297544,0.045580919831991196,-0.04914003610610962,-11.44672966003418,2640,13,,
0.0001,148943,7.061638832092285,22815,297987,0.04617683216929436,1.1371080875396729,-6.918006896972656,2644,13,,
0.0001,149095,5.4484453201293945,22838,298291,0.04668259993195534,-0.2343168556690216,-7.591180801391602,2648,13,,
0.0001,149209,8.887681007385254,22859,298520,0.047020018100738525,-0.13302157819271088,-8.58764934539795,2652,13,,
0.0001,149925,9.728876113891602,22968,299951,0.049150120466947556,0.05105471611022949,-7.795233726501465,2656,13,,
0.0001,149949,8.788108825683594,,300000,0.04923606663942337,0.8681490421295166,-6.988333702087402,,,180.8,243.94190695786384
0.0001,150248,6.469150543212891,23090,300598,0.049811482429504395,-0.2787605822086334,-5.834214210510254,2660,13,,
0.0001,150757,15.332914352416992,23170,301616,0.050179801881313324,-0.14379119873046875,-5.1446733474731445,2664,13,,
0.0001,150853,7.825286388397217,23186,301808,0.05047309026122093,0.6743760108947754,-5.986716270446777,2668,13,,
0.0001,151051,8.075029373168945,23216,302204,0.05084741860628128,0.654464602470398,-7.526240348815918,2672,13,,
0.0001,151154,3.2285079956054688,23233,302410,0.05093330517411232,0.7980680465698242,-7.080667972564697,2676,13,,
0.0001,151622,9.240494728088379,23303,303345,0.05116739869117737,-0.23979327082633972,-7.255721092224121,2680,13,,
0.0001,151937,5.379331588745117,23364,303975,0.051492635160684586,0.020501255989074707,-6.568933963775635,2684,13,,
0.0001,152013,9.299034118652344,23378,304127,0.051502544432878494,-0.5244930982589722,-9.521092414855957,2688,13,,
0.0001,152266,12.887455940246582,23416,304634,0.05190517008304596,-0.14376825094223022,-7.447336673736572,2692,13,,
0.0001,152526,6.772130012512207,23452,305153,0.05194460228085518,0.4055195152759552,-11.168966293334961,2696,13,,
0.0001,153564,7.8297319412231445,23604,307229,0.05138587951660156,-1.3782621622085571,-11.683164596557617,2700,13,,
0.0001,153836,5.91975212097168,23645,307774,0.05120636522769928,-0.649058997631073,-7.924351692199707,2704,13,,
0.0001,154042,4.827451705932617,23685,308186,0.05053386837244034,-0.5871073603630066,-10.417543411254883,2708,13,,
0.0001,154242,5.074620723724365,23711,308586,0.05027401074767113,-0.1807243674993515,-10.476484298706055,2712,13,,
0.0001,154532,7.590849876403809,23753,309165,0.04960589483380318,-0.5449841022491455,-8.586000442504883,2716,13,,
0.0001,154688,6.8941330909729,23773,309477,0.048964593559503555,-0.08863554894924164,-8.132539749145508,2720,13,,
0.0001,154835,8.674468994140625,23793,309772,0.04866351559758186,-0.3660224378108978,-8.517483711242676,2724,13,,
0.0001,155385,3.4248881340026855,23879,310871,0.04794630780816078,0.3721652328968048,-5.562110900878906,2728,13,,
0.0001,155748,3.9167871475219727,23931,311598,0.04791387543082237,0.47940438985824585,-7.759256362915039,2732,13,,
0.0001,155926,18.39022445678711,23955,311954,0.04794364795088768,-0.39614105224609375,-6.300910949707031,2736,13,,
0.0001,156581,6.210712432861328,24036,313264,0.04767686501145363,-0.8380587100982666,-4.766409873962402,2740,13,,
0.0001,156771,6.213332176208496,24060,313643,0.04739275202155113,-0.8264632225036621,-3.0927631855010986,2744,13,,
0.0001,157268,6.884490013122559,24122,314638,0.04682660847902298,0.49562105536460876,-2.9753012657165527,2748,13,,
0.0001,158024,8.627262115478516,24224,316149,0.044604215770959854,1.4101836681365967,-4.334731578826904,2752,13,,
0.0001,158505,4.811570167541504,24288,317111,0.043982040137052536,-0.1610340178012848,-0.9396460056304932,2756,13,,
0.0001,159243,1.5870280265808105,24399,318588,0.04344087466597557,-0.22496497631072998,-6.0497565269470215,2760,13,,
0.0001,159358,3.130784749984741,24415,318817,0.043059635907411575,0.018366515636444092,-3.5888173580169678,2764,13,,
0.0001,159564,2.796802043914795,24441,319229,0.04281594231724739,-1.1789253950119019,-8.126954078674316,2768,13,,
0.0001,160087,4.098202705383301,24515,320276,0.04209806025028229,2.015732765197754,-5.2247490882873535,2772,13,,
0.0001,160564,4.106213569641113,24585,321229,0.04220446199178696,-0.2913167178630829,-7.591649055480957,2776,13,,
0.0001,160847,2.466796398162842,24620,321795,0.0415150411427021,-0.5276970863342285,-7.189169883728027,2780,13,,
0.0001,161424,3.6861395835876465,24712,322949,0.04142262786626816,-0.018423154950141907,-7.505221366882324,2784,13,,
0.0001,162113,5.218483924865723,24822,324328,0.043114058673381805,0.759131908416748,-7.69072961807251,2788,13,,
0.0001,162739,5.267056465148926,24919,325580,0.046125732362270355,0.7814962863922119,-9.087797164916992,2792,13,,
0.0001,162839,12.91427993774414,24936,325780,0.04666998237371445,1.9293503761291504,-7.997641563415527,2796,13,,
0.0001,163145,12.276397705078125,24984,326391,0.048553165048360825,1.3255212306976318,-9.310920715332031,2800,13,,
0.0001,163755,3.7884438037872314,25080,327612,0.05146589130163193,-0.016576290130615234,-11.117643356323242,2804,13,,
0.0001,164272,5.907733917236328,25194,328646,0.053460560739040375,0.7656461000442505,-8.041757583618164,2808,13,,
0.0001,164368,4.062139511108398,25211,328837,0.05382779240608215,0.1511327475309372,-11.670740127563477,2812,13,,
0.0001,165410,10.383218765258789,25373,330921,0.05667621269822121,0.6835765838623047,-8.011395454406738,2816,13,,
0.0001,166049,6.7131500244140625,25473,332199,0.057877201586961746,0.13181214034557343,-8.795062065124512,2820,13,,
0.0001,166506,6.1438374519348145,25542,333113,0.05806276202201843,-0.8056035041809082,-8.947265625,2824,13,,
0.0001,166635,9.161893844604492,25568,333372,0.058489393442869186,-0.17328840494155884,-9.373809814453125,2828,13,,
0.0001,167153,19.17280387878418,25652,334408,0.057282064110040665,0.46486175060272217,-6.209394454956055,2832,13,,
0.0001,168142,5.959834098815918,25774,336385,0.05529989302158356,-0.9067091941833496,-4.298910140991211,2836,13,,
0.0001,169339,8.841968536376953,25931,338780,0.050698645412921906,-0.2537878453731537,-1.4208840131759644,2840,13,,
0.0001,169861,5.758038520812988,26001,339824,0.04827890545129776,0.23654980957508087,-2.2451438903808594,2844,13,,
0.0001,169883,5.754168510437012,26006,339867,0.04818950593471527,-0.39158692955970764,-2.2195699214935303,2848,13,,
0.0001,170190,6.487039089202881,26046,340482,0.04738432541489601,0.009788580238819122,-1.8163366317749023,2852,13,,
0.0001,170717,9.658469200134277,26109,341536,0.04663984850049019,0.12028618156909943,1.5538805723190308,2856,13,,
0.0001,171339,4.3071465492248535,26189,342779,0.04356073588132858,-0.6616870164871216,-0.07123973965644836,2860,13,,
0.0001,171746,3.691174030303955,26247,343594,0.04201413318514824,-1.5445854663848877,0.03395122289657593,2864,13,,
0.0001,172036,6.614564895629883,26284,344173,0.04118017479777336,-0.02277417480945587,1.3117233514785767,2868,13,,
0.0001,172358,4.497363567352295,26326,344817,0.04078730195760727,0.7783871293067932,1.076311707496643,2872,13,,
0.0001,172419,3.5981545448303223,26336,344940,0.04083557426929474,0.15441016852855682,-1.7130258083343506,2876,13,,
0.0001,172793,4.996060848236084,26389,345688,0.040727995336055756,-0.192844957113266,-3.1567084789276123,2880,13,,
0.0001,172973,4.460819244384766,26418,346048,0.0408148318529129,-0.48368945717811584,-2.254970073699951,2884,13,,
0.0001,173123,9.385971069335938,26440,346348,0.04099632054567337,0.08724141120910645,0.34919244050979614,2888,13,,
0.0001,173356,6.380734443664551,26474,346814,0.041629496961832047,-0.07767809182405472,-1.9952908754348755,2892,13,,
0.0001,173495,2.8837337493896484,26495,347092,0.0421823151409626,-0.7512635588645935,-2.5134925842285156,2896,13,,
0.0001,173671,7.168425559997559,26520,347444,0.04262150824069977,0.04136839136481285,-3.966585636138916,2900,13,,
0.0001,173717,4.957597255706787,26528,347536,0.042767275124788284,0.9548166394233704,-1.5287384986877441,2904,13,,
0.0001,173858,5.262799263000488,26552,347817,0.043153006583452225,0.6516304612159729,-2.8852312564849854,2908,13,,
0.0001,173958,5.896951675415039,26569,348017,0.04374031350016594,-0.19590279459953308,-1.4539339542388916,2912,13,,
0.0001,174070,8.364425659179688,26585,348241,0.04408131167292595,1.2571721076965332,-3.8912081718444824,2916,13,,
0.0001,174143,6.811006546020508,26597,348388,0.04449786990880966,0.11992102116346359,-3.2630667686462402,2920,13,,
0.0001,174207,7.682570457458496,26607,348515,0.04472882300615311,0.6401121616363525,-1.3993465900421143,2924,13,,
0.0001,174263,2.9722414016723633,26616,348627,0.044945329427719116,0.34889787435531616,-3.112428903579712,2928,13,,
0.0001,174339,5.69191837310791,26632,348779,0.045265957713127136,0.7542467713356018,-3.4264917373657227,2932,13,,
0.0001,174542,3.406054735183716,26663,349185,0.04635808989405632,0.5286011695861816,-4.025609016418457,2936,13,,
0.0001,174694,11.637596130371094,26683,349490,0.046983007341623306,0.1861211508512497,-4.132260799407959,2940,13,,
0.0001,174840,3.215768575668335,26704,349782,0.04750250652432442,0.8740196228027344,-1.2564570903778076,2944,13,,
0.0001,174994,4.284476280212402,26725,350089,0.04791902005672455,0.6671443581581116,-3.6483216285705566,2948,13,,
0.0001,175056,6.90290641784668,26735,350213,0.04798012226819992,0.3234948515892029,-2.2682437896728516,2952,13,,
0.0001,175230,3.5902929306030273,26760,350561,0.04850658401846886,1.342930793762207,-2.619682550430298,2956,13,,
0.0001,175539,5.2513933181762695,26807,351180,0.04958609864115715,1.5349282026290894,-3.0902960300445557,2960,13,,
0.0001,175559,5.263916969299316,26811,351219,0.04972152039408684,0.6006569266319275,-2.084427833557129,2964,13,,
0.0001,175987,7.275407314300537,26870,352075,0.05110030993819237,1.0893057584762573,-2.528892993927002,2968,13,,
0.0001,176274,4.30094051361084,26907,352649,0.052400048822164536,0.7087875604629517,-4.004831314086914,2972,13,,
0.0001,176616,7.77989387512207,26950,353334,0.05358831584453583,-0.06094449758529663,-6.002570152282715,2976,13,,
0.0001,177192,3.841721534729004,27020,354486,0.054790668189525604,0.7680954933166504,-0.47415250539779663,2980,13,,
0.0001,177562,5.4121880531311035,27088,355226,0.05513036623597145,0.7729611396789551,-1.6325926780700684,2984,13,,
0.0001,177768,2.625093460083008,27122,355637,0.055564891546964645,0.30349093675613403,-0.40377795696258545,2988,13,,
0.0001,178001,8.419953346252441,27157,356103,0.05564754083752632,0.5762599110603333,-5.404773712158203,2992,13,,
0.0001,178651,3.0665245056152344,27266,357403,0.0560157410800457,-0.6961823105812073,-1.186993956565857,2996,13,,
0.0001,180122,9.87649917602539,27482,360345,0.05716535076498985,0.11606329679489136,-3.802929401397705,3000,13,,
0.0001,180984,5.448017597198486,27614,362070,0.05511771887540817,-0.049923211336135864,-3.6985816955566406,3004,13,,
0.0001,181966,3.93742036819458,27759,364034,0.05415653437376022,0.02998577058315277,-4.782320976257324,3008,13,,
0.0001,182407,6.965755462646484,27810,364915,0.0526091605424881,0.2570924460887909,-6.415369033813477,3012,13,,
0.0001,183472,4.99946403503418,27943,367046,0.04839469492435455,-0.17567695677280426,-9.897573471069336,3016,13,,
0.0001,184223,4.034019947052002,28039,368547,0.0464463010430336,-0.2966200113296509,-10.088226318359375,3020,13,,
0.0001,184443,2.55491042137146,28067,368987,0.04551972076296806,-1.0091474056243896,-7.452103137969971,3024,13,,
0.0001,184516,4.207742214202881,28080,369134,0.04519614204764366,-0.47094136476516724,-6.569972515106201,3028,13,,
0.0001,184713,3.9790172576904297,28111,369528,0.04474268853664398,0.2991825044155121,-7.566322326660156,3032,13,,
0.0001,184989,2.721367359161377,28153,370080,0.04401634633541107,0.1734108328819275,-7.2569990158081055,3036,13,,
0.0001,185230,4.291549205780029,28190,370562,0.043698858469724655,0.24019595980644226,-7.93684196472168,3040,13,,
0.0001,185642,2.949296474456787,28255,371385,0.0436902716755867,-0.07075610756874084,-7.13372802734375,3044,13,,
0.0001,186656,5.357520580291748,28406,373414,0.04557672515511513,0.0460897833108902,-6.889957427978516,3048,13,,
0.0001,187025,2.819004774093628,28461,374151,0.04575107991695404,0.3164808452129364,-8.251045227050781,3052,13,,
0.0001,187137,6.614365100860596,28482,374375,0.046088818460702896,-0.10168598592281342,-6.297825813293457,3056,13,,
0.0001,187376,4.6797404289245605,28519,374854,0.046482935547828674,1.2838517427444458,-10.707796096801758,3060,13,,
0.0001,187793,6.695967674255371,28569,375688,0.04802611097693443,0.17148570716381073,-8.740177154541016,3064,13,,
0.0001,188001,6.473466873168945,28598,376104,0.0490725003182888,0.8064489960670471,-8.811439514160156,3068,13,,
0.0001,188284,7.449465274810791,28638,376670,0.05009661614894867,0.6745058298110962,-5.758392810821533,3072,13,,
0.0001,188454,7.183028221130371,28665,377010,0.05070022866129875,0.6028555631637573,-7.504250526428223,3076,13,,
0.0001,188572,7.429580211639404,28682,377246,0.05097232758998871,0.013680435717105865,-7.447687149047852,3080,13,,
0.0001,189048,5.28785514831543,28756,378197,0.05262121558189392,1.2871004343032837,-3.7585411071777344,3084,13,,
0.0001,190654,6.568245887756348,28978,381409,0.0550176240503788,0.12831702828407288,-11.380781173706055,3088,13,,
0.0001,191272,4.021066665649414,29070,382645,0.0539541095495224,-0.4812144935131073,-9.138835906982422,3092,13,,
0.0001,191726,8.083263397216797,29142,383553,0.05319643020629883,-0.15746575593948364,-10.662246704101562,3096,13,,
0.0001,191884,5.427026748657227,29165,383869,0.05286641791462898,-0.2942811846733093,-10.209117889404297,3100,13,,
0.0001,192116,5.915609359741211,29203,384333,0.05285679176449776,-0.40764114260673523,-9.904544830322266,3104,13,,
0.0001,192670,7.966982841491699,29287,385441,0.053154248744249344,0.2465161681175232,-10.29622745513916,3108,13,,
0.0001,192808,5.298885345458984,29308,385718,0.05309773609042168,0.41018009185791016,-9.634786605834961,3112,13,,
0.0001,193057,9.144705772399902,29348,386215,0.05279204249382019,-0.49340152740478516,-10.64944839477539,3116,13,,
0.0001,193101,3.4316728115081787,29357,386304,0.05262899771332741,-0.5032612085342407,-11.285202026367188,3120,13,,
0.0001,193941,5.972222328186035,29485,387984,0.05136614665389061,-0.25369060039520264,-12.235686302185059,3124,13,,
0.0001,194067,2.9102914333343506,29504,388236,0.050894271582365036,-0.3453039824962616,-11.955343246459961,3128,13,,
0.0001,194695,7.092453956604004,29603,389492,0.050053633749485016,-0.39469093084335327,-11.5125093460083,3132,13,,
0.0001,195745,3.0250468254089355,29755,391592,0.049750879406929016,0.1745658665895462,-11.151066780090332,3136,13,,
0.0001,196384,2.8250303268432617,29851,392870,0.04814838990569115,-0.11850777268409729,-11.018171310424805,3140,13,,
0.0001,196747,7.6109161376953125,29910,393596,0.04759944975376129,-1.5682412385940552,-11.2869873046875,3144,13,,
0.0001,197114,11.969831466674805,29964,394330,0.04678564518690109,-0.29635149240493774,-12.877131462097168,3148,13,,
0.0001,197393,6.919879913330078,30005,394888,0.046387460082769394,0.5341048836708069,-12.554823875427246,3152,13,,
0.0001,197684,4.4432783126831055,30052,395470,0.04634382575750351,0.11406952142715454,-11.708138465881348,3156,13,,
0.0001,198456,5.416913986206055,30169,397014,0.04667184129357338,-0.15866385400295258,-11.573362350463867,3160,13,,
0.0001,198916,11.183964729309082,30241,397934,0.047495510429143906,1.0210072994232178,-11.04384994506836,3164,13,,
0.0001,199332,3.7437500953674316,30303,398766,0.04858978092670441,-0.006794005632400513,-10.546211242675781,3168,13,,
0.0001,199474,6.703123569488525,30327,399049,0.04901929199695587,-0.4970066547393799,-12.23391342163086,3172,13,,
0.0001,199763,8.29550552368164,30375,399627,0.049829524010419846,0.22337833046913147,-13.195902824401855,3176,13,,
0.0001,199949,5.584869861602783,,400000,0.05046879127621651,0.18069638311862946,-10.872087478637695,,,432.6,627.1320261845365
0.0001,200615,4.077269554138184,30663,401332,0.05125397816300392,-0.007555186748504639,-11.719263076782227,3180,13,,
0.0001,201200,5.752603054046631,30749,402502,0.05113033577799797,-0.5299456715583801,-12.83366584777832,3184,13,,
0.0001,201559,3.3337655067443848,30795,403220,0.05096649378538132,-0.6652826070785522,-9.107402801513672,3188,13,,
0.0001,202835,4.623567581176758,30978,405772,0.051461558789014816,-0.06238025426864624,-8.473672866821289,3192,13,,
0.0001,203426,4.895816326141357,31060,406954,0.051744990050792694,0.5072777271270752,-9.21835708618164,3196,13,,
0.0001,203929,5.932267189025879,31136,407959,0.05187365040183067,-0.3501259386539459,-10.008749008178711,3200,13,,
0.0001,204154,3.9404916763305664,31172,408409,0.05265871807932854,0.09719907492399216,-6.340616226196289,3204,13,,
0.0001,204375,4.498223304748535,31200,408852,0.053421735763549805,0.39491069316864014,-6.203495502471924,3208,13,,
0.0001,204581,3.8697123527526855,31227,409264,0.053875718265771866,0.9256064891815186,-4.963759422302246,3212,13,,
0.0001,204651,8.274863243103027,31238,409403,0.05413445830345154,0.5186365842819214,-4.569761276245117,3216,13,,
0.0001,204845,4.2824296951293945,31265,409792,0.054473359137773514,1.2273284196853638,-3.8391990661621094,3220,13,,
0.0001,205476,11.014692306518555,31345,411053,0.05512012541294098,2.0481088161468506,-1.210761547088623,3224,13,,
