Time,data
17.690452996,4.825230598449707
17.740452997,5.0555949211120605
17.790452998,5.284395694732666
17.840452998,5.378314018249512
17.890452999,5.179841041564941
17.940453,5.599009990692139
17.990453001,6.002480506896973
18.040453001,6.495656490325928
18.090453002,6.814671039581299
18.140453003,7.2248029708862305
18.190453004,7.4974565505981445
18.240453004,7.851718902587891
18.290453005,8.101493835449219
18.340453006,8.420108795166016
18.390453007,8.660431861877441
18.440453007,8.954740524291992
18.490453008,9.192862510681152
18.540453009,9.469433784484863
18.59045301,9.708873748779297
18.64045301,9.972114562988281
18.690453011,10.10716724395752
18.740453012,10.083961486816406
18.790453013,10.181187629699707
18.840453013,10.608841896057129
18.890453014,10.993119239807129
18.940453015,11.336821556091309
18.990453016,11.651215553283691
19.040453016,11.941618919372559
19.090453017,12.213271141052246
19.140453018,12.470146179199219
19.190453018,12.715665817260742
19.240453019,12.952271461486816
19.29045302,13.1821928024292
19.340453021,13.406879425048828
19.390453021,13.627551078796387
19.440453022,13.845036506652832
19.490453023,14.060112953186035
19.540453024,14.273224830627441
19.590453024,14.484755516052246
19.640453025,14.69512939453125
19.690453026,14.904513359069824
19.740453027,15.113052368164062
19.790453027,15.320537567138672
19.840453028,15.347149848937988
19.890453029,15.331767082214355
19.94045303,15.52231216430664
19.99045303,15.820199012756348
20.040453031,16.083642959594727
20.090453032,16.315143585205078
20.140453033,16.498008728027344
20.190453033,16.60271644592285
20.240453034,16.575220108032227
20.290453035,16.412921905517578
20.340453036,16.13628387451172
20.390453036,15.801891326904297
20.440453037,15.442115783691406
20.490453038,15.06916332244873
20.540453039,14.740067481994629
20.590453039,14.487677574157715
20.64045304,14.224312782287598
20.690453041,13.840928077697754
20.740453042,13.539140701293945
20.790453042,13.26646900177002
20.840453043,13.015096664428711
20.890453044,12.78585147857666
20.940453045,12.575302124023438
20.990453045,12.375046730041504
21.040453046,12.18260669708252
21.090453047,11.992679595947266
21.140453048,11.799515724182129
21.190453048,11.609278678894043
21.240453049,11.43100357055664
21.29045305,11.437320709228516
21.340453051,11.425567626953125
21.390453051,11.027362823486328
21.440453052,10.641868591308594
21.490453053,10.38947868347168
21.540453054,10.256431579589844
21.590453054,10.222095489501953
21.640453055000002,10.262642860412598
21.690453056,10.356653213500977
21.740453056,10.488465309143066
21.790453057,10.647356033325195
21.840453058,10.825920104980469
21.890453059,11.018553733825684
21.940453059,11.219789505004883
21.99045306,11.27828598022461
22.040453061,11.277122497558594
22.090453062,11.439824104309082
22.140453062,11.787503242492676
22.190453063,12.028109550476074
22.240453064,12.1864013671875
22.290453065,12.288270950317383
22.340453065,12.374192237854004
22.390453066,12.430583953857422
22.440453067,12.411499977111816
22.490453068,12.329658508300781
22.540453068,12.21420669555664
22.590453069,12.101736068725586
22.64045307,11.99934196472168
22.690453071,11.90053939819336
22.740453071,11.802984237670898
22.790453072,11.706587791442871
22.840453073,11.607857704162598
22.890453074,11.511489868164062
22.940453074,11.413677215576172
22.990453075,11.29452133178711
23.040453076,11.221858024597168
23.090453077,11.182899475097656
23.140453077,10.966446876525879
23.190453078,10.505122184753418
23.240453079,10.088509559631348
23.29045308,9.713292121887207
23.34045308,9.378386497497559
23.390453081,9.078636169433594
23.440453082,8.817244529724121
23.490453083,8.580991744995117
23.540453083,8.404386520385742
23.590453084,8.224019050598145
23.640453085,8.12531566619873
23.690453086,7.9896087646484375
23.740453086,7.94351863861084
23.790453087,7.841696739196777
23.840453088,7.832418918609619
23.890453089,7.781093597412109
23.940453089000002,7.839691162109375
23.99045309,7.851999759674072
24.040453091,7.980839252471924
24.090453092,8.066943168640137
24.140453092,8.24463176727295
24.190453093,8.355483055114746
24.240453094,8.532838821411133
24.290453094,8.652069091796875
24.340453095,8.830512046813965
24.390453096,8.94096851348877
24.440453097,9.054320335388184
24.490453097,9.074923515319824
24.540453098,9.096073150634766
24.590453099,9.050337791442871
24.6404531,9.020439147949219
24.6904531,8.93973445892334
24.740453101,8.890876770019531
24.790453102,8.800939559936523
24.840453103,8.755762100219727
24.890453103,8.673842430114746
24.940453104,8.655172348022461
24.990453105,8.60855484008789
25.040453106,8.641051292419434
25.090453106,8.648510932922363
25.140453107,8.729439735412598
25.190453108,8.75469970703125
25.240453109,8.817037582397461
25.290453109,8.779004096984863
25.34045311,8.73222827911377
25.390453111,8.594202995300293
25.440453112,8.471857070922852
25.490453112,8.259784698486328
25.540453113,8.068595886230469
25.590453114,7.8199849128723145
25.640453115,7.639064788818359
25.690453115,7.393947124481201
25.740453116,7.247138977050781
25.790453117,7.033167839050293
25.840453118,6.923672199249268
25.890453118,6.722777843475342
25.940453119,6.628258228302002
25.99045312,6.427926540374756
26.040453121,6.4272356033325195
26.090453121,6.362693786621094
26.140453122,6.189668655395508
26.190453123,5.629229545593262
26.240453124,5.345156669616699
26.290453124,5.1025071144104
26.340453125,5.053597927093506
26.390453126,5.031929016113281
26.440453127,5.17673397064209
26.490453127,5.1124114990234375
26.540453128,5.186888694763184
26.590453129,5.199554443359375
26.64045313,5.384699821472168
26.69045313,5.470301628112793
26.740453131,5.6796698570251465
26.790453132,5.623081684112549
26.840453132,5.692914009094238
26.890453133,6.172727108001709
26.940453134,6.776071548461914
26.990453135,7.195143699645996
27.040453135,7.65435791015625
27.090453136,7.974308013916016
27.140453137,8.341447830200195
27.190453138,8.64299201965332
27.240453138,8.965707778930664
27.290453139,9.249902725219727
27.34045314,9.526082992553711
27.390453141,9.765847206115723
27.440453141,9.976020812988281
27.490453142,10.147997856140137
27.540453143,10.254403114318848
27.590453144,10.277339935302734
27.640453144,10.241300582885742
27.690453145,10.144888877868652
27.740453146,10.01069450378418
27.790453147,9.843710899353027
27.840453147,9.656657218933105
27.890453148,9.452920913696289
27.940453149,9.26445484161377
27.99045315,9.086814880371094
28.04045315,8.955986022949219
28.090453151,8.840490341186523
28.140453152,8.713252067565918
28.190453153,8.56330680847168
28.240453153,8.437700271606445
28.290453154,8.312217712402344
28.340453155,8.280001640319824
28.390453156,8.249831199645996
28.440453156,8.336393356323242
28.490453157,8.412335395812988
28.540453158,8.593249320983887
28.590453159,8.728055953979492
28.640453159,8.935149192810059
28.69045316,9.097380638122559
28.740453161,9.327598571777344
28.790453162,9.505231857299805
28.840453162,9.73465633392334
28.890453163,9.918373107910156
28.940453164,10.079944610595703
28.990453165,10.041335105895996
29.040453165,10.00339412689209
29.090453166,10.392437934875488
29.140453167,10.773828506469727
29.190453168,11.109606742858887
29.240453168,11.377413749694824
29.290453169,11.64389705657959
29.34045317,11.86508560180664
29.39045317,12.07909870147705
29.440453171,12.277681350708008
29.490453172,12.39244556427002
29.540453173,12.429120063781738
29.590453173,12.401172637939453
29.640453174,12.331113815307617
29.690453175000002,12.229228019714355
29.740453176,12.109646797180176
29.790453176,11.977389335632324
29.840453177,11.812255859375
29.890453178,11.661919593811035
29.940453179,11.510568618774414
29.990453179,11.333233833312988
30.04045318,11.165283203125
30.090453181,11.062553405761719
30.140453182,11.001876831054688
30.190453182,10.847084045410156
30.240453183,10.384856224060059
30.290453184,9.978241920471191
30.340453185,9.605257987976074
30.390453185,9.252433776855469
30.440453186,8.914247512817383
30.490453187,8.605805397033691
30.540453188,8.315726280212402
30.590453188,8.041868209838867
30.640453189,7.829139709472656
30.69045319,7.657825946807861
30.740453191,7.6498589515686035
30.790453191,7.638490676879883
30.840453192,7.735047817230225
30.890453193,7.801887035369873
30.940453194,7.94199275970459
30.990453194,8.02820110321045
31.040453195,8.143391609191895
31.090453196,8.071338653564453
31.140453197,7.919231414794922
31.190453197,7.636941432952881
31.240453198,7.424620151519775
31.290453199,7.118106365203857
31.3404532,6.896442890167236
31.3904532,6.676637172698975
31.440453201,6.672762393951416
31.490453202,6.458021640777588
31.540453203,6.025664329528809
31.590453203,5.52812385559082
31.640453204,5.342833518981934
31.690453205,5.162590503692627
31.740453206,5.154399871826172
31.790453206,5.052229881286621
31.840453207,5.1403303146362305
31.890453208,5.12689208984375
31.940453208,5.313753604888916
31.990453209000002,5.396852970123291
32.04045321,5.67793083190918
32.090453211,5.891484260559082
32.140453211,5.864421367645264
32.190453212,5.915105819702148
32.240453213,6.359851360321045
32.290453214,6.835761547088623
32.340453214,7.38165807723999
32.390453215,7.772665023803711
32.440453216,8.221040725708008
32.490453217,8.55622673034668
32.540453217,8.931304931640625
32.590453218,9.227794647216797
32.640453219,9.544953346252441
32.69045322,9.817996978759766
32.74045322,10.100752830505371
32.790453221,10.360800743103027
32.840453222,10.435181617736816
32.890453223,10.431952476501465
32.940453223,10.608744621276855
32.990453224,11.039621353149414
33.040453225,11.423310279846191
33.090453226,11.775439262390137
33.140453226,12.09972858428955
33.190453227,12.399649620056152
33.240453228,12.674201965332031
33.290453229,12.93559455871582
33.340453229,13.185832977294922
33.39045323,13.425430297851562
33.440453231,13.65771770477295
33.490453232,13.88471794128418
33.540453232,14.10517692565918
33.590453233,14.321948051452637
33.640453234,14.533931732177734
33.690453235,14.744610786437988
33.740453235,14.952917098999023
33.790453236,15.157711029052734
33.840453237,15.311691284179688
33.890453238,15.29094409942627
33.940453238,15.268040657043457
33.990453239,15.576749801635742
34.04045324,15.851200103759766
34.090453241,16.098167419433594
34.140453241,16.323495864868164
34.190453242,16.53622817993164
34.240453243,16.735713958740234
34.290453244,16.92730140686035
34.340453244,17.11142921447754
34.390453245,17.29111099243164
34.440453246,17.466630935668945
34.490453246,17.63849449157715
34.540453247,17.808435440063477
34.590453248,17.975936889648438
34.640453249,18.14146614074707
34.690453249,18.306264877319336
34.74045325,18.46988868713379
34.790453251,18.63242530822754
34.840453252,18.794692993164062
34.890453252,18.956966400146484
34.940453253,19.119977951049805
34.990453254,19.283720016479492
35.040453255,19.447982788085938
35.090453255,19.61258888244629
35.140453256,19.77690887451172
35.190453257,19.941877365112305
35.240453258,20.106422424316406
35.290453258,20.270444869995117
35.340453259,20.433853149414062
35.39045326,20.596925735473633
35.440453261,20.759193420410156
35.490453261,20.921199798583984
35.540453262,21.05376434326172
35.590453263,21.03361701965332
35.640453264,21.012264251708984
35.690453264,21.236339569091797
35.740453265,21.442853927612305
35.790453266,21.628826141357422
35.840453267,21.798980712890625
35.890453267,21.958419799804688
35.940453268,22.11024284362793
35.990453269,22.25631332397461
36.04045327,22.39832878112793
36.09045327,22.537229537963867
36.140453271,22.673620223999023
36.190453272,22.807960510253906
36.240453273,22.9403076171875
36.290453273,23.07087516784668
36.340453274,23.199508666992188
36.390453275,23.32660675048828
36.440453276,23.452266693115234
36.490453276,23.576719284057617
36.540453277,23.699941635131836
36.590453278,23.822185516357422
36.640453279,23.942970275878906
36.690453279,24.060815811157227
36.74045328,24.173673629760742
36.790453281,24.280031204223633
36.840453281,24.380216598510742
36.890453282,24.476106643676758
36.940453283,24.568477630615234
36.990453284,24.657793045043945
37.040453284,24.744457244873047
37.090453285,24.82781982421875
37.140453286,24.908279418945312
37.190453287,24.985666275024414
37.240453287,25.06032371520996
37.290453288,25.133630752563477
37.340453289,25.208267211914062
37.39045329,25.283771514892578
37.44045329,25.358896255493164
37.490453291,25.433551788330078
37.540453292,25.50751304626465
37.590453293,25.580673217773438
37.640453293,25.652616500854492
37.690453294,25.72255516052246
37.740453295,25.789827346801758
37.790453296,25.854122161865234
37.840453296,25.914203643798828
37.890453297,25.968975067138672
37.940453298,26.016084671020508
37.990453299,26.057939529418945
38.040453299,26.09469223022461
38.0904533,26.123342514038086
38.140453301,26.149099349975586
38.190453302,26.177913665771484
38.240453302,26.207433700561523
38.290453303,26.237768173217773
38.340453304,26.266752243041992
38.390453305,26.294363021850586
38.440453305,26.323579788208008
38.490453306,26.35419464111328
38.540453307,26.382678985595703
38.590453308,26.402671813964844
38.640453308,26.413803100585938
38.690453309,26.416606903076172
38.74045331,26.411590576171875
38.790453311,26.39932632446289
38.840453311,26.387371063232422
38.890453312,26.37535285949707
38.940453313,26.3614444732666
38.990453314,26.342924118041992
39.040453314,26.324094772338867
39.090453315,26.308069229125977
39.140453316,26.294898986816406
39.190453317,26.29055404663086
39.240453317,26.291715621948242
39.290453318,26.294321060180664
39.340453319,26.301883697509766
39.390453319,26.316062927246094
39.44045332,26.332448959350586
39.490453321,26.34799575805664
39.540453322,26.36058235168457
39.590453322,26.36390495300293
39.640453323,26.358741760253906
39.690453324,26.348665237426758
39.740453325,26.33372688293457
39.790453325,26.31659698486328
39.840453326,26.303342819213867
39.890453327,26.297826766967773
39.940453328,26.294240951538086
39.990453328,26.289527893066406
40.040453329,26.291080474853516
40.09045333,26.298080444335938
40.140453331,26.307708740234375
40.190453331,26.314207077026367
40.240453332,26.318099975585938
40.290453333,26.3250732421875
40.340453334,26.336658477783203
40.390453334,26.349123001098633
40.440453335,26.35694122314453
40.490453336,26.355022430419922
40.540453337,26.343076705932617
40.590453337,26.325485229492188
40.640453338,26.301708221435547
40.690453339,26.2767333984375
40.74045334,26.252382278442383
40.79045334,26.234052658081055
40.840453341,26.218339920043945
40.890453342,26.204479217529297
40.940453343,26.192283630371094
40.990453343,26.180465698242188
41.040453344,26.174922943115234
41.090453345,26.17686653137207
41.140453346,26.180866241455078
41.190453346,26.186887741088867
41.240453347,26.198007583618164
41.290453348,26.21344757080078
41.340453349,26.228992462158203
41.390453349,26.24233055114746
41.44045335,26.25046157836914
41.490453351,26.251035690307617
41.540453352,26.23965835571289
41.590453352,26.217060089111328
41.640453353,26.194164276123047
41.690453354,26.17522430419922
41.740453355,26.156898498535156
41.790453355,26.13620376586914
41.840453356,26.115812301635742
41.890453357,26.101478576660156
41.940453357,26.092784881591797
41.990453358,26.083518981933594
42.040453359,26.067800521850586
42.09045336,26.052169799804688
42.14045336,26.03887939453125
42.190453361,26.027759552001953
42.240453362,26.02010154724121
42.290453363,26.014801025390625
42.340453363,26.013713836669922
42.390453364,26.01613998413086
42.440453365,26.01905632019043
42.490453366,26.02001190185547
42.540453366,26.018749237060547
42.590453367,26.01409912109375
42.640453368,26.00956153869629
42.690453369,26.00752830505371
42.740453369,26.00704574584961
42.79045337,26.010780334472656
42.840453371,26.014888763427734
42.890453372,26.019657135009766
42.940453372,26.025209426879883
42.990453373,26.02825355529785
43.040453374,26.027141571044922
43.090453375,26.023942947387695
43.140453375,26.020673751831055
43.190453376,26.014963150024414
43.240453377,26.00117301940918
43.290453378,25.98088264465332
43.340453378,25.95790672302246
43.390453379,25.93352699279785
43.44045338,25.90481948852539
43.490453381,25.876365661621094
43.540453381,25.848134994506836
43.590453382,25.820877075195312
43.640453383,25.803857803344727
43.690453384,25.796926498413086
43.740453384,25.7968692779541
43.790453385,25.804990768432617
43.840453386,25.81764030456543
43.890453387,25.82986831665039
43.940453387,25.848079681396484
43.990453388,25.870407104492188
44.040453389,25.892799377441406
44.09045339,25.917287826538086
44.14045339,25.943553924560547
44.190453391,25.97154426574707
44.240453392,26.001750946044922
44.290453393,26.033967971801758
44.340453393,26.0687198638916
44.390453394,26.10576820373535
44.440453395,26.142892837524414
44.490453395,26.17871856689453
44.540453396,26.210153579711914
44.590453397,26.235145568847656
44.640453398,26.255922317504883
44.690453398,26.274015426635742
44.740453399,26.285167694091797
44.7904534,26.290485382080078
44.840453401,26.295015335083008
44.890453401,26.300121307373047
44.940453402,26.306737899780273
44.990453403000004,26.31505584716797
45.040453404,26.32341194152832
45.090453404,26.33171272277832
45.140453405,26.33834457397461
45.190453406,26.34244728088379
45.240453407,26.34400749206543
45.290453407,26.343284606933594
45.340453408,26.341567993164062
45.390453409,26.33489990234375
45.44045341,26.32217788696289
45.49045341,26.311397552490234
45.540453411,26.301515579223633
45.590453412,26.300125122070312
45.640453413,26.303564071655273
45.690453413,26.312379837036133
45.740453414,26.324481964111328
45.790453415,26.338953018188477
45.840453416,26.352664947509766
45.890453416,26.363069534301758
45.940453417,26.370943069458008
45.990453418,26.375335693359375
46.040453419,26.376962661743164
46.090453419,26.37262535095215
46.14045342,26.360885620117188
46.190453421,26.34484100341797
46.240453422,26.329723358154297
46.290453422,26.31268882751465
46.340453423,26.305755615234375
46.390453424,26.30670928955078
46.440453425,26.303585052490234
46.490453425,26.303930282592773
46.540453426,26.31122589111328
46.590453427,26.316600799560547
46.640453428,26.32539939880371
46.690453428,26.34113883972168
46.740453429,26.362768173217773
46.79045343,26.387670516967773
46.840453431,26.41384506225586
46.890453431,26.438383102416992
46.940453432,26.459672927856445
46.990453433,26.476642608642578
47.040453433,26.48541259765625
47.090453434,26.483261108398438
47.140453435,26.471155166625977
47.190453436,26.44898796081543
47.240453436,26.422466278076172
47.290453437,26.39374351501465
47.340453438,26.360687255859375
47.390453439,26.323974609375
47.440453439,26.294010162353516
47.49045344,26.278305053710938
47.540453441,26.270626068115234
47.590453442,26.271228790283203
47.640453442,26.27783966064453
47.690453443,26.28774070739746
47.740453444,26.303443908691406
47.790453445,26.324996948242188
47.840453445,26.348255157470703
47.890453446,26.36916160583496
47.940453447,26.382051467895508
47.990453448,26.384048461914062
48.040453448,26.377302169799805
48.090453449,26.365123748779297
48.14045345,26.34922981262207
48.190453451,26.33224868774414
48.240453451,26.318532943725586
48.290453452,26.304885864257812
48.340453453,26.291303634643555
48.390453454,26.28779411315918
48.440453454,26.29018783569336
48.490453455,26.296449661254883
48.540453456,26.304410934448242
48.590453457,26.313262939453125
48.640453457,26.325462341308594
48.690453458,26.3427791595459
48.740453459,26.36208724975586
48.79045346,26.381349563598633
48.84045346,26.39895248413086
48.890453461,26.41004753112793
48.940453462,26.414396286010742
48.990453463,26.41214370727539
49.040453463,26.4033145904541
49.090453464,26.39093589782715
49.140453465,26.37720489501953
49.190453466,26.360403060913086
49.240453466,26.342639923095703
49.290453467,26.332624435424805
49.340453468,26.326120376586914
49.390453469,26.32442283630371
49.440453469,26.32500457763672
49.49045347,26.32846450805664
49.540453471,26.337533950805664
49.590453471000004,26.351905822753906
49.640453472,26.370651245117188
49.690453473,26.392667770385742
49.740453474,26.410951614379883
49.790453474,26.42022705078125
49.840453475,26.423580169677734
49.890453476,26.416807174682617
49.940453477,26.39912223815918
49.990453477,26.377405166625977
50.040453478,26.351032257080078
50.090453479,26.319629669189453
50.14045348,26.28547477722168
50.19045348,26.249469757080078
50.240453481,26.20331382751465
50.290453482,26.119625091552734
50.340453483,26.00174903869629
50.390453483,25.84418487548828
50.440453484,25.647981643676758
50.490453485,25.425050735473633
50.540453486,25.196271896362305
50.590453486,24.95803451538086
50.640453487,24.73933219909668
50.690453488,24.55337142944336
50.740453489000004,24.39654541015625
50.790453489,24.2806339263916
50.84045349,24.20451545715332
50.890453491,24.15644645690918
50.940453492,24.126588821411133
50.990453492,24.108278274536133
51.040453493,24.098033905029297
51.090453494,24.096927642822266
51.140453495,24.101804733276367
51.190453495,24.10898780822754
51.240453496,24.109329223632812
51.290453497,24.051782608032227
51.340453498,23.922473907470703
51.390453498,23.744598388671875
51.440453499,23.527297973632812
51.4904535,23.2807674407959
51.540453501,22.999780654907227
51.590453501,22.648378372192383
51.640453502,22.256399154663086
51.690453503,21.86076545715332
51.740453504,21.596397399902344
51.790453504,21.404762268066406
51.840453505,20.98952865600586
51.890453506,20.463712692260742
51.940453507,19.96389389038086
51.990453507,19.476747512817383
52.040453508,19.001956939697266
52.090453509,18.547481536865234
52.140453509,18.13418197631836
52.19045351,17.7430477142334
52.240453511,17.35837745666504
52.290453512,16.970333099365234
52.340453512,16.579853057861328
52.390453513,16.212669372558594
52.440453514,15.955954551696777
52.490453515,15.851421356201172
52.540453515,15.677848815917969
52.590453516,15.21725845336914
52.640453517,14.7924165725708
52.690453518,14.413191795349121
52.740453518,14.091585159301758
52.790453519,13.812721252441406
52.84045352,13.557818412780762
52.890453521,13.339873313903809
52.940453521,13.178779602050781
52.990453522,13.093779563903809
53.040453523,13.087451934814453
53.090453524,13.137142181396484
53.140453524,13.220429420471191
53.190453525,13.310517311096191
53.240453526,13.353038787841797
53.290453527,13.334188461303711
53.340453527,13.268502235412598
53.390453528,13.174751281738281
53.440453529,13.067872047424316
53.49045353,12.956660270690918
53.54045353,12.847196578979492
53.590453531,12.74802017211914
53.640453532,12.661585807800293
53.690453533,12.589813232421875
53.740453533,12.529255867004395
53.790453534,12.464707374572754
53.840453535,12.363792419433594
53.890453536,12.232534408569336
53.940453536,12.084429740905762
53.990453537,11.927776336669922
54.040453538,11.81291389465332
54.090453539,11.795886993408203
54.140453539,11.783528327941895
54.19045354,11.275703430175781
54.240453541,10.824141502380371
54.290453542,10.384439468383789
54.340453542,9.97513484954834
54.390453543,9.61113452911377
54.440453544,9.281977653503418
54.490453545,8.994699478149414
54.540453545,8.764860153198242
54.590453546,8.564072608947754
54.640453547,8.40053653717041
54.690453547,8.168718338012695
54.740453548,7.9756975173950195
54.790453549,7.722651481628418
54.84045355,7.543829917907715
54.89045355,7.295558452606201
54.940453551,7.14955472946167
54.990453552,6.954457759857178
55.040453553,6.907260894775391
55.090453553,6.790900707244873
55.140453554,6.8128743171691895
55.190453555,6.771922588348389
55.240453556,6.882297992706299
55.290453556,6.92493200302124
55.340453557000004,7.110116004943848
55.390453558,7.2276129722595215
55.440453559,7.469420433044434
55.490453559,7.612517356872559
55.54045356,7.839076519012451
55.590453561,7.962152004241943
55.640453562,8.107463836669922
55.690453562,8.129094123840332
55.740453563,8.187922477722168
55.790453564,8.15129566192627
55.840453565,8.171578407287598
55.890453565,8.120396614074707
55.940453566,8.140376091003418
55.990453567,8.111971855163574
56.040453568,8.174589157104492
56.090453568,8.206962585449219
56.140453569,8.34192943572998
56.19045357,8.439008712768555
56.240453571,8.618952751159668
56.290453571,8.755081176757812
56.340453572,8.95335578918457
56.390453573,9.104990005493164
56.440453574,9.298102378845215
56.490453574,9.441706657409668
56.540453575,9.539527893066406
56.590453576,9.499755859375
56.640453577,9.3876953125
56.690453577,9.194907188415527
56.740453578,8.99400520324707
56.790453579,8.734776496887207
56.84045358,8.518421173095703
56.89045358,8.268712043762207
56.940453581,8.076223373413086
56.990453582,7.8303327560424805
57.040453583,7.665130615234375
57.090453583,7.432807445526123
57.140453584,7.291994094848633
57.190453585,7.079214572906494
57.240453585,6.98143196105957
57.290453586,6.797211647033691
57.340453587,6.716354846954346
57.390453588,6.533957004547119
57.440453588,6.456967830657959
57.490453589,6.274538040161133
57.54045359,6.21432638168335
57.590453591,6.069021701812744
57.640453590999996,6.0910820960998535
57.690453592,6.046344757080078
57.740453593,6.178159713745117
57.790453594,6.233316421508789
57.840453594,6.44891357421875
57.890453595,6.595869064331055
57.940453596,6.866386890411377
57.990453597,7.00143575668335
58.040453597,7.312146186828613
58.090453598,7.500612258911133
58.140453599,7.81632661819458
58.1904536,8.01287841796875
58.2404536,8.289200782775879
58.290453601,8.511594772338867
58.340453602,8.77629566192627
58.390453603,8.999065399169922
58.440453603,9.248303413391113
58.490453604,9.469635009765625
58.540453605,9.699047088623047
58.590453606,9.929900169372559
58.640453606,9.985553741455078
58.690453607,9.941425323486328
58.740453608,10.112771034240723
58.790453609,10.48271656036377
58.840453609,10.844683647155762
58.89045361,11.122760772705078
58.940453611,11.375910758972168
58.990453612,11.651352882385254
59.040453612,11.861601829528809
59.090453613,12.061870574951172
59.140453614,12.275740623474121
59.190453615,12.441568374633789
59.240453615,12.615012168884277
59.290453616,12.771265983581543
59.340453617,12.891345024108887
59.390453618,12.950630187988281
59.440453618,12.936972618103027
59.490453619,12.870521545410156
59.54045362,12.744451522827148
59.590453621,12.59724235534668
59.640453621,12.429786682128906
59.690453622,12.249581336975098
59.740453623,12.041341781616211
59.790453623,11.844703674316406
59.840453624,11.650047302246094
59.890453625,11.507171630859375
59.940453626,11.441451072692871
59.990453626,11.288788795471191
60.040453627,10.7996826171875
60.090453628,10.360496520996094
60.140453629,9.975589752197266
60.190453629,9.653291702270508
60.24045363,9.402620315551758
60.290453631,9.215472221374512
60.340453632,9.144798278808594
60.390453632,9.1393404006958
60.440453633,9.210859298706055
60.490453634,9.322651863098145
60.540453635,9.468118667602539
60.590453635,9.616958618164062
60.640453636,9.800944328308105
60.690453637,9.966976165771484
60.740453638,10.179106712341309
60.790453638,10.200087547302246
60.840453639,10.177029609680176
60.89045364,10.330061912536621
60.940453641,10.693310737609863
60.990453641,11.020466804504395
61.040453642,11.296219825744629
61.090453643,11.55884838104248
61.140453644,11.791712760925293
61.190453644,11.938115119934082
61.240453645,11.985265731811523
61.290453646,11.84052848815918
61.340453647,11.568948745727539
61.390453647,11.234526634216309
61.440453648,10.809391021728516
61.490453649,10.342034339904785
61.54045365,9.994391441345215
61.59045365,9.790160179138184
61.640453651,9.260602951049805
61.690453652,8.831746101379395
61.740453653,8.54564094543457
61.790453653,8.399914741516113
61.840453654,8.38342571258545
61.890453655,8.447455406188965
61.940453656,8.56064510345459
61.990453656,8.72881031036377
62.040453657,8.907140731811523
62.090453658,9.117663383483887
62.140453658,9.32947063446045
62.190453659,9.566380500793457
62.24045366,9.790477752685547
62.290453661,10.028573036193848
62.340453661,10.260177612304688
62.390453662,10.229982376098633
62.440453663,10.236133575439453
62.490453664,10.582417488098145
62.540453664,10.979323387145996
62.590453665,11.333870887756348
62.640453666,11.656283378601074
62.690453667,11.953369140625
62.740453667,12.22898006439209
62.790453668,12.489852905273438
62.840453669,12.737750053405762
62.89045367,12.976460456848145
62.94045367,13.207314491271973
62.990453671,13.43295955657959
63.040453672,13.654211044311523
63.090453673,13.871962547302246
63.140453673,14.087059020996094
63.190453674,14.299819946289062
63.240453675,14.5109224319458
63.290453676,14.7201566696167
63.340453676,14.928987503051758
63.390453676999996,15.13628101348877
63.440453678,15.34305477142334
63.490453679,15.371530532836914
63.540453679,15.358325958251953
63.59045368,15.548324584960938
63.640453681,15.845443725585938
63.690453682,16.110702514648438
63.740453682,16.348756790161133
63.790453683,16.564666748046875
63.840453684,16.766977310180664
63.890453685,16.956317901611328
63.940453685,17.13443374633789
63.990453686,17.298845291137695
64.040453687,17.454349517822266
64.090453688,17.605913162231445
64.140453688,17.756887435913086
64.190453689,17.908723831176758
64.24045369,18.065778732299805
64.290453691,18.220766067504883
64.340453691,18.376962661743164
64.390453692,18.535192489624023
64.440453693,18.69498634338379
64.490453694,18.85665512084961
64.540453694,19.01976203918457
64.590453695,19.183914184570312
64.640453696,19.348119735717773
64.690453696,19.51312828063965
64.740453697,19.67790412902832
64.790453698,19.842260360717773
64.840453699,20.0060977935791
64.890453699,20.169330596923828
64.9404537,20.332199096679688
64.990453701,20.494365692138672
65.040453702,20.65635108947754
65.090453702,20.817781448364258
65.140453703,20.97926902770996
65.190453704,21.040279388427734
65.240453705,21.020496368408203
65.290453705,21.097862243652344
65.340453706,21.321775436401367
65.390453707,21.522018432617188
65.440453708,21.703914642333984
65.490453708,21.8721866607666
65.540453709,22.030298233032227
65.59045371,22.180818557739258
65.640453711,22.325634002685547
65.690453711,22.466156005859375
65.740453712,22.603439331054688
65.790453713,22.738250732421875
65.840453714,22.871192932128906
65.890453714,23.002609252929688
65.940453715,23.13288688659668
65.990453716,23.26222038269043
66.040453717,23.390716552734375
66.090453717,23.518491744995117
66.140453718,23.64551544189453
66.190453719,23.77166175842285
66.24045372,23.89638900756836
66.29045372,24.01981544494629
66.340453721,24.14199447631836
66.390453722,24.26237678527832
66.440453723,24.380155563354492
66.490453723,24.494915008544922
66.540453724,24.606060028076172
66.590453725,24.711917877197266
66.640453726,24.811960220336914
66.690453726,24.90645408630371
66.740453727,24.996660232543945
66.790453728,25.083904266357422
66.840453729,25.169105529785156
66.890453729,25.252243041992188
66.94045373,25.33332061767578
66.990453731,25.412622451782227
67.040453732,25.490211486816406
67.090453732,25.566118240356445
67.140453733,25.63958168029785
67.190453734,25.71015167236328
67.240453734,25.778621673583984
67.290453735,25.84515953063965
67.340453736,25.910106658935547
67.390453737,25.970115661621094
67.440453737,26.024728775024414
67.490453738,26.07705307006836
67.540453739,26.127002716064453
67.59045374,26.16999626159668
67.64045374,26.204423904418945
67.690453741,26.23906135559082
67.740453742,26.273656845092773
67.790453743,26.308698654174805
67.840453743,26.342998504638672
67.890453744,26.37638282775879
67.940453745,26.408031463623047
67.990453746,26.43310546875
68.040453746,26.448156356811523
68.090453747,26.455503463745117
68.140453748,26.4553279876709
68.190453749,26.451364517211914
68.240453749,26.44542121887207
68.29045375,26.437488555908203
68.340453751,26.429054260253906
68.390453752,26.42234992980957
68.440453752,26.419668197631836
68.490453753,26.41585922241211
68.540453754,26.407691955566406
68.590453755,26.40494728088379
68.640453755,26.403554916381836
68.690453756,26.400062561035156
68.740453757,26.39789581298828
68.790453758,26.396562576293945
68.840453758,26.393766403198242
68.890453759,26.390867233276367
68.94045376,26.390810012817383
68.990453761,26.392518997192383
69.040453761,26.392087936401367
69.090453762,26.392738342285156
69.140453763,26.395893096923828
69.190453764,26.3956356048584
69.240453764,26.39208984375
69.290453765,26.389509201049805
69.340453766,26.3889217376709
69.390453767,26.387264251708984
69.440453767,26.381662368774414
69.490453768,26.375408172607422
69.540453769,26.37001609802246
69.59045377,26.368022918701172
69.64045377,26.370851516723633
69.690453771,26.374591827392578
69.740453772,26.37328338623047
69.790453772,26.369171142578125
69.840453773,26.36313819885254
69.890453774,26.357276916503906
69.940453775,26.353191375732422
69.990453775,26.34803581237793
70.040453776,26.34081268310547
70.090453777,26.336023330688477
70.140453778,26.33281135559082
70.190453778,26.332393646240234
70.240453779,26.330554962158203
70.29045378,26.324790954589844
70.340453781,26.317079544067383
70.390453781,26.306224822998047
70.440453782,26.29309844970703
70.490453783,26.276569366455078
70.540453784,26.257490158081055
70.590453784,26.242591857910156
70.640453785,26.22928237915039
70.690453786,26.217588424682617
70.740453787,26.207683563232422
70.790453787,26.201271057128906
70.840453788,26.19913101196289
70.890453789,26.19683074951172
70.94045379,26.191591262817383
70.99045379,26.182390213012695
71.040453791,26.17249870300293
71.090453792,26.166250228881836
71.140453793,26.159149169921875
71.190453793,26.14952278137207
71.240453794,26.133562088012695
71.290453795,26.108911514282227
71.340453796,26.084291458129883
71.390453796,26.063695907592773
71.440453797,26.050552368164062
71.490453798,26.046236038208008
71.540453799,26.048847198486328
71.590453799,26.055620193481445
71.6404538,26.061311721801758
71.690453801,26.064537048339844
71.740453802,26.06954002380371
71.790453802,26.07666015625
71.840453803,26.084453582763672
71.890453804,26.085983276367188
71.940453805,26.0788631439209
71.990453805,26.06966781616211
72.040453806,26.054370880126953
72.090453807,26.02961540222168
72.140453808,26.006576538085938
72.190453808,25.98920249938965
72.240453809,25.968900680541992
72.29045381,25.94537925720215
72.34045381,25.931724548339844
72.390453811,25.92383575439453
72.440453812,25.924226760864258
72.490453813,25.933090209960938
72.540453813,25.94384002685547
72.590453814,25.95559310913086
72.640453815,25.969945907592773
72.690453816,25.984609603881836
72.740453816,26.002527236938477
72.790453817,26.019702911376953
72.840453818,26.033447265625
72.890453819,26.04228973388672
72.940453819,26.046953201293945
72.99045382,26.04616928100586
73.040453821,26.039260864257812
73.090453822,26.03014373779297
73.140453822,26.021291732788086
73.190453823,26.012510299682617
73.240453824,26.00652503967285
73.290453825,25.996191024780273
73.340453825,25.97932243347168
73.390453826,25.961063385009766
73.440453827,25.946847915649414
73.490453828,25.93889045715332
73.540453828,25.931827545166016
73.590453829,25.924665451049805
73.64045383,25.924062728881836
73.690453831,25.928482055664062
73.740453831,25.933042526245117
73.790453832,25.936742782592773
73.840453833,25.940128326416016
73.890453834,25.943479537963867
73.940453834,25.94484519958496
73.990453835,25.9412841796875
74.040453836,25.931915283203125
74.090453837,25.9300537109375
74.140453837,25.934370040893555
74.190453838,25.944515228271484
74.240453839,25.959861755371094
74.29045384,25.97730255126953
74.34045384,25.996082305908203
74.390453841,26.015756607055664
74.440453842,26.03836441040039
74.490453843,26.064411163330078
74.540453843,26.094982147216797
74.590453844,26.1300106048584
74.640453845,26.16641616821289
74.690453846,26.201189041137695
74.740453846,26.232999801635742
74.790453847,26.261125564575195
74.840453848,26.283611297607422
74.890453848,26.297008514404297
74.940453849,26.303491592407227
74.99045385,26.30784034729004
75.040453851,26.31153106689453
75.090453851,26.31598472595215
75.140453852,26.320430755615234
75.190453853,26.323657989501953
75.240453854,26.331424713134766
75.290453854,26.344158172607422
75.340453855,26.36181640625
75.390453856,26.383020401000977
75.440453857,26.404312133789062
75.490453857,26.425071716308594
75.540453858,26.44203758239746
75.590453859,26.451953887939453
75.64045386,26.457075119018555
75.69045386,26.45669937133789
75.740453861,26.45332908630371
75.790453862,26.447572708129883
75.840453863,26.440383911132812
75.890453863,26.432083129882812
75.940453864,26.423912048339844
75.990453865,26.422264099121094
76.04045386600001,26.427038192749023
76.090453866,26.434465408325195
76.140453867,26.436954498291016
76.190453868,26.43442153930664
76.240453869,26.436052322387695
76.290453869,26.440582275390625
76.34045387,26.448591232299805
76.390453871,26.457256317138672
76.440453872,26.46297264099121
76.490453872,26.46570587158203
76.540453873,26.465415954589844
76.590453874,26.462642669677734
76.640453875,26.45304298400879
76.690453875,26.43552589416504
76.740453876,26.40795135498047
76.790453877,26.372875213623047
76.840453878,26.34427833557129
76.890453878,26.320812225341797
76.940453879,26.30272674560547
76.99045388,26.293607711791992
77.040453881,26.29306983947754
77.090453881,26.296159744262695
77.140453882,26.305313110351562
77.190453883,26.32288932800293
77.240453884,26.3450870513916
77.290453884,26.363142013549805
77.340453885,26.367191314697266
77.390453886,26.36223030090332
77.440453886,26.351335525512695
77.490453887,26.333595275878906
77.540453888,26.314085006713867
77.590453889,26.294546127319336
77.640453889,26.273494720458984
77.69045389,26.25270652770996
77.740453891,26.237306594848633
77.790453892,26.22308921813965
77.840453892,26.209203720092773
77.890453893,26.19059944152832
77.940453894,26.181074142456055
77.990453895,26.182456970214844
78.040453895,26.19495964050293
78.090453896,26.215608596801758
78.140453897,26.237077713012695
78.190453898,26.255531311035156
78.240453898,26.26471519470215
78.290453899,26.262571334838867
78.3404539,26.255104064941406
78.390453901,26.2437686920166
78.440453901,26.23092269897461
78.490453902,26.216793060302734
78.540453903,26.19989585876465
78.590453904,26.181241989135742
78.640453904,26.1675968170166
78.690453905,26.159610748291016
78.740453906,26.1594295501709
78.790453907,26.167186737060547
78.840453907,26.17928695678711
78.890453908,26.191804885864258
78.940453909,26.19999885559082
78.99045391,26.20256996154785
79.04045391,26.201322555541992
79.090453911,26.19478416442871
79.140453912,26.184492111206055
79.190453913,26.163082122802734
79.240453913,26.115184783935547
79.290453914,26.02935028076172
79.340453915,25.916259765625
79.390453916,25.785825729370117
79.440453916,25.64566421508789
79.490453917,25.500896453857422
79.540453918,25.35283851623535
79.590453919,25.20410919189453
79.640453919,25.061429977416992
79.69045392,24.944650650024414
79.740453921,24.87012481689453
79.790453922,24.833786010742188
79.840453922,24.824947357177734
79.890453923,24.83281135559082
79.940453924,24.84932518005371
79.990453924,24.868539810180664
80.040453925,24.88636016845703
80.090453926,24.89938735961914
80.140453927,24.899595260620117
80.190453927,24.849777221679688
80.240453928,24.730363845825195
80.290453929,24.54849624633789
80.34045393,24.324628829956055
80.39045393,24.089019775390625
80.440453931,23.85934829711914
80.490453932,23.6463680267334
80.540453933,23.463796615600586
80.590453933,23.30182456970215
80.640453934,23.162397384643555
80.690453935,23.045318603515625
80.740453936,22.95256805419922
80.790453936,22.884267807006836
80.840453937,22.839082717895508
80.890453938,22.817289352416992
80.940453939,22.815746307373047
80.990453939,22.82663917541504
81.04045394,22.843887329101562
81.090453941,22.8597469329834
81.140453942,22.87008285522461
81.190453942,22.866485595703125
81.240453943,22.79590606689453
81.290453944,22.61760139465332
81.340453945,22.341472625732422
81.390453945,21.98411750793457
81.440453946,21.588706970214844
81.490453947,21.213472366333008
81.540453948,20.91338348388672
81.590453948,20.611663818359375
81.640453949,20.09086036682129
81.69045395,19.58794403076172
81.740453951,19.099651336669922
81.790453951,18.622421264648438
81.840453952,18.164148330688477
81.890453953,17.734424591064453
81.940453954,17.334426879882812
81.990453954,16.98052406311035
82.040453955,16.682477951049805
82.090453956,16.41170310974121
82.140453957,16.118436813354492
82.190453957,15.813953399658203
82.240453958,15.621687889099121
82.290453959,15.466043472290039
82.34045396,15.178445816040039
82.39045396,14.803299903869629
82.440453961,14.4279146194458
82.490453962,14.099810600280762
82.540453962,13.832094192504883
82.590453963,13.629290580749512
82.640453964,13.510419845581055
82.690453965,13.477381706237793
82.740453965,13.508452415466309
82.790453966,13.568434715270996
82.840453967,13.624210357666016
82.890453968,13.625295639038086
82.940453968,13.577507019042969
82.990453969,13.503963470458984
83.04045397,13.420769691467285
83.090453971,13.343650817871094
83.140453971,13.27917766571045
83.190453972,13.141347885131836
83.240453973,12.953595161437988
83.290453974,12.776251792907715
83.340453974,12.606639862060547
83.390453975,12.452766418457031
83.440453976,12.306193351745605
83.490453977,12.156475067138672
83.540453977,12.001614570617676
83.590453978,11.840413093566895
83.640453979,11.782792091369629
83.69045398,11.769682884216309
83.74045398,11.544377326965332
83.790453981,11.056258201599121
83.840453982,10.617359161376953
83.890453983,10.237549781799316
83.940453983,9.918198585510254
83.990453984,9.651788711547852
84.040453985,9.423378944396973
84.090453986,9.218146324157715
84.140453986,9.02884292602539
84.190453987,8.844690322875977
84.240453988,8.667475700378418
84.290453989,8.490445137023926
84.340453989,8.35263729095459
84.39045399,8.194129943847656
84.440453991,8.112607955932617
84.490453992,7.9876251220703125
84.540453992,7.949944019317627
84.590453993,7.853861331939697
84.640453994,7.8512067794799805
84.690453995,7.806111812591553
84.740453995,7.872308254241943
84.790453996,7.895688056945801
84.840453997,8.03580379486084
84.890453997,8.129460334777832
84.940453998,8.30897331237793
84.990453999,8.422367095947266
85.040454,8.596708297729492
85.090454,8.70223617553711
85.140454001,8.843003273010254
85.190454002,8.902524948120117
85.240454003,8.96185302734375
85.290454003,8.941719055175781
85.340454004,8.937478065490723
85.390454005,8.873817443847656
85.440454006,8.840511322021484
85.490454006,8.757303237915039
85.540454007,8.715883255004883
85.590454008,8.628056526184082
85.640454009,8.596226692199707
85.690454009,8.528970718383789
85.74045401,8.543594360351562
85.790454011,8.53991985321045
85.840454012,8.621612548828125
85.890454012,8.673188209533691
85.940454013,8.80279541015625
85.990454014,8.900279998779297
86.040454015,9.052803993225098
86.090454015,9.158205032348633
86.140454016,9.285082817077637
86.190454017,9.304638862609863
86.240454018,9.23533821105957
86.290454018,9.058232307434082
86.340454019,8.88338565826416
86.39045402,8.64588737487793
86.440454021,8.445439338684082
86.490454021,8.181991577148438
86.540454022,7.965853214263916
86.590454023,7.672728061676025
86.640454024,7.463956832885742
86.690454024,7.167047023773193
86.740454025,6.971661567687988
86.790454026,6.799875259399414
86.840454027,6.855330467224121
86.890454027,6.664808750152588
86.940454028,6.172435760498047
86.990454029,5.724965572357178
87.04045403,5.573591232299805
87.09045403,5.389747142791748
87.140454031,5.383378982543945
87.190454032,5.268792629241943
87.240454033,5.310678482055664
87.290454033,5.29488468170166
87.340454034,5.46345329284668
87.390454035,5.549703598022461
87.440454035,5.851890563964844
87.490454036,6.068531513214111
87.540454037,6.027564525604248
87.590454038,6.086324691772461
87.640454038,6.5361647605896
87.690454039,7.008369445800781
87.74045404,7.546206951141357
87.790454041,7.908725738525391
87.840454041,8.331328392028809
87.890454042,8.642006874084473
87.940454043,8.972886085510254
87.990454044,9.271150588989258
88.040454044,9.564252853393555
88.090454045,9.848483085632324
88.140454046,10.154864311218262
88.190454047,10.399833679199219
88.240454047,10.575240135192871
88.290454048,10.625139236450195
88.340454049,10.603921890258789
88.39045405,10.514566421508789
88.44045405,10.385136604309082
88.490454051,10.23421573638916
88.540454052,10.056066513061523
88.590454053,9.86428165435791
88.640454053,9.65482234954834
88.690454054,9.444448471069336
88.740454055,9.227625846862793
88.790454056,9.01367473602295
88.840454056,8.793598175048828
88.890454057,8.58324146270752
88.940454058,8.376997947692871
88.990454059,8.201423645019531
89.040454059,8.021159172058105
89.09045406,7.937325954437256
89.140454061,7.863144874572754
89.190454062,7.939709663391113
89.240454062,7.99411153793335
89.290454063,8.160789489746094
89.340454064,8.303070068359375
89.390454065,8.52158260345459
89.440454065,8.695732116699219
89.490454066,8.9253511428833
89.540454067,9.11954116821289
89.590454068,9.347779273986816
89.640454068,9.550134658813477
89.690454069,9.763206481933594
89.74045407,9.98691463470459
89.790454071,10.030156135559082
89.840454071,10.01354694366455
89.890454072,10.173696517944336
89.940454073,10.54680061340332
89.990454073,10.903535842895508
90.040454074,11.182125091552734
90.090454075,11.455731391906738
90.140454076,11.72124195098877
90.190454076,11.932435035705566
90.240454077,12.160432815551758
90.290454078,12.357826232910156
90.340454079,12.492883682250977
90.390454079,12.568510055541992
90.44045408,12.570283889770508
90.490454081,12.505208015441895
90.540454082,12.403139114379883
90.590454082,12.276545524597168
90.640454083,12.151388168334961
90.690454084,11.991517066955566
90.740454085,11.823986053466797
90.790454085,11.656839370727539
90.840454086,11.471055030822754
90.890454087,11.338489532470703
90.940454088,11.276237487792969
90.990454088,11.145289421081543
91.040454089,10.660387992858887
91.09045409,10.209596633911133
91.140454091,9.800039291381836
91.190454091,9.409552574157715
91.240454092,9.0602445602417
91.290454093,8.75094985961914
91.340454094,8.466825485229492
91.390454094,8.256738662719727
91.440454095,8.101739883422852
91.490454096,8.052244186401367
91.540454097,7.976537704467773
91.590454097,7.901279449462891
91.640454098,7.663283824920654
91.690454099,7.439972877502441
91.7404541,7.138396263122559
91.7904541,6.933291435241699
91.840454101,6.661232948303223
91.890454102,6.698056697845459
91.940454103,6.617371082305908
91.990454103,6.251909255981445
92.040454104,5.709916114807129
92.090454105,5.300549030303955
92.140454106,4.913623809814453
92.190454106,4.797948837280273
92.240454107,4.798480987548828
92.290454108,4.87202787399292
92.340454109,4.985759258270264
92.390454109,5.146987438201904
92.44045411,5.3727264404296875
92.490454111,5.491922378540039
92.540454111,5.744324207305908
92.590454112,5.701166152954102
92.640454113,5.7698516845703125
92.690454114,5.870794296264648
92.740454114,6.434504985809326
92.790454115,6.818348407745361
92.840454116,7.291309833526611
92.890454117,7.616596221923828
92.940454117,8.007843017578125
92.990454118,8.292877197265625
93.040454119,8.631086349487305
93.09045412,8.893438339233398
93.14045412,9.197011947631836
93.190454121,9.45069694519043
93.240454122,9.72639274597168
93.290454123,9.970171928405762
93.340454123,9.928689002990723
93.390454124,9.915942192077637
93.440454125,10.259686470031738
93.490454126,10.656652450561523
93.540454126,11.013382911682129
93.590454127,11.331077575683594
93.640454128,11.621559143066406
93.690454129,11.896517753601074
93.740454129,12.162412643432617
93.79045413,12.413113594055176
93.840454131,12.6561918258667
93.890454132,12.889199256896973
93.940454132,13.11831283569336
93.990454133,13.34123420715332
94.040454134,13.560213088989258
94.090454135,13.777748107910156
94.140454135,13.991987228393555
94.190454136,14.20358657836914
94.240454137,14.41112232208252
94.290454138,14.619013786315918
94.340454138,14.8243989944458
94.390454139,15.028072357177734
94.44045414,15.227278709411621
94.490454141,15.334833145141602
94.540454141,15.311820983886719
94.590454142,15.356228828430176
94.640454143,15.657032012939453
94.690454144,15.925711631774902
94.740454144,16.166749954223633
94.790454145,16.392963409423828
94.840454146,16.60136604309082
94.890454147,16.80059242248535
94.940454147,16.990554809570312
94.990454148,17.174699783325195
95.040454149,17.353408813476562
95.090454149,17.528118133544922
95.14045415,17.699804306030273
95.190454151,17.868776321411133
95.240454152,18.035898208618164
95.290454152,18.201366424560547
95.340454153,18.36604881286621
95.390454154,18.528945922851562
95.440454155,18.691211700439453
95.490454155,18.85338592529297
95.540454156,19.015928268432617
95.590454157,19.179115295410156
95.640454158,19.342782974243164
95.690454158,19.50702667236328
95.740454159,19.671489715576172
95.79045416,19.836139678955078
95.840454161,20.000879287719727
95.890454161,20.165283203125
95.940454162,20.32906723022461
95.990454163,20.49237632751465
96.040454164,20.655115127563477
96.090454164,20.81719970703125
96.140454165,20.979049682617188
96.190454166,21.03973960876465
96.240454167,21.019262313842773
96.29045416700001,21.094646453857422
96.340454168,21.31608009338379
96.390454169,21.513776779174805
96.44045417,21.692922592163086
96.49045417,21.858469009399414
96.540454171,22.014572143554688
96.590454172,22.1636962890625
96.640454173,22.307924270629883
96.690454173,22.448463439941406
96.740454174,22.586219787597656
96.790454175,22.7216796875
96.840454176,22.855199813842773
96.890454176,22.986881256103516
96.940454177,23.11686134338379
96.990454178,23.245107650756836
97.040454179,23.37177085876465
97.090454179,23.4964542388916
97.14045418,23.620025634765625
97.190454181,23.743255615234375
97.240454182,23.86588478088379
97.290454182,23.9869384765625
97.340454183,24.104562759399414
97.390454184,24.21775245666504
97.440454185,24.325286865234375
97.490454185,24.4262752532959
97.540454186,24.522506713867188
97.590454187,24.614913940429688
97.640454187,24.703964233398438
97.690454188,24.79007911682129
97.740454189,24.87397575378418
97.79045419,24.9550838470459
97.84045419,25.030702590942383
97.890454191,25.10396385192871
97.940454192,25.178203582763672
97.990454193,25.252622604370117
98.040454193,25.327089309692383
98.090454194,25.40139389038086
98.140454195,25.475387573242188
98.190454196,25.54873275756836
98.240454196,25.621248245239258
98.290454197,25.69305419921875
98.340454198,25.76247787475586
98.390454199,25.828676223754883
98.440454199,25.891138076782227
98.4904542,25.948747634887695
98.540454201,26.001848220825195
98.590454202,26.045639038085938
98.640454202,26.081819534301758
98.690454203,26.116607666015625
98.740454204,26.148767471313477
98.790454205,26.17731475830078
98.840454205,26.202428817749023
98.890454206,26.228883743286133
98.940454207,26.258316040039062
98.990454208,26.290252685546875
99.040454208,26.32431983947754
99.090454209,26.35869598388672
99.14045421,26.39031410217285
99.190454211,26.41786766052246
99.240454211,26.438417434692383
99.290454212,26.446096420288086
99.340454213,26.44106674194336
99.390454214,26.424623489379883
99.440454214,26.403949737548828
99.490454215,26.381410598754883
99.540454216,26.360748291015625
99.590454217,26.345539093017578
99.640454217,26.335691452026367
99.690454218,26.33361053466797
99.740454219,26.337568283081055
99.79045422,26.34156036376953
99.84045422,26.342247009277344
99.890454221,26.34656524658203
99.940454222,26.357921600341797
99.990454223,26.374326705932617
100.040454223,26.392662048339844
100.090454224,26.410423278808594
100.140454225,26.423866271972656
100.190454225,26.43033218383789
100.240454226,26.429473876953125
100.290454227,26.42473793029785
100.340454228,26.417301177978516
100.390454228,26.40953826904297
100.440454229,26.403364181518555
100.49045423,26.39830780029297
100.540454231,26.392932891845703
100.590454231,26.3869686126709
100.640454232,26.380603790283203
100.690454233,26.37227439880371
100.740454234,26.36606788635254
100.790454234,26.364355087280273
100.840454235,26.366716384887695
100.890454236,26.371017456054688
100.940454237,26.373844146728516
100.990454237,26.375085830688477
101.040454238,26.373552322387695
101.090454239,26.367734909057617
101.14045424,26.360620498657227
101.19045424,26.349714279174805
101.240454241,26.332365036010742
101.290454242,26.314952850341797
101.340454243,26.305442810058594
101.390454243,26.29840660095215
101.440454244,26.287050247192383
101.490454245,26.274229049682617
101.540454246,26.264171600341797
101.590454246,26.25551986694336
101.640454247,26.24907684326172
101.690454248,26.243528366088867
101.740454249,26.23255729675293
101.790454249,26.216386795043945
101.84045425,26.20404624938965
101.890454251,26.190509796142578
101.940454252,26.18058967590332
101.990454252,26.1793155670166
102.040454253,26.185956954956055
102.090454254,26.191696166992188
102.140454255,26.194034576416016
102.190454255,26.194231033325195
102.240454256,26.18855094909668
102.290454257,26.17458152770996
102.340454258,26.155214309692383
102.390454258,26.130699157714844
102.440454259,26.102128982543945
102.49045426,26.08063316345215
102.540454261,26.065536499023438
102.590454261,26.058975219726562
102.640454262,26.056623458862305
102.690454263,26.0501708984375
102.740454263,26.037485122680664
102.790454264,26.028438568115234
102.840454265,26.026626586914062
102.890454266,26.028297424316406
102.940454266,26.034059524536133
102.990454267,26.04576301574707
103.040454268,26.061635971069336
103.090454269,26.076353073120117
103.140454269,26.087202072143555
103.19045427,26.09798240661621
103.240454271,26.10840606689453
103.290454272,26.118410110473633
103.340454272,26.1282958984375
103.390454273,26.136333465576172
103.440454274,26.14030647277832
103.490454275,26.138208389282227
103.540454275,26.133785247802734
103.590454276,26.128131866455078
103.640454277,26.120588302612305
103.690454278,26.113828659057617
103.740454278,26.101192474365234
103.790454279,26.0753231048584
103.84045428,26.041236877441406
103.890454281,26.008882522583008
103.940454281,25.97584342956543
103.990454282,25.943758010864258
104.040454283,25.915496826171875
104.090454284,25.88948631286621
104.140454284,25.867431640625
104.190454285,25.84929656982422
104.240454286,25.83761215209961
104.290454287,25.83372688293457
104.340454287,25.83395767211914
104.390454288,25.839092254638672
104.440454289,25.848094940185547
104.49045429,25.85531234741211
104.54045429,25.858154296875
104.590454291,25.862539291381836
104.640454292,25.872169494628906
104.690454293,25.883787155151367
104.740454293,25.899425506591797
104.790454294,25.918933868408203
104.840454295,25.939353942871094
104.890454296,25.958322525024414
104.940454296,25.97641944885254
104.990454297,25.996849060058594
105.040454298,26.023128509521484
105.090454299,26.055156707763672
105.140454299,26.088401794433594
105.1904543,26.119216918945312
105.240454301,26.14499282836914
105.290454301,26.164880752563477
105.340454302,26.181785583496094
105.390454303,26.195451736450195
105.440454304,26.205137252807617
105.490454304,26.21260643005371
105.540454305,26.220365524291992
105.590454306,26.23270606994629
105.640454307,26.24300765991211
105.690454307,26.24848175048828
105.740454308,26.258394241333008
105.790454309,26.273406982421875
105.84045431,26.292137145996094
105.89045431,26.314115524291992
105.940454311,26.33659553527832
105.990454312,26.35604476928711
106.040454313,26.370807647705078
106.090454313,26.38047981262207
106.140454314,26.384355545043945
106.190454315,26.382301330566406
106.240454316,26.375755310058594
106.290454316,26.363887786865234
106.340454317,26.349740982055664
106.390454318,26.33896255493164
106.440454319,26.327102661132812
106.490454319,26.311914443969727
106.54045432,26.30220603942871
106.590454321,26.300363540649414
106.640454322,26.303504943847656
106.690454322,26.30963706970215
106.740454323,26.322528839111328
106.790454324,26.341930389404297
106.840454325,26.36210823059082
106.890454325,26.378023147583008
106.940454326,26.387828826904297
106.990454327,26.394256591796875
107.040454328,26.39544105529785
107.090454328,26.389081954956055
107.140454329,26.375938415527344
107.19045433,26.360624313354492
107.240454331,26.343963623046875
107.290454331,26.329431533813477
107.340454332,26.321054458618164
107.390454333,26.319053649902344
107.440454334,26.32018280029297
107.490454334,26.317174911499023
107.540454335,26.310691833496094
107.590454336,26.304189682006836
107.640454337,26.30157470703125
107.690454337,26.30600929260254
107.740454338,26.31623649597168
107.79045433900001,26.323434829711914
107.840454339,26.324308395385742
107.89045434,26.320194244384766
107.940454341,26.30868911743164
107.990454342,26.293581008911133
108.040454342,26.276124954223633
108.090454343,26.253387451171875
108.140454344,26.228410720825195
108.190454345,26.206029891967773
108.240454345,26.18694496154785
108.290454346,26.17372703552246
108.340454347,26.167539596557617
108.390454348,26.16706657409668
108.440454348,26.17047119140625
108.490454349,26.175851821899414
108.54045435,26.183950424194336
108.590454351,26.196664810180664
108.640454351,26.215131759643555
108.690454352,26.23751449584961
108.740454353,26.258085250854492
108.790454354,26.271137237548828
108.840454354,26.27935218811035
108.890454355,26.281925201416016
108.940454356,26.2747745513916
108.990454357,26.25956916809082
109.040454357,26.243955612182617
109.090454358,26.23177146911621
109.140454359,26.223506927490234
109.19045436,26.220958709716797
109.24045436,26.223928451538086
109.290454361,26.23349952697754
109.340454362,26.245771408081055
109.390454363,26.259777069091797
109.440454363,26.279664993286133
109.490454364,26.30605697631836
109.540454365,26.334341049194336
109.590454366,26.360729217529297
109.640454366,26.38322639465332
109.690454367,26.400440216064453
109.740454368,26.409616470336914
109.790454369,26.411426544189453
109.840454369,26.407855987548828
109.89045437,26.401376724243164
109.940454371,26.391454696655273
109.990454372,26.37649917602539
110.040454372,26.359046936035156
110.090454373,26.344701766967773
110.140454374,26.333284378051758
110.190454374,26.32792091369629
110.240454375,26.330886840820312
110.290454376,26.338205337524414
110.340454377,26.348508834838867
110.390454377,26.36559295654297
110.440454378,26.387962341308594
110.490454379,26.408369064331055
110.54045438,26.42269515991211
110.59045438,26.42743682861328
110.640454381,26.414297103881836
110.690454382,26.387723922729492
110.740454383,26.349050521850586
110.790454383,26.295787811279297
110.840454384,26.23434829711914
110.890454385,26.17124366760254
110.940454386,26.099714279174805
110.990454386,26.01075553894043
111.040454387,25.878515243530273
111.090454388,25.69853973388672
111.140454389,25.483469009399414
111.190454389,25.251007080078125
111.24045439,25.00935935974121
111.290454391,24.773359298706055
111.340454392,24.55925178527832
111.390454392,24.374412536621094
111.440454393,24.218536376953125
111.490454394,24.103862762451172
111.540454395,24.029634475708008
111.590454395,23.986845016479492
111.640454396,23.96905517578125
111.690454397,23.9704532623291
111.740454398,23.98151206970215
111.790454398,23.993915557861328
111.840454399,24.00594711303711
111.8904544,24.014480590820312
111.940454401,24.009876251220703
111.990454401,23.939476013183594
112.040454402,23.794309616088867
112.090454403,23.620393753051758
112.140454404,23.404577255249023
112.190454404,23.127952575683594
112.240454405,22.778614044189453
112.290454406,22.385908126831055
112.340454407,21.983354568481445
112.390454407,21.641023635864258
112.440454408,21.352602005004883
112.490454409,20.972305297851562
112.54045441,20.443906784057617
112.59045441,19.936561584472656
112.640454411,19.448001861572266
112.690454412,18.975299835205078
112.740454412,18.523897171020508
112.790454413,18.097375869750977
112.840454414,17.690370559692383
112.890454415,17.298852920532227
112.940454415,16.922578811645508
112.990454416,16.569305419921875
113.040454417,16.235977172851562
113.090454418,15.99081039428711
113.140454418,15.887681007385254
113.190454419,15.762815475463867
113.24045442,15.294528007507324
113.290454421,14.88054370880127
113.340454421,14.532191276550293
113.390454422,14.223431587219238
113.440454423,13.948247909545898
113.490454424,13.717771530151367
113.540454424,13.530267715454102
113.590454425,13.400847434997559
113.640454426,13.35284423828125
113.690454427,13.37143611907959
113.740454427,13.432899475097656
113.790454428,13.508277893066406
113.840454429,13.539546012878418
113.89045443,13.514716148376465
113.94045443,13.444950103759766
113.990454431,13.34508228302002
114.040454432,13.231996536254883
114.090454433,13.113630294799805
114.140454433,12.998380661010742
114.190454434,12.89450740814209
114.240454435,12.803951263427734
114.290454436,12.72603702545166
114.340454436,12.657694816589355
114.390454437,12.581077575683594
114.440454438,12.468246459960938
114.490454439,12.32596492767334
114.540454439,12.166037559509277
114.59045444,11.994311332702637
114.640454441,11.914037704467773
114.690454442,11.897520065307617
114.740454442,11.677651405334473
114.790454443,11.192800521850586
114.840454444,10.757838249206543
114.890454445,10.345182418823242
114.940454445,9.934759140014648
114.990454446,9.558364868164062
115.040454447,9.226993560791016
115.090454448,8.935746192932129
115.140454448,8.691125869750977
115.190454449,8.48745346069336
115.24045445,8.304837226867676
115.29045445,8.144784927368164
115.340454451,7.966814041137695
115.390454452,7.777708530426025
115.440454453,7.585705280303955
115.490454453,7.394119739532471
115.540454454,7.2100934982299805
115.590454455,7.038735389709473
115.640454456,6.905738353729248
115.690454456,6.8074727058410645
115.740454457,6.755224227905273
115.790454458,6.74552583694458
115.840454459,6.778059959411621
115.890454459,6.846663951873779
115.94045446,6.95359468460083
115.990454461,7.090229511260986
116.040454462,7.25406551361084
116.090454462,7.437505722045898
116.140454463,7.6269211769104
116.190454464,7.796849727630615
116.240454465,7.925341606140137
116.290454465,8.011195182800293
116.340454466,8.054529190063477
116.390454467,8.063645362854004
116.440454468,8.059707641601562
116.490454468,8.044864654541016
116.540454469,8.034140586853027
116.59045447,8.030259132385254
116.640454471,8.054937362670898
116.690454471,8.11041259765625
116.740454472,8.20078182220459
116.790454473,8.322909355163574
116.840454474,8.470503807067871
116.890454474,8.633763313293457
116.940454475,8.804915428161621
116.990454476,8.965921401977539
117.040454477,9.092816352844238
117.090454477,9.144975662231445
117.140454478,9.130208015441895
117.190454479,9.077173233032227
117.24045448,8.992935180664062
117.29045448,8.881074905395508
117.340454481,8.747462272644043
117.390454482,8.59577465057373
117.440454483,8.446412086486816
117.490454483,8.32510757446289
117.540454484,8.21792984008789
117.590454485,8.082560539245605
117.640454486,7.896050453186035
117.690454486,7.696816444396973
117.740454487,7.497402667999268
117.790454488,7.300882339477539
117.840454488,7.121877193450928
117.890454489,6.960612773895264
117.94045449,6.810323238372803
117.990454491,6.66254997253418
118.040454491,6.519917964935303
118.090454492,6.385828971862793
118.140454493,6.2552008628845215
118.190454494,6.131473541259766
118.240454494,6.01768684387207
118.290454495,5.933841705322266
118.340454496,5.894296646118164
118.390454497,5.90963077545166
118.440454497,5.976123809814453
118.490454498,6.073851108551025
118.540454499,6.227596282958984
118.5904545,6.412766456604004
118.6404545,6.684687614440918
118.690454501,6.938933849334717
118.740454502,7.179148197174072
118.790454503,7.442303657531738
118.840454503,7.672351360321045
118.890454504,7.929689884185791
118.940454505,8.161067008972168
118.990454506,8.39017391204834
119.040454506,8.618745803833008
119.090454507,8.8671293258667
119.140454508,9.10943603515625
119.190454509,9.348291397094727
119.240454509,9.581603050231934
119.29045451,9.799996376037598
119.340454511,10.038908004760742
119.390454512,9.990325927734375
119.440454512,9.945091247558594
119.490454513,10.295235633850098
119.540454514,10.640752792358398
119.590454515,10.976634979248047
119.640454515,11.266321182250977
119.690454516,11.506644248962402
119.740454517,11.74593448638916
119.790454518,11.957130432128906
119.840454518,12.16872501373291
119.890454519,12.367106437683105
119.94045452,12.539559364318848
119.990454521,12.704429626464844
120.040454521,12.804113388061523
120.090454522,12.823285102844238
120.140454523,12.77692985534668
120.190454524,12.685539245605469
120.240454524,12.557831764221191
120.290454525,12.391226768493652
120.340454526,12.222041130065918
120.390454526,12.040242195129395
120.440454527,11.85699462890625
120.490454528,11.669196128845215
120.540454529,11.487332344055176
120.590454529,11.32750415802002
120.64045453,11.163199424743652
120.690454531,11.016839027404785
120.740454532,10.872273445129395
120.790454532,10.744070053100586
120.840454533,10.638954162597656
120.890454534,10.538721084594727
120.940454535,10.45362377166748
120.990454535,10.365608215332031
121.040454536,10.321882247924805
121.090454537,10.367414474487305
121.140454538,10.4155855178833
121.190454538,10.514260292053223
121.240454539,10.604350090026855
121.29045454,10.726515769958496
121.340454541,10.88991641998291
121.390454541,11.017480850219727
121.440454542,11.170022010803223
121.490454543,11.337972640991211
121.540454544,11.47752857208252
121.590454544,11.624855995178223
121.640454545,11.765202522277832
121.690454546,11.906166076660156
121.740454547,12.041812896728516
121.790454547,12.113346099853516
121.840454548,12.100397109985352
121.890454549,11.910897254943848
121.94045455,11.546121597290039
121.99045455,11.225323677062988
122.040454551,10.914207458496094
122.090454552,10.574111938476562
122.140454553,9.972043991088867
122.190454553,9.442660331726074
122.240454554,8.973638534545898
122.290454555,8.610940933227539
122.340454556,8.374615669250488
122.390454556,8.262788772583008
122.440454557,8.257291793823242
122.490454558,8.352176666259766
122.540454559,8.4963960647583
122.590454559,8.694354057312012
122.64045456,8.88353157043457
122.690454561,9.119241714477539
122.740454562,9.34471321105957
122.790454562,9.595976829528809
122.840454563,9.839197158813477
122.890454564,10.091852188110352
122.940454564,10.158493995666504
122.990454565,10.175210952758789
123.040454566,10.344772338867188
123.090454567,10.76546573638916
123.140454567,11.135091781616211
123.190454568,11.47046184539795
123.240454569,11.777227401733398
123.29045457,12.061441421508789
123.34045457,12.328085899353027
123.390454571,12.580373764038086
123.440454572,12.822845458984375
123.490454573,13.057023048400879
123.540454573,13.283992767333984
123.590454574,13.50697135925293
123.640454575,13.725699424743652
123.690454576,13.941760063171387
123.740454576,14.155439376831055
123.790454577,14.366714477539062
123.840454578,14.577305793762207
123.890454579,14.786293029785156
123.940454579,14.99435806274414
123.99045458,15.201529502868652
124.040454581,15.360835075378418
124.090454582,15.348922729492188
124.140454582,15.33588981628418
124.190454583,15.654566764831543
124.240454584,15.93855094909668
124.290454585,16.19349479675293
124.340454585,16.424890518188477
124.390454586,16.63538932800293
124.440454587,16.832611083984375
124.490454588,17.01832389831543
124.540454588,17.19354248046875
124.590454589,17.35688018798828
124.64045459,17.511117935180664
124.690454591,17.660888671875
124.740454591,17.808252334594727
124.790454592,17.95540428161621
124.840454593,18.111703872680664
124.890454594,18.265228271484375
124.940454594,18.42020606994629
124.990454595,18.576208114624023
125.040454596,18.735000610351562
125.090454597,18.89564323425293
125.140454597,19.058683395385742
125.190454598,19.222349166870117
125.240454599,19.386829376220703
125.2904546,19.551279067993164
125.3404546,19.715618133544922
125.390454601,19.87969398498535
125.440454602,20.043155670166016
125.490454602,20.206010818481445
125.540454603,20.368629455566406
125.590454604,20.530765533447266
125.640454605,20.69252586364746
125.690454605,20.854034423828125
125.740454606,21.015335083007812
125.790454607,21.040081024169922
125.840454608,21.020187377929688
125.890454608,21.148038864135742
125.940454609,21.36689567565918
125.99045461,21.56293487548828
126.040454611,21.741701126098633
126.090454611,21.90765380859375
126.140454612,22.064014434814453
126.190454613,22.213211059570312
126.240454614,22.356975555419922
126.290454614,22.49662971496582
126.340454615,22.633241653442383
126.390454616,22.767486572265625
126.440454617,22.8999080657959
126.490454617,23.030920028686523
126.540454618,23.160734176635742
126.590454619,23.289655685424805
126.64045462,23.41779899597168
126.69045462,23.545223236083984
126.740454621,23.671916961669922
126.790454622,23.797748565673828
126.840454623,23.92252540588379
126.890454623,24.04575538635254
126.940454624,24.167219161987305
126.990454625,24.286727905273438
127.040454626,24.403501510620117
127.090454626,24.517120361328125
127.140454627,24.62689971923828
127.190454628,24.731237411499023
127.240454629,24.830265045166016
127.290454629,24.92435073852539
127.34045463,25.01399040222168
127.390454631,25.100753784179688
127.440454632,25.18556785583496
127.490454632,25.268020629882812
127.540454633,25.348188400268555
127.590454634,25.42654800415039
127.640454635,25.503032684326172
127.690454635,25.57712173461914
127.740454636,25.64893341064453
127.790454637,25.719026565551758
127.840454638,25.786588668823242
127.890454638,25.85129737854004
127.940454639,25.912139892578125
127.99045464,25.968088150024414
128.04045464,26.01975440979004
128.090454641,26.06599998474121
128.140454642,26.109058380126953
128.190454643,26.148578643798828
128.240454643,26.181407928466797
128.290454644,26.215068817138672
128.340454645,26.24704360961914
128.390454646,26.28067970275879
128.440454646,26.316020965576172
128.490454647,26.35242462158203
128.540454648,26.387218475341797
128.590454649,26.41651153564453
128.640454649,26.439870834350586
128.69045465,26.453535079956055
128.740454651,26.456697463989258
128.790454652,26.45309829711914
128.840454652,26.441709518432617
128.890454653,26.425256729125977
128.940454654,26.4106388092041
128.990454655,26.397676467895508
129.040454655,26.38651466369629
129.090454656,26.375768661499023
129.140454657,26.36307716369629
129.190454658,26.352684020996094
129.240454658,26.34902572631836
129.290454659,26.35051918029785
129.34045466,26.355390548706055
129.390454661,26.36136245727539
129.440454661,26.370071411132812
129.490454662,26.379653930664062
129.540454663,26.38640785217285
129.590454664,26.388784408569336
129.640454664,26.38765525817871
129.690454665,26.383708953857422
129.740454666,26.37848663330078
129.790454667,26.37281608581543
129.840454667,26.36765480041504
129.890454668,26.362640380859375
129.940454669,26.352161407470703
129.99045467,26.33622169494629
130.04045467,26.326398849487305
130.090454671,26.319883346557617
130.140454672,26.30947494506836
130.190454673,26.306610107421875
130.240454673,26.310094833374023
130.290454674,26.316232681274414
130.340454675,26.325702667236328
130.390454676,26.33327293395996
130.440454676,26.334379196166992
130.490454677,26.329607009887695
130.540454678,26.32193946838379
130.590454678,26.31168556213379
130.640454679,26.30006217956543
130.69045468,26.291305541992188
130.740454681,26.284250259399414
130.790454681,26.278602600097656
130.840454682,26.27482032775879
130.890454683,26.26624298095703
130.940454684,26.2518367767334
130.990454684,26.2426815032959
131.040454685,26.236772537231445
131.090454686,26.235746383666992
131.140454687,26.238964080810547
131.190454687,26.244060516357422
131.240454688,26.247711181640625
131.290454689,26.246540069580078
131.34045469,26.238685607910156
131.39045469,26.225080490112305
131.440454691,26.205142974853516
131.490454692,26.181968688964844
131.540454693,26.16202735900879
131.590454693,26.145156860351562
131.640454694,26.133045196533203
131.690454695,26.123502731323242
131.740454696,26.116344451904297
131.790454696,26.112590789794922
131.840454697,26.107891082763672
131.890454698,26.096254348754883
131.940454699,26.07802963256836
131.990454699,26.059326171875
132.0404547,26.043930053710938
132.090454701,26.031757354736328
132.140454702,26.024682998657227
132.190454702,26.02025032043457
132.240454703,26.01331329345703
132.290454704,26.003313064575195
132.340454705,25.993831634521484
132.390454705,25.984264373779297
132.440454706,25.976577758789062
132.490454707,25.971574783325195
132.540454708,25.965251922607422
132.590454708,25.95467185974121
132.640454709,25.93680763244629
132.69045471,25.910293579101562
132.740454711,25.883424758911133
132.790454711,25.86311912536621
132.840454712,25.850444793701172
132.890454713,25.84522247314453
132.940454714,25.846904754638672
132.990454714,25.85112190246582
133.040454715,25.853370666503906
133.090454716,25.859180450439453
133.140454716,25.871845245361328
133.190454717,25.88176918029785
133.240454718,25.886747360229492
133.290454719,25.89284896850586
133.340454719,25.902246475219727
133.39045472,25.9163875579834
133.440454721,25.930273056030273
133.490454722,25.939298629760742
133.540454722,25.944385528564453
133.590454723,25.947465896606445
133.640454724,25.94818115234375
133.690454725,25.94594383239746
133.740454725,25.940614700317383
133.790454726,25.935039520263672
133.840454727,25.924789428710938
133.890454728,25.912967681884766
133.940454728,25.901071548461914
133.990454729,25.891996383666992
134.04045473,25.8778133392334
134.090454731,25.859352111816406
134.140454731,25.84742546081543
134.190454732,25.84325408935547
134.240454733,25.848814010620117
134.290454734,25.86155891418457
134.340454734,25.878154754638672
134.390454735,25.898099899291992
134.440454736,25.921926498413086
134.490454737,25.9445743560791
134.540454737,25.963956832885742
134.590454738,25.96933937072754
134.640454739,25.959901809692383
134.69045474,25.951709747314453
134.74045474,25.946300506591797
134.790454741,25.94406509399414
134.840454742,25.94383430480957
134.890454743,25.949525833129883
134.940454743,25.95825958251953
134.990454744,25.96743392944336
135.040454745,25.975343704223633
135.090454746,25.983400344848633
135.140454746,25.99455451965332
135.190454747,26.012664794921875
135.240454748,26.03891944885254
135.290454749,26.069852828979492
135.340454749,26.101789474487305
135.39045475,26.133010864257812
135.440454751,26.163557052612305
135.490454751,26.187158584594727
135.540454752,26.201461791992188
135.590454753,26.20782470703125
135.640454754,26.208227157592773
135.690454754,26.2117919921875
135.740454755,26.220033645629883
135.790454756,26.23404312133789
135.840454757,26.24766731262207
135.890454757,26.25830078125
135.940454758,26.272228240966797
135.990454759,26.284692764282227
136.04045476,26.298538208007812
136.09045476,26.3179988861084
136.140454761,26.34113311767578
136.190454762,26.364595413208008
136.240454763,26.388225555419922
136.290454763,26.4085750579834
136.340454764,26.422231674194336
136.390454765,26.428951263427734
136.440454766,26.42942237854004
136.490454766,26.425893783569336
136.540454767,26.421907424926758
136.590454768,26.417583465576172
136.640454769,26.410860061645508
136.690454769,26.4024715423584
136.74045477,26.394987106323242
136.790454771,26.38454818725586
136.840454772,26.370630264282227
136.890454772,26.365524291992188
136.940454773,26.3657283782959
136.990454774,26.372756958007812
137.040454775,26.38831901550293
137.090454775,26.408763885498047
137.140454776,26.431251525878906
137.190454777,26.453718185424805
137.240454778,26.472442626953125
137.290454778,26.479633331298828
137.340454779,26.471710205078125
137.39045478,26.453269958496094
137.440454781,26.427677154541016
137.490454781,26.39788055419922
137.540454782,26.368148803710938
137.590454783,26.34348487854004
137.640454784,26.32456398010254
137.690454784,26.316421508789062
137.740454785,26.314489364624023
137.790454786,26.317380905151367
137.840454787,26.3272705078125
137.890454787,26.343902587890625
137.940454788,26.364423751831055
137.990454789,26.38607406616211
138.040454789,26.40435791015625
138.09045479,26.41622543334961
138.140454791,26.418991088867188
138.190454792,26.413835525512695
138.240454792,26.4029598236084
138.290454793,26.38896369934082
138.340454794,26.37353515625
138.390454795,26.357938766479492
138.440454795,26.34185791015625
138.490454796,26.323322296142578
138.540454797,26.303695678710938
138.590454798,26.290546417236328
138.640454798,26.283939361572266
138.690454799,26.28076171875
138.7404548,26.283227920532227
138.790454801,26.292545318603516
138.840454801,26.303726196289062
138.890454802,26.310176849365234
138.940454803,26.311525344848633
138.990454804,26.30722999572754
139.040454804,26.29735565185547
139.090454805,26.28411865234375
139.140454806,26.26802635192871
139.190454807,26.25235366821289
139.240454807,26.238990783691406
139.290454808,26.22943115234375
139.340454809,26.220449447631836
139.39045481,26.21165657043457
139.44045481,26.204708099365234
139.490454811,26.197490692138672
139.540454812,26.189342498779297
139.590454813,26.187007904052734
139.640454813,26.18426513671875
139.690454814,26.1767578125
139.740454815,26.166332244873047
139.790454816,26.151958465576172
139.840454816,26.130565643310547
139.890454817,26.09891700744629
139.940454818,26.062484741210938
139.990454819,26.020456314086914
140.040454819,25.97245216369629
140.09045482,25.92203712463379
140.140454821,25.872217178344727
140.190454822,25.81075096130371
140.240454822,25.719297409057617
140.290454823,25.600278854370117
140.340454824,25.447938919067383
140.390454825,25.272083282470703
140.440454825,25.083959579467773
140.490454826,24.891529083251953
140.540454827,24.693456649780273
140.590454827,24.502819061279297
140.640454828,24.317480087280273
140.690454829,24.140274047851562
140.74045483,23.97949981689453
140.79045483,23.846107482910156
140.840454831,23.73888397216797
140.890454832,23.649057388305664
140.940454833,23.5667724609375
140.990454833,23.481990814208984
141.040454834,23.395620346069336
141.090454835,23.309005737304688
141.140454836,23.22368812561035
141.190454836,23.14443588256836
141.240454837,23.074947357177734
141.290454838,23.01738929748535
141.340454839,22.971702575683594
141.390454839,22.939428329467773
141.44045484,22.92355728149414
141.490454841,22.922548294067383
141.540454842,22.93234634399414
141.590454842,22.948074340820312
141.640454843,22.964365005493164
141.690454844,22.971675872802734
141.740454845,22.970626831054688
141.790454845,22.95474624633789
141.840454846,22.87281608581543
141.890454847,22.693429946899414
141.940454848,22.42275047302246
141.990454848,22.099946975708008
142.040454849,21.736351013183594
142.09045485,21.343107223510742
142.140454851,21.047258377075195
142.190454851,20.756237030029297
142.240454852,20.274612426757812
142.290454853,19.763568878173828
142.340454854,19.27578353881836
142.390454854,18.804018020629883
142.440454855,18.3403263092041
142.490454856,17.89097785949707
142.540454857,17.466079711914062
142.590454857,17.072021484375
142.640454858,16.733144760131836
142.690454859,16.458332061767578
142.74045486,16.196752548217773
142.79045486,15.911499977111816
142.840454861,15.71663761138916
142.890454862,15.596858978271484
142.940454863,15.379020690917969
142.990454863,15.001750946044922
143.040454864,14.640308380126953
143.090454865,14.313743591308594
143.140454865,14.034829139709473
143.190454866,13.815142631530762
143.240454867,13.669743537902832
143.290454868,13.60797119140625
143.340454868,13.607020378112793
143.390454869,13.6284818649292
143.44045487,13.619338035583496
143.490454871,13.581399917602539
143.540454871,13.520487785339355
143.590454872,13.4440336227417
143.640454873,13.360753059387207
143.690454874,13.282485008239746
143.740454874,13.214837074279785
143.790454875,13.145520210266113
143.840454876,13.000378608703613
143.890454877,12.813942909240723
143.940454877,12.639486312866211
143.990454878,12.471587181091309
144.040454879,12.31446647644043
144.09045488,12.161480903625488
144.14045488,12.00479507446289
144.190454881,11.832204818725586
144.240454882,11.806925773620605
144.290454883,11.750605583190918
144.340454883,11.299738883972168
144.390454884,10.811996459960938
144.440454885,10.378026962280273
144.490454886,10.006467819213867
144.540454886,9.700096130371094
144.590454887,9.455390930175781
144.640454888,9.262697219848633
144.690454889,9.10077953338623
144.740454889,8.944023132324219
144.79045489,8.788314819335938
144.840454891,8.614689826965332
144.890454892,8.468087196350098
144.940454892,8.29170036315918
144.990454893,8.18552303314209
145.040454894,8.038190841674805
145.090454895,7.977238655090332
145.140454895,7.862881183624268
145.190454896,7.841229438781738
145.240454897,7.766815185546875
145.290454898,7.803931713104248
145.340454898,7.7934136390686035
145.390454899,7.888576984405518
145.4404549,7.934795379638672
145.490454901,8.088839530944824
145.540454901,8.191107749938965
145.590454902,8.373769760131836
145.640454903,8.492015838623047
145.690454903,8.66765308380127
145.740454904,8.773882865905762
145.790454905,8.903539657592773
145.840454906,8.934897422790527
145.890454906,8.969276428222656
145.940454907,8.930813789367676
145.990454908,8.912704467773438
146.040454909,8.838350296020508
146.090454909,8.797944068908691
146.14045491,8.711311340332031
146.190454911,8.671527862548828
146.240454912,8.585648536682129
146.290454912,8.554409980773926
146.340454913,8.481820106506348
146.390454914,8.485395431518555
146.440454915,8.463769912719727
146.490454915,8.525642395019531
146.540454916,8.55456256866455
146.590454917,8.65927505493164
146.640454918,8.723939895629883
146.690454918,8.793572425842285
146.740454919,8.753564834594727
146.79045492,8.709365844726562
146.840454921,8.577642440795898
146.890454921,8.459486961364746
146.940454922,8.23705005645752
146.990454923,8.059639930725098
147.040454924,7.819385528564453
147.090454924,7.6495513916015625
147.140454925,7.416316509246826
147.190454926,7.281310558319092
147.240454927,7.069647789001465
147.290454927,6.952564239501953
147.340454928,6.743332862854004
147.390454929,6.629530906677246
147.44045493,6.514981269836426
147.49045493,6.566685676574707
147.540454931,6.274015426635742
147.590454932,5.807733535766602
147.640454933,5.347931861877441
147.690454933,5.198185443878174
147.740454934,5.004977703094482
147.790454935,5.035382270812988
147.840454936,5.0894389152526855
147.890454936,5.2425618171691895
147.940454937,5.1796956062316895
147.990454938,5.289124011993408
148.040454939,5.2998738288879395
148.090454939,5.5091094970703125
148.14045494,5.558438301086426
148.190454941,5.631476879119873
148.240454941,5.570278167724609
148.290454942,6.182711601257324
148.340454943,6.652445316314697
148.390454944,7.191135883331299
148.440454944,7.543295860290527
148.490454945,7.975306034088135
148.540454946,8.279435157775879
148.590454947,8.641855239868164
148.640454947,8.915489196777344
148.690454948,9.226393699645996
148.740454949,9.471412658691406
148.79045495,9.723819732666016
148.84045495,9.915321350097656
148.890454951,10.066450119018555
148.940454952,10.102317810058594
148.990454953,10.076825141906738
149.040454953,9.987249374389648
149.090454954,9.87506103515625
149.140454955,9.724591255187988
149.190454956,9.567333221435547
149.240454956,9.393508911132812
149.290454957,9.202713966369629
149.340454958,9.013675689697266
149.390454959,8.826611518859863
149.440454959,8.64598560333252
149.49045496,8.492804527282715
149.540454961,8.404237747192383
149.590454962,8.412774085998535
149.640454962,8.445206642150879
149.690454963,8.585854530334473
149.740454964,8.713022232055664
149.790454965,8.90596866607666
149.840454965,9.03394889831543
149.890454966,9.195267677307129
149.940454967,9.286195755004883
149.990454968,9.354766845703125
150.040454968,9.380446434020996
150.090454969,9.467874526977539
150.14045497,9.562752723693848
150.190454971,9.70366382598877
150.240454971,9.880638122558594
150.290454972,10.030791282653809
150.340454973,10.235965728759766
150.390454974,10.303374290466309
150.440454974,10.254898071289062
150.490454975,10.290613174438477
150.540454976,10.683931350708008
150.590454977,11.045001029968262
150.640454977,11.32529354095459
150.690454978,11.601856231689453
150.740454979,11.830914497375488
150.790454979,12.052294731140137
150.84045498,0.9635294675827026
