Time,clock.secs,clock.nsecs
23.358459798,23,358459798
23.408459799,23,408459799
23.4584598,23,458459800
23.5084598,23,508459800
23.558459801,23,558459801
23.608459802,23,608459802
23.658459803,23,658459803
23.708459803,23,708459803
23.758459804,23,758459804
23.808459805,23,808459805
23.858459806,23,858459806
23.908459806,23,908459806
23.958459807,23,958459807
24.008459808,24,8459808
24.058459809,24,58459809
24.108459809,24,108459809
24.108459809,24,158459810
24.208459811,24,208459811
24.208459811,24,258459812
24.308459812,24,308459812
24.358459813,24,358459813
24.408459814,24,408459814
24.458459815,24,458459815
24.458459815,24,508459815
24.558459816,24,558459816
24.608459817,24,608459817
24.658459817,24,658459817
24.708459818,24,708459818
24.758459819,24,758459819
24.80845982,24,808459820
24.85845982,24,858459820
24.908459821,24,908459821
24.958459822000002,24,958459822
25.008459823,25,8459823
25.058459823,25,58459823
25.058459823,25,108459824
25.158459825,25,158459825
25.158459825,25,208459826
25.258459826,25,258459826
25.308459827,25,308459827
25.358459828,25,358459828
25.408459829,25,408459829
25.458459829,25,458459829
25.50845983,25,508459830
25.558459831,25,558459831
25.608459832,25,608459832
25.658459832,25,658459832
25.708459833,25,708459833
25.758459834,25,758459834
25.758459834,25,808459835
25.858459835,25,858459835
25.908459836,25,908459836
25.958459837,25,958459837
26.008459838,26,8459838
26.058459838,26,58459838
26.108459839,26,108459839
26.15845984,26,158459840
26.208459841,26,208459841
26.208459841,26,258459841
26.308459842,26,308459842
26.358459843,26,358459843
26.408459844,26,408459844
26.458459844,26,458459844
26.508459845,26,508459845
26.558459846,26,558459846
26.608459847,26,608459847
26.658459847,26,658459847
26.708459848,26,708459848
26.708459848,26,758459849
26.80845985,26,808459850
26.85845985,26,858459850
26.908459851,26,908459851
26.958459852,26,958459852
27.008459853,27,8459853
27.058459853,27,58459853
27.108459854,27,108459854
27.158459855,27,158459855
27.208459855,27,208459855
27.258459856,27,258459856
27.308459857,27,308459857
27.358459858,27,358459858
27.408459858,27,408459858
27.458459859,27,458459859
27.50845986,27,508459860
27.558459861,27,558459861
27.608459861,27,608459861
27.658459862,27,658459862
27.708459863,27,708459863
27.758459864,27,758459864
27.808459864,27,808459864
27.858459865,27,858459865
27.908459866,27,908459866
27.958459867,27,958459867
28.008459867,28,8459867
28.058459868,28,58459868
28.108459869,28,108459869
28.108459869,28,158459870
28.15845987,28,208459870
28.258459871,28,258459871
28.308459872,28,308459872
28.358459873,28,358459873
28.408459873,28,408459873
28.458459874,28,458459874
28.508459875,28,508459875
28.508459875,28,558459876
28.608459876,28,608459876
28.658459877,28,658459877
28.708459878,28,708459878
28.758459879,28,758459879
28.808459879,28,808459879
28.808459879,28,858459880
28.908459881,28,908459881
28.958459882,28,958459882
29.008459882,29,8459882
29.008459882,29,58459883
29.108459884,29,108459884
29.158459885,29,158459885
29.208459885,29,208459885
29.258459886,29,258459886
29.308459887,29,308459887
29.358459888,29,358459888
29.408459888,29,408459888
29.458459889,29,458459889
29.50845989,29,508459890
29.558459891,29,558459891
29.608459891,29,608459891
29.658459892,29,658459892
29.708459893,29,708459893
29.758459893,29,758459893
29.808459894,29,808459894
29.808459894,29,858459895
29.908459896,29,908459896
29.958459896,29,958459896
30.008459897,30,8459897
30.058459898,30,58459898
30.058459898,30,108459899
30.108459899,30,158459899
30.158459899,30,208459900
30.2084599,30,258459901
30.308459902,30,308459902
30.358459902,30,358459902
30.408459903,30,408459903
30.458459904,30,458459904
30.458459904,30,508459905
30.508459905,30,558459905
30.608459906,30,608459906
30.658459907,30,658459907
30.708459908000002,30,708459908
30.758459908,30,758459908
30.808459909,30,808459909
30.85845991,30,858459910
30.908459911,30,908459911
30.958459911,30,958459911
31.008459912,31,8459912
31.058459913,31,58459913
31.108459914,31,108459914
31.158459914,31,158459914
31.208459915,31,208459915
31.258459916,31,258459916
31.308459917,31,308459917
31.358459917,31,358459917
31.408459918,31,408459918
31.458459919,31,458459919
31.50845992,31,508459920
31.55845992,31,558459920
31.608459921,31,608459921
31.658459922,31,658459922
31.658459922,31,708459923
31.758459923,31,758459923
31.808459924,31,808459924
31.858459925,31,858459925
31.858459925,31,908459926
31.958459926,31,958459926
32.008459927,32,8459927
32.058459928,32,58459928
32.108459929,32,108459929
32.158459929,32,158459929
32.158459929,32,208459930
32.258459931,32,258459931
32.308459931,32,308459931
32.358459932,32,358459932
32.408459933,32,408459933
32.458459934,32,458459934
32.508459934,32,508459934
32.558459935,32,558459935
32.608459936,32,608459936
32.658459937,32,658459937
32.708459937,32,708459937
32.758459938,32,758459938
32.808459939,32,808459939
32.85845994,32,858459940
32.90845994,32,908459940
32.958459941,32,958459941
33.008459942,33,8459942
33.058459943,33,58459943
33.108459943,33,108459943
33.158459944,33,158459944
33.208459945,33,208459945
33.258459946,33,258459946
33.308459946,33,308459946
33.358459947,33,358459947
33.408459948,33,408459948
33.458459949,33,458459949
33.508459949,33,508459949
33.55845995,33,558459950
33.608459951,33,608459951
33.658459952,33,658459952
33.708459952,33,708459952
33.758459953,33,758459953
33.808459954,33,808459954
33.808459954,33,858459955
33.908459955,33,908459955
33.958459956,33,958459956
34.008459957,34,8459957
34.058459958,34,58459958
34.108459958,34,108459958
34.158459959,34,158459959
34.20845996,34,208459960
34.258459961,34,258459961
34.308459961,34,308459961
34.358459962,34,358459962
34.408459963,34,408459963
34.408459963,34,458459964
34.508459964,34,508459964
34.558459965,34,558459965
34.608459966,34,608459966
34.658459967,34,658459967
34.708459967,34,708459967
34.758459968,34,758459968
34.808459969,34,808459969
34.858459969,34,858459969
34.90845997,34,908459970
34.90845997,34,958459971
35.008459972,35,8459972
35.058459972,35,58459972
35.108459973,35,108459973
35.158459974,35,158459974
35.208459975,35,208459975
35.258459975,35,258459975
35.308459976,35,308459976
35.308459976,35,358459977
35.408459978,35,408459978
35.458459978,35,458459978
35.508459979,35,508459979
35.55845998,35,558459980
35.55845998,35,608459981
35.658459981,35,658459981
35.708459982,35,708459982
35.758459983,35,758459983
35.808459984,35,808459984
35.858459984,35,858459984
35.908459985,35,908459985
35.958459986,35,958459986
36.008459987,36,8459987
36.058459987,36,58459987
36.108459988,36,108459988
36.158459989,36,158459989
36.20845999,36,208459990
36.25845999,36,258459990
36.308459991,36,308459991
36.358459992,36,358459992
36.408459993,36,408459993
36.458459993,36,458459993
36.508459994,36,508459994
36.508459994,36,558459995
36.608459996,36,608459996
36.658459996,36,658459996
36.658459996,36,708459997
36.708459997,36,758459998
36.808459999,36,808459999
36.858459999,36,858459999
36.90846,36,908460000
36.958460001,36,958460001
37.008460002,37,8460002
37.058460002,37,58460002
37.108460003,37,108460003
37.158460004,37,158460004
37.208460005,37,208460005
37.258460005,37,258460005
37.308460006,37,308460006
37.358460007,37,358460007
37.408460007,37,408460007
37.458460008,37,458460008
37.508460009,37,508460009
37.55846001,37,558460010
37.60846001,37,608460010
37.658460011,37,658460011
37.708460012,37,708460012
37.758460013,37,758460013
37.808460013,37,808460013
37.858460014,37,858460014
37.908460015,37,908460015
37.958460016000004,37,958460016
38.008460016,38,8460016
38.058460017,38,58460017
38.108460018,38,108460018
38.158460019,38,158460019
38.208460019,38,208460019
38.25846002,38,258460020
38.308460021,38,308460021
38.358460022,38,358460022
38.408460022,38,408460022
38.408460022,38,458460023
38.508460024,38,508460024
38.558460025,38,558460025
38.608460025,38,608460025
38.658460026,38,658460026
38.708460027,38,708460027
38.758460028,38,758460028
38.808460028,38,808460028
38.858460029,38,858460029
38.90846003,38,908460030
38.958460031,38,958460031
39.008460031,39,8460031
39.058460032,39,58460032
39.108460033,39,108460033
39.158460034,39,158460034
39.208460034,39,208460034
39.258460035,39,258460035
39.308460036,39,308460036
39.358460037,39,358460037
39.408460037,39,408460037
39.458460038,39,458460038
39.508460039,39,508460039
39.55846004,39,558460040
39.60846004,39,608460040
39.658460041,39,658460041
39.708460042,39,708460042
39.758460042,39,758460042
39.808460043,39,808460043
39.858460044,39,858460044
39.908460045,39,908460045
39.958460045,39,958460045
40.008460046,40,8460046
40.058460047,40,58460047
40.108460048,40,108460048
40.158460048,40,158460048
40.208460049,40,208460049
40.25846005,40,258460050
40.308460051,40,308460051
40.358460051,40,358460051
40.408460052,40,408460052
40.458460053,40,458460053
40.508460054,40,508460054
40.558460054,40,558460054
40.608460055,40,608460055
40.658460056,40,658460056
40.708460057,40,708460057
40.758460057,40,758460057
40.808460058,40,808460058
40.858460059,40,858460059
40.90846006,40,908460060
40.95846006,40,958460060
41.008460061,41,8460061
41.058460062,41,58460062
41.108460063,41,108460063
41.158460063,41,158460063
41.208460064,41,208460064
41.258460065,41,258460065
41.258460065,41,308460066
41.358460066,41,358460066
41.408460067,41,408460067
41.458460068,41,458460068
41.508460069,41,508460069
41.558460069,41,558460069
41.60846007,41,608460070
41.60846007,41,658460071
41.658460071,41,708460072
41.758460072,41,758460072
41.808460073,41,808460073
41.858460074,41,858460074
41.908460075,41,908460075
41.958460075,41,958460075
42.008460076,42,8460076
42.058460077,42,58460077
42.108460078,42,108460078
42.158460078,42,158460078
42.158460078,42,208460079
42.208460079,42,258460080
42.30846008,42,308460080
42.358460081,42,358460081
42.408460082,42,408460082
42.458460083,42,458460083
42.508460083,42,508460083
42.558460084000004,42,558460084
42.608460085,42,608460085
42.658460086,42,658460086
42.708460086,42,708460086
42.708460086,42,758460087
42.808460088,42,808460088
42.858460089,42,858460089
42.908460089,42,908460089
42.95846009,42,958460090
43.008460091,43,8460091
43.058460092,43,58460092
43.108460092,43,108460092
43.158460093,43,158460093
43.208460094,43,208460094
43.208460094,43,258460095
43.308460095,43,308460095
43.358460096,43,358460096
43.408460097,43,408460097
43.458460098,43,458460098
43.508460098,43,508460098
43.508460098,43,558460099
43.6084601,43,608460100
43.658460101,43,658460101
43.708460101,43,708460101
43.758460102,43,758460102
43.808460103,43,808460103
43.858460104,43,858460104
43.858460104,43,908460104
43.958460105,43,958460105
43.958460105,44,8460106
44.058460107,44,58460107
44.108460107,44,108460107
44.158460108,44,158460108
44.208460109,44,208460109
44.25846011,44,258460110
44.30846011,44,308460110
44.358460111,44,358460111
44.408460112,44,408460112
44.458460113,44,458460113
44.508460113,44,508460113
44.558460114,44,558460114
44.608460115,44,608460115
44.658460116,44,658460116
44.658460116,44,708460116
44.708460116,44,758460117
44.758460117,44,808460118
44.808460118,44,858460118
44.908460119,44,908460119
44.908460119,44,958460120
45.008460121,45,8460121
45.058460121,45,58460121
45.108460122,45,108460122
45.158460123,45,158460123
45.208460124,45,208460124
45.258460124,45,258460124
45.308460125,45,308460125
45.358460126,45,358460126
45.408460127,45,408460127
45.458460127,45,458460127
45.508460128,45,508460128
45.558460129,45,558460129
45.60846013,45,608460130
45.65846013,45,658460130
45.708460131,45,708460131
45.758460132,45,758460132
45.808460133,45,808460133
45.858460133,45,858460133
45.908460134,45,908460134
45.958460135,45,958460135
46.008460136,46,8460136
46.058460136,46,58460136
46.108460137,46,108460137
46.158460138,46,158460138
46.208460139,46,208460139
46.258460139,46,258460139
46.30846014,46,308460140
46.358460141,46,358460141
46.408460142,46,408460142
46.458460142,46,458460142
46.508460143,46,508460143
46.558460144,46,558460144
46.558460144,46,608460145
46.658460145,46,658460145
46.708460146,46,708460146
46.758460147,46,758460147
46.808460148,46,808460148
46.858460148,46,858460148
46.908460149,46,908460149
46.908460149,46,958460150
47.008460151,47,8460151
47.058460151,47,58460151
47.108460152,47,108460152
47.158460153,47,158460153
47.208460154,47,208460154
47.258460154,47,258460154
47.308460155,47,308460155
47.308460155,47,358460156
47.408460156,47,408460156
47.458460157,47,458460157
47.508460158,47,508460158
47.558460159,47,558460159
47.608460159,47,608460159
47.608460159,47,658460160
47.708460161,47,708460161
47.758460162,47,758460162
47.808460162,47,808460162
47.858460163,47,858460163
47.908460164,47,908460164
47.958460165,47,958460165
48.008460165,48,8460165
48.058460166,48,58460166
48.108460167,48,108460167
48.158460168,48,158460168
48.208460168,48,208460168
48.258460169,48,258460169
48.308460170000004,48,308460170
48.358460171,48,358460171
48.408460171,48,408460171
48.458460172,48,458460172
48.508460173,48,508460173
48.558460174,48,558460174
48.608460174,48,608460174
48.658460175,48,658460175
48.708460176,48,708460176
48.708460176,48,758460177
48.808460177,48,808460177
48.858460178,48,858460178
48.858460178,48,908460179
48.95846018,48,958460180
49.00846018,49,8460180
49.058460181,49,58460181
49.108460182,49,108460182
49.108460182,49,158460183
49.208460183,49,208460183
49.258460184,49,258460184
49.308460185,49,308460185
49.358460186,49,358460186
49.408460186,49,408460186
49.458460187,49,458460187
49.508460188,49,508460188
49.508460188,49,558460189
49.558460189,49,608460189
49.608460189,49,658460190
49.708460191,49,708460191
49.758460192,49,758460192
49.808460192,49,808460192
49.858460193,49,858460193
49.908460194,49,908460194
49.958460194,49,958460194
49.958460194,50,8460195
50.058460196,50,58460196
50.108460197,50,108460197
50.158460197,50,158460197
50.208460198,50,208460198
50.258460199,50,258460199
50.3084602,50,308460200
50.3584602,50,358460200
50.408460201,50,408460201
50.458460202,50,458460202
50.508460203,50,508460203
50.558460203,50,558460203
50.608460204,50,608460204
50.658460205,50,658460205
50.708460206,50,708460206
50.758460206,50,758460206
50.808460207,50,808460207
50.858460208,50,858460208
50.908460209,50,908460209
50.958460209,50,958460209
51.00846021,51,8460210
51.058460211,51,58460211
51.108460212,51,108460212
51.158460212,51,158460212
51.208460213,51,208460213
51.258460214,51,258460214
51.308460215,51,308460215
51.358460215,51,358460215
51.408460216,51,408460216
51.458460217,51,458460217
51.508460218,51,508460218
51.558460218,51,558460218
51.608460219,51,608460219
51.65846022,51,658460220
51.708460221,51,708460221
51.758460221,51,758460221
51.808460222,51,808460222
51.858460223,51,858460223
51.908460224,51,908460224
51.908460224,51,958460224
52.008460225,52,8460225
52.058460226,52,58460226
52.058460226,52,108460227
52.158460227,52,158460227
52.208460228,52,208460228
52.258460229,52,258460229
52.30846023,52,308460230
52.35846023,52,358460230
52.408460231,52,408460231
52.408460231,52,458460232
52.508460232,52,508460232
52.558460233,52,558460233
52.608460234,52,608460234
52.658460235,52,658460235
52.708460235,52,708460235
52.758460236,52,758460236
52.758460236,52,808460237
52.858460238,52,858460238
52.908460238,52,908460238
52.958460239,52,958460239
53.00846024,53,8460240
53.058460241,53,58460241
53.108460241,53,108460241
53.158460242,53,158460242
53.208460243,53,208460243
53.258460244,53,258460244
53.308460244,53,308460244
53.358460245,53,358460245
53.408460246,53,408460246
53.458460247,53,458460247
53.508460247,53,508460247
53.558460248,53,558460248
53.608460249,53,608460249
53.65846025,53,658460250
53.70846025,53,708460250
53.758460251,53,758460251
53.808460252,53,808460252
53.858460253,53,858460253
53.908460253,53,908460253
53.958460254,53,958460254
54.008460255,54,8460255
54.058460256,54,58460256
54.108460256,54,108460256
54.158460257,54,158460257
54.208460258,54,208460258
54.258460259,54,258460259
54.308460259,54,308460259
54.35846026,54,358460260
54.408460261,54,408460261
54.458460262,54,458460262
54.508460262,54,508460262
54.558460263,54,558460263
54.608460264,54,608460264
54.608460264,54,658460265
54.708460265,54,708460265
54.758460266,54,758460266
54.808460267,54,808460267
54.858460268,54,858460268
54.908460268,54,908460268
54.958460269,54,958460269
55.00846027,55,8460270
55.05846027,55,58460270
55.108460271,55,108460271
55.158460272,55,158460272
55.208460273,55,208460273
55.258460273,55,258460273
55.308460274,55,308460274
55.358460275,55,358460275
55.408460276,55,408460276
55.458460276,55,458460276
55.508460277,55,508460277
55.558460278,55,558460278
55.608460279,55,608460279
55.608460279,55,658460279
55.658460279,55,708460280
55.70846028,55,758460281
55.808460282,55,808460282
55.808460282,55,858460282
55.908460283,55,908460283
55.958460284,55,958460284
56.008460285,56,8460285
56.058460285,56,58460285
56.108460286,56,108460286
56.158460287,56,158460287
56.208460288,56,208460288
56.258460288,56,258460288
56.308460289,56,308460289
56.35846029,56,358460290
56.408460291,56,408460291
56.458460291,56,458460291
56.508460292,56,508460292
56.558460293,56,558460293
56.608460294,56,608460294
56.658460294,56,658460294
56.658460294,56,708460295
56.708460295,56,758460296
56.808460297,56,808460297
56.858460297,56,858460297
56.908460298,56,908460298
56.958460299,56,958460299
57.0084603,57,8460300
57.0584603,57,58460300
57.108460301,57,108460301
57.158460302,57,158460302
57.208460303,57,208460303
57.258460303,57,258460303
57.308460304,57,308460304
57.358460305,57,358460305
57.358460305,57,408460306
57.458460306,57,458460306
57.458460306,57,508460307
57.558460308,57,558460308
57.608460308,57,608460308
57.608460308,57,658460309
57.70846031,57,708460310
57.758460311,57,758460311
57.808460311,57,808460311
57.858460312,57,858460312
57.908460313,57,908460313
57.958460314,57,958460314
58.008460314,58,8460314
58.058460315,58,58460315
58.108460316,58,108460316
58.158460317,58,158460317
58.208460317,58,208460317
58.258460318,58,258460318
58.308460319,58,308460319
58.35846032,58,358460320
58.35846032,58,408460320
58.40846032,58,458460321
58.508460322,58,508460322
58.558460323,58,558460323
58.558460323,58,608460323
58.658460324,58,658460324
58.708460325,58,708460325
58.758460326,58,758460326
58.808460326,58,808460326
58.858460327,58,858460327
58.908460328,58,908460328
58.958460329,58,958460329
59.008460329,59,8460329
59.05846033,59,58460330
59.108460331,59,108460331
59.158460332,59,158460332
59.208460332,59,208460332
59.258460333,59,258460333
59.308460334,59,308460334
59.358460335,59,358460335
59.408460335,59,408460335
59.458460336,59,458460336
59.458460336,59,508460337
59.558460338,59,558460338
59.608460338,59,608460338
59.658460339,59,658460339
59.70846034,59,708460340
59.758460341,59,758460341
59.808460341,59,808460341
59.858460342,59,858460342
59.908460343,59,908460343
59.958460344,59,958460344
60.008460344,60,8460344
60.058460345,60,58460345
60.108460346,60,108460346
60.158460346,60,158460346
60.208460347,60,208460347
60.258460348,60,258460348
60.308460349,60,308460349
60.358460349,60,358460349
60.40846035,60,408460350
60.458460351,60,458460351
60.508460352,60,508460352
60.558460352,60,558460352
60.608460353,60,608460353
60.658460354,60,658460354
60.708460355,60,708460355
60.758460355,60,758460355
60.808460356,60,808460356
60.808460356,60,858460357
60.908460358,60,908460358
60.958460358,60,958460358
60.958460358,61,8460359
61.05846036,61,58460360
61.108460361,61,108460361
61.158460361,61,158460361
61.208460362,61,208460362
61.258460363,61,258460363
61.308460364,61,308460364
61.358460364,61,358460364
61.408460365,61,408460365
61.458460366,61,458460366
61.508460367,61,508460367
61.558460367,61,558460367
61.608460368,61,608460368
61.658460369,61,658460369
61.70846037,61,708460370
61.75846037,61,758460370
61.808460371,61,808460371
61.808460371,61,858460372
61.908460373,61,908460373
61.958460373,61,958460373
62.008460374,62,8460374
62.058460375,62,58460375
62.108460376,62,108460376
62.158460376,62,158460376
62.208460377,62,208460377
62.258460378,62,258460378
62.308460379,62,308460379
62.358460379,62,358460379
62.40846038,62,408460380
62.458460381,62,458460381
62.508460381,62,508460381
62.558460382,62,558460382
62.608460383,62,608460383
62.658460384,62,658460384
62.708460384,62,708460384
62.758460385,62,758460385
62.808460386,62,808460386
62.808460386,62,858460387
62.908460387,62,908460387
62.958460388,62,958460388
63.008460389,63,8460389
63.05846039,63,58460390
63.10846039,63,108460390
63.158460391,63,158460391
63.208460392,63,208460392
63.258460393,63,258460393
63.308460393,63,308460393
63.358460394,63,358460394
63.408460395,63,408460395
63.408460395,63,458460396
63.508460396,63,508460396
63.558460397,63,558460397
63.608460398,63,608460398
63.658460399,63,658460399
63.708460399,63,708460399
63.7584604,63,758460400
63.808460401,63,808460401
63.858460402,63,858460402
63.908460402,63,908460402
63.958460403,63,958460403
64.008460404,64,8460404
64.058460405,64,58460405
64.108460405,64,108460405
64.158460406,64,158460406
64.208460407,64,208460407
64.258460408,64,258460408
64.308460408,64,308460408
64.358460409,64,358460409
64.40846041,64,408460410
64.458460411,64,458460411
64.508460411,64,508460411
64.558460412,64,558460412
64.608460413,64,608460413
64.658460414,64,658460414
64.708460414,64,708460414
64.758460415,64,758460415
64.758460415,64,808460416
64.858460417,64,858460417
64.908460417,64,908460417
64.958460418,64,958460418
65.008460419,65,8460419
65.058460419,65,58460419
65.10846042,65,108460420
65.158460421,65,158460421
65.208460422,65,208460422
65.208460422,65,258460422
65.308460423,65,308460423
65.358460424,65,358460424
65.408460425,65,408460425
65.458460425,65,458460425
65.458460425,65,508460426
65.558460427,65,558460427
65.608460428,65,608460428
65.658460428,65,658460428
65.708460429,65,708460429
65.708460429,65,758460430
65.808460431,65,808460431
65.858460431,65,858460431
65.908460432,65,908460432
65.958460433,65,958460433
65.958460433,66,8460434
66.058460434,66,58460434
66.108460435,66,108460435
66.158460436,66,158460436
66.208460437,66,208460437
66.258460437,66,258460437
66.308460438,66,308460438
66.358460439,66,358460439
66.40846044,66,408460440
66.45846044,66,458460440
66.508460441,66,508460441
66.558460442,66,558460442
66.608460443,66,608460443
66.658460443,66,658460443
66.708460444,66,708460444
66.758460445,66,758460445
66.808460446,66,808460446
66.808460446,66,858460446
66.908460447,66,908460447
66.958460448,66,958460448
67.008460449,67,8460449
67.058460449,67,58460449
67.10846045,67,108460450
67.158460451,67,158460451
67.208460452,67,208460452
67.258460452,67,258460452
67.308460453,67,308460453
67.358460454,67,358460454
67.408460455,67,408460455
67.458460455,67,458460455
67.508460456,67,508460456
67.558460457,67,558460457
67.608460457,67,608460457
67.658460458,67,658460458
67.708460459,67,708460459
67.75846046,67,758460460
67.80846046,67,808460460
67.858460461,67,858460461
67.908460462,67,908460462
67.958460463,67,958460463
68.008460463,68,8460463
68.058460464,68,58460464
68.108460465,68,108460465
68.158460466,68,158460466
68.158460466,68,208460466
68.258460467,68,258460467
68.308460468,68,308460468
68.308460468,68,358460469
68.408460469,68,408460469
68.45846047,68,458460470
68.508460471,68,508460471
68.558460472,68,558460472
68.608460472,68,608460472
68.658460473,68,658460473
68.708460474,68,708460474
68.758460475,68,758460475
68.808460475,68,808460475
68.858460476,68,858460476
68.908460477,68,908460477
68.958460478,68,958460478
69.008460478,69,8460478
69.008460478,69,58460479
69.10846048,69,108460480
69.158460481,69,158460481
69.208460481,69,208460481
69.258460482,69,258460482
69.308460483,69,308460483
69.358460484,69,358460484
69.408460484,69,408460484
69.458460485,69,458460485
69.508460486,69,508460486
69.558460487,69,558460487
69.608460487,69,608460487
69.658460488,69,658460488
69.708460489,69,708460489
69.75846049,69,758460490
69.80846049,69,808460490
69.80846049,69,858460491
69.908460492,69,908460492
69.958460493,69,958460493
70.008460493,70,8460493
70.058460494,70,58460494
70.108460495,70,108460495
70.158460495,70,158460495
70.208460496,70,208460496
70.258460497,70,258460497
70.308460498,70,308460498
70.358460498,70,358460498
70.408460499,70,408460499
70.4584605,70,458460500
70.508460501,70,508460501
70.558460501,70,558460501
70.608460502,70,608460502
70.658460503,70,658460503
70.708460504,70,708460504
70.758460504,70,758460504
70.808460505,70,808460505
70.858460506,70,858460506
70.908460507,70,908460507
70.958460507,70,958460507
71.008460508,71,8460508
71.058460509,71,58460509
71.10846051,71,108460510
71.15846051,71,158460510
71.208460511,71,208460511
71.258460512,71,258460512
71.258460512,71,308460513
71.358460513,71,358460513
71.408460514,71,408460514
71.408460514,71,458460515
71.458460515,71,508460516
71.558460516,71,558460516
71.608460517,71,608460517
71.658460518,71,658460518
71.708460519,71,708460519
71.758460519,71,758460519
71.80846052,71,808460520
71.858460521,71,858460521
71.908460522,71,908460522
71.958460522,71,958460522
71.958460522,72,8460523
72.008460523,72,58460524
72.108460525,72,108460525
72.158460525,72,158460525
72.208460526,72,208460526
72.208460526,72,258460527
72.308460528,72,308460528
72.358460528,72,358460528
72.408460529,72,408460529
72.45846053,72,458460530
72.508460531,72,508460531
72.508460531,72,558460531
72.608460532,72,608460532
72.658460533,72,658460533
72.708460533,72,708460533
72.758460534,72,758460534
72.808460535,72,808460535
72.858460536,72,858460536
72.908460536,72,908460536
72.958460537,72,958460537
73.008460538,73,8460538
73.058460539,73,58460539
73.108460539,73,108460539
73.15846054,73,158460540
73.208460541,73,208460541
73.258460542,73,258460542
73.308460542,73,308460542
73.358460543,73,358460543
73.408460544,73,408460544
73.458460545,73,458460545
73.508460545,73,508460545
73.558460546,73,558460546
73.608460547,73,608460547
73.658460548,73,658460548
73.708460548,73,708460548
73.758460549,73,758460549
73.80846055,73,808460550
73.858460551,73,858460551
73.908460551,73,908460551
73.958460552,73,958460552
74.008460553,74,8460553
74.058460554,74,58460554
74.108460554,74,108460554
74.158460555,74,158460555
74.208460556,74,208460556
74.258460557,74,258460557
74.308460557,74,308460557
74.358460558,74,358460558
74.408460559,74,408460559
74.45846056,74,458460560
74.50846056,74,508460560
74.558460561,74,558460561
74.558460561,74,608460562
74.658460563,74,658460563
74.708460563,74,708460563
74.758460564,74,758460564
74.808460565,74,808460565
74.858460566,74,858460566
74.858460566,74,908460566
74.958460567,74,958460567
75.008460568,75,8460568
75.008460568,75,58460569
75.108460569,75,108460569
75.15846057,75,158460570
75.15846057,75,208460571
75.258460571,75,258460571
75.308460572,75,308460572
75.358460573,75,358460573
75.408460574,75,408460574
75.458460574,75,458460574
75.508460575,75,508460575
75.558460576,75,558460576
75.608460577,75,608460577
75.658460577,75,658460577
75.708460578,75,708460578
75.758460579,75,758460579
75.80846058,75,808460580
75.85846058,75,858460580
75.85846058,75,908460581
75.958460582,75,958460582
75.958460582,76,8460583
76.008460583,76,58460583
76.058460583,76,108460584
76.108460584,76,158460585
76.158460585,76,208460586
76.208460586,76,258460586
76.258460586,76,308460587
76.358460588,76,358460588
76.358460588,76,408460589
76.408460589,76,458460589
76.50846059,76,508460590
76.558460591,76,558460591
76.608460592,76,608460592
76.608460592,76,658460592
76.658460592,76,708460593
76.708460593,76,758460594
76.758460594,76,808460595
76.858460595,76,858460595
76.908460596,76,908460596
76.958460597,76,958460597
77.008460598,77,8460598
77.058460598,77,58460598
77.108460599,77,108460599
77.1584606,77,158460600
77.208460601,77,208460601
77.258460601,77,258460601
77.308460602,77,308460602
77.308460602,77,358460603
77.408460604,77,408460604
77.408460604,77,458460604
77.508460605,77,508460605
77.558460606,77,558460606
77.608460607,77,608460607
77.658460607,77,658460607
77.708460608,77,708460608
77.758460609,77,758460609
77.808460609,77,808460609
77.85846061,77,858460610
77.908460611,77,908460611
77.958460612,77,958460612
78.008460612,78,8460612
78.058460613,78,58460613
78.108460614,78,108460614
78.158460615,78,158460615
78.208460615,78,208460615
78.258460616,78,258460616
78.308460617,78,308460617
78.358460618,78,358460618
78.408460618,78,408460618
78.458460619,78,458460619
78.50846062,78,508460620
78.558460621,78,558460621
78.608460621,78,608460621
78.608460621,78,658460622
78.708460623,78,708460623
78.708460623,78,758460624
78.808460624,78,808460624
78.808460624,78,858460625
78.908460626,78,908460626
78.958460627,78,958460627
79.008460627,79,8460627
79.058460628,79,58460628
79.108460629,79,108460629
79.15846063,79,158460630
79.20846063,79,208460630
79.258460631,79,258460631
79.308460632,79,308460632
79.358460633,79,358460633
79.408460633,79,408460633
79.458460634,79,458460634
79.458460634,79,508460635
79.558460636,79,558460636
79.608460636,79,608460636
79.658460637,79,658460637
79.658460637,79,708460638
79.758460639,79,758460639
79.758460639,79,808460639
79.85846064,79,858460640
79.85846064,79,908460641
79.908460641,79,958460642
80.008460642,80,8460642
80.058460643,80,58460643
80.108460644,80,108460644
80.108460644,80,158460645
80.208460645,80,208460645
80.258460646,80,258460646
80.308460647,80,308460647
80.358460647,80,358460647
80.408460648,80,408460648
80.408460648,80,458460649
80.50846065,80,508460650
80.50846065,80,558460650
80.608460651,80,608460651
80.658460652,80,658460652
80.708460653,80,708460653
80.708460653,80,758460653
80.758460653,80,808460654
80.808460654,80,858460655
80.858460655,80,908460656
80.958460656,80,958460656
81.008460657,81,8460657
81.058460658,81,58460658
81.108460659,81,108460659
81.108460659,81,158460659
81.20846066,81,208460660
81.258460661,81,258460661
81.308460662,81,308460662
81.358460662,81,358460662
81.408460663,81,408460663
81.458460664,81,458460664
81.508460665,81,508460665
81.558460665,81,558460665
81.608460666,81,608460666
81.658460667,81,658460667
81.708460668,81,708460668
81.758460668,81,758460668
81.808460669,81,808460669
81.85846067,81,858460670
81.908460671,81,908460671
81.958460671,81,958460671
82.008460672,82,8460672
82.058460673,82,58460673
82.108460674,82,108460674
82.158460674,82,158460674
82.208460675,82,208460675
82.258460676,82,258460676
82.258460676,82,308460677
82.308460677,82,358460677
82.408460678,82,408460678
82.458460679,82,458460679
82.50846068,82,508460680
82.55846068,82,558460680
82.55846068,82,608460681
82.658460682,82,658460682
82.708460683,82,708460683
82.758460683,82,758460683
82.808460684,82,808460684
82.858460685,82,858460685
82.908460685,82,908460685
82.958460686,82,958460686
82.958460686,83,8460687
83.058460688,83,58460688
83.108460688,83,108460688
83.108460688,83,158460689
83.20846069,83,208460690
83.20846069,83,258460691
83.308460691,83,308460691
83.308460691,83,358460692
83.358460692,83,408460693
83.458460694,83,458460694
83.50846069400001,83,508460694
83.558460695,83,558460695
83.608460696,83,608460696
83.658460697,83,658460697
83.708460697,83,708460697
83.758460698,83,758460698
83.808460699,83,808460699
83.8584607,83,858460700
83.9084607,83,908460700
83.958460701,83,958460701
84.008460702,84,8460702
84.008460702,84,58460703
84.108460703,84,108460703
84.158460704,84,158460704
84.208460705,84,208460705
84.258460706,84,258460706
84.258460706,84,308460706
84.358460707,84,358460707
84.408460708,84,408460708
84.458460709,84,458460709
84.508460709,84,508460709
84.55846071,84,558460710
84.608460711,84,608460711
84.658460712,84,658460712
84.708460712,84,708460712
84.758460713,84,758460713
84.758460713,84,808460714
84.858460715,84,858460715
84.908460715,84,908460715
84.908460715,84,958460716
85.008460717,85,8460717
85.058460718,85,58460718
85.108460718,85,108460718
85.158460719,85,158460719
85.20846072,85,208460720
85.20846072,85,258460721
85.308460721,85,308460721
85.358460722,85,358460722
85.408460723,85,408460723
85.458460723,85,458460723
85.458460723,85,508460724
85.558460725,85,558460725
85.608460726,85,608460726
85.658460726,85,658460726
85.658460726,85,708460727
85.708460727,85,758460728
85.808460729,85,808460729
85.858460729,85,858460729
85.90846073,85,908460730
85.90846073,85,958460731
86.008460732,86,8460732
86.058460732,86,58460732
86.058460732,86,108460733
86.108460733,86,158460734
86.158460734,86,208460735
86.208460735,86,258460735
86.308460736,86,308460736
86.308460736,86,358460737
86.408460738,86,408460738
86.458460738,86,458460738
86.508460739,86,508460739
86.508460739,86,558460740
86.55846074,86,608460741
86.608460741,86,658460741
86.708460742,86,708460742
86.758460743,86,758460743
86.808460744,86,808460744
86.858460744,86,858460744
86.908460745,86,908460745
86.958460746,86,958460746
87.008460747,87,8460747
87.058460747,87,58460747
87.108460748,87,108460748
87.158460749,87,158460749
87.20846075,87,208460750
87.25846075,87,258460750
87.308460751,87,308460751
87.358460752,87,358460752
87.408460753,87,408460753
87.408460753,87,458460753
87.508460754,87,508460754
87.558460755,87,558460755
87.608460756,87,608460756
87.658460756,87,658460756
87.708460757,87,708460757
87.758460758,87,758460758
87.808460758,87,808460758
87.858460759,87,858460759
87.858460759,87,908460760
87.90846076,87,958460761
88.008460761,88,8460761
88.008460761,88,58460762
88.108460763,88,108460763
88.158460764,88,158460764
88.208460764,88,208460764
88.258460765,88,258460765
88.308460766,88,308460766
88.358460767,88,358460767
88.408460767,88,408460767
88.408460767,88,458460768
88.508460769,88,508460769
88.55846077,88,558460770
88.60846077,88,608460770
88.658460771,88,658460771
88.708460772,88,708460772
88.758460773,88,758460773
88.808460773,88,808460773
88.858460774,88,858460774
88.908460775,88,908460775
88.958460776,88,958460776
89.008460776,89,8460776
89.058460777,89,58460777
89.108460778,89,108460778
89.158460779,89,158460779
89.208460779,89,208460779
89.25846078,89,258460780
89.308460781,89,308460781
89.358460782,89,358460782
89.408460782,89,408460782
89.458460783,89,458460783
89.508460784,89,508460784
89.558460785,89,558460785
89.608460785,89,608460785
89.658460786,89,658460786
89.658460786,89,708460787
89.708460787,89,758460788
89.808460788,89,808460788
89.858460789,89,858460789
89.90846079,89,908460790
89.90846079,89,958460791
89.958460791,90,8460791
90.058460792,90,58460792
90.108460793,90,108460793
90.158460794,90,158460794
90.208460794,90,208460794
90.258460795,90,258460795
90.308460796,90,308460796
90.358460796,90,358460796
90.408460797,90,408460797
90.458460798,90,458460798
90.508460799,90,508460799
90.558460799,90,558460799
90.6084608,90,608460800
90.6084608,90,658460801
90.708460802,90,708460802
90.758460802,90,758460802
90.808460803,90,808460803
90.858460804,90,858460804
90.908460805,90,908460805
90.958460805,90,958460805
91.008460806,91,8460806
91.058460807,91,58460807
91.108460808,91,108460808
91.108460808,91,158460808
91.208460809,91,208460809
91.25846081,91,258460810
91.308460811,91,308460811
91.358460811,91,358460811
91.408460812,91,408460812
91.458460813,91,458460813
91.508460814,91,508460814
91.558460814,91,558460814
91.608460815,91,608460815
91.658460816,91,658460816
91.708460817,91,708460817
91.758460817,91,758460817
91.808460818,91,808460818
91.858460819,91,858460819
91.90846082,91,908460820
91.95846082,91,958460820
92.008460821,92,8460821
92.058460822,92,58460822
92.108460823,92,108460823
92.158460823,92,158460823
92.208460824,92,208460824
92.258460825,92,258460825
92.308460826,92,308460826
92.358460826,92,358460826
92.408460827,92,408460827
92.458460828,92,458460828
92.508460829,92,508460829
92.558460829,92,558460829
92.60846083,92,608460830
92.658460831,92,658460831
92.708460832,92,708460832
92.758460832,92,758460832
92.808460833,92,808460833
92.858460834,92,858460834
92.908460834,92,908460834
92.958460835,92,958460835
93.008460836,93,8460836
93.058460837,93,58460837
93.108460837,93,108460837
93.158460838,93,158460838
93.208460839,93,208460839
93.25846084,93,258460840
93.30846084,93,308460840
93.358460841,93,358460841
93.408460842,93,408460842
93.458460843,93,458460843
93.508460843,93,508460843
93.558460844,93,558460844
93.608460845,93,608460845
93.658460846,93,658460846
93.708460846,93,708460846
93.708460846,93,758460847
93.808460848,93,808460848
93.858460849,93,858460849
93.908460849,93,908460849
93.95846085,93,958460850
94.008460851,94,8460851
94.058460852,94,58460852
94.108460852,94,108460852
94.158460853,94,158460853
94.208460854,94,208460854
94.258460855,94,258460855
94.308460855,94,308460855
94.358460856,94,358460856
94.408460857,94,408460857
94.458460858,94,458460858
94.508460858,94,508460858
94.558460859,94,558460859
94.60846086,94,608460860
94.60846086,94,658460861
94.708460861,94,708460861
94.758460862,94,758460862
94.808460863,94,808460863
94.858460864,94,858460864
94.858460864,94,908460864
94.908460864,94,958460865
95.008460866,95,8460866
95.058460867,95,58460867
95.108460867,95,108460867
95.158460868,95,158460868
95.208460869,95,208460869
95.25846087,95,258460870
95.30846087,95,308460870
95.358460871,95,358460871
95.408460872,95,408460872
95.458460872,95,458460872
95.508460873,95,508460873
95.558460874,95,558460874
95.608460875,95,608460875
95.658460875,95,658460875
95.708460876,95,708460876
95.758460877,95,758460877
95.808460878,95,808460878
95.858460878,95,858460878
95.908460879,95,908460879
95.95846088,95,958460880
95.95846088,96,8460881
96.058460881,96,58460881
96.108460882,96,108460882
96.108460882,96,158460883
96.208460884,96,208460884
96.258460884,96,258460884
96.308460885,96,308460885
96.358460886,96,358460886
96.408460887,96,408460887
96.458460887,96,458460887
96.508460888,96,508460888
96.558460889,96,558460889
96.60846089,96,608460890
96.65846089,96,658460890
96.708460891,96,708460891
96.758460892,96,758460892
96.808460893,96,808460893
96.858460893,96,858460893
96.908460894,96,908460894
96.958460895,96,958460895
97.008460896,97,8460896
97.058460896,97,58460896
97.108460897,97,108460897
97.158460898,97,158460898
97.208460899,97,208460899
97.258460899,97,258460899
97.3084609,97,308460900
97.358460901,97,358460901
97.408460902,97,408460902
97.458460902,97,458460902
97.508460903,97,508460903
97.508460903,97,558460904
97.608460905,97,608460905
97.658460905,97,658460905
97.708460906,97,708460906
97.758460907,97,758460907
97.808460908,97,808460908
97.858460908,97,858460908
97.908460909,97,908460909
97.95846091,97,958460910
98.00846091,98,8460910
98.058460911,98,58460911
98.108460912,98,108460912
98.158460913,98,158460913
98.158460913,98,208460913
98.258460914,98,258460914
98.308460915,98,308460915
98.358460916,98,358460916
98.408460916,98,408460916
98.458460917,98,458460917
98.508460918,98,508460918
98.558460919,98,558460919
98.608460919,98,608460919
98.65846092,98,658460920
98.708460921,98,708460921
98.758460922,98,758460922
98.808460922,98,808460922
98.808460922,98,858460923
98.908460924,98,908460924
98.958460925,98,958460925
99.008460925,99,8460925
99.058460926,99,58460926
99.108460927,99,108460927
99.158460928,99,158460928
99.158460928,99,208460928
99.258460929,99,258460929
99.258460929,99,308460930
99.358460931,99,358460931
99.408460931,99,408460931
99.458460932,99,458460932
99.508460933,99,508460933
99.558460934,99,558460934
99.608460934,99,608460934
99.658460935,99,658460935
99.708460936,99,708460936
99.758460937,99,758460937
99.808460937,99,808460937
99.858460938,99,858460938
99.908460939,99,908460939
99.95846094,99,958460940
100.00846094,100,8460940
100.058460941,100,58460941
100.108460942,100,108460942
100.158460943,100,158460943
100.208460943,100,208460943
100.258460944,100,258460944
100.308460945,100,308460945
100.358460946,100,358460946
100.408460946,100,408460946
100.458460947,100,458460947
100.458460947,100,508460948
100.558460948,100,558460948
100.608460949,100,608460949
100.65846095,100,658460950
100.708460951,100,708460951
100.758460951,100,758460951
100.808460952,100,808460952
100.858460953,100,858460953
100.908460954,100,908460954
100.958460954,100,958460954
101.008460955,101,8460955
101.058460956,101,58460956
101.108460957,101,108460957
101.158460957,101,158460957
101.208460958,101,208460958
101.258460959,101,258460959
101.30846096,101,308460960
101.35846096,101,358460960
101.408460961,101,408460961
101.458460962,101,458460962
101.508460963,101,508460963
101.558460963,101,558460963
101.608460964,101,608460964
101.658460965,101,658460965
101.708460966,101,708460966
101.758460966,101,758460966
101.808460967,101,808460967
101.858460968,101,858460968
101.908460969,101,908460969
101.908460969,101,958460969
102.00846097,102,8460970
102.058460971,102,58460971
102.108460972,102,108460972
102.158460972,102,158460972
102.208460973,102,208460973
102.258460974,102,258460974
102.308460975,102,308460975
102.358460975,102,358460975
102.408460976,102,408460976
102.458460977,102,458460977
102.508460978,102,508460978
102.558460978,102,558460978
102.608460979,102,608460979
102.65846098,102,658460980
102.708460981,102,708460981
102.758460981,102,758460981
102.808460982,102,808460982
102.858460983,102,858460983
102.908460984,102,908460984
102.958460984,102,958460984
103.008460985,103,8460985
103.058460986,103,58460986
103.108460986,103,108460986
103.158460987,103,158460987
103.208460988,103,208460988
103.258460989,103,258460989
103.308460989,103,308460989
103.35846099,103,358460990
103.35846099,103,408460991
103.408460991,103,458460992
103.458460992,103,508460992
103.558460993,103,558460993
103.608460994,103,608460994
103.658460995,103,658460995
103.658460995,103,708460995
103.758460996,103,758460996
103.808460997,103,808460997
103.858460998,103,858460998
103.908460998,103,908460998
103.958460999,103,958460999
104.008461,104,8461000
104.058461001,104,58461001
104.108461001,104,108461001
104.158461002,104,158461002
104.208461003,104,208461003
104.258461004,104,258461004
104.308461004,104,308461004
104.358461005,104,358461005
104.408461006,104,408461006
104.458461007,104,458461007
104.508461007,104,508461007
104.558461008,104,558461008
104.608461009,104,608461009
104.65846101,104,658461010
104.70846101,104,708461010
104.758461011,104,758461011
104.808461012,104,808461012
104.858461013,104,858461013
104.908461013,104,908461013
104.958461014,104,958461014
105.008461015,105,8461015
105.058461016,105,58461016
105.108461016,105,108461016
105.158461017,105,158461017
105.208461018,105,208461018
105.258461019,105,258461019
105.308461019,105,308461019
105.35846102,105,358461020
105.408461021,105,408461021
105.458461022,105,458461022
105.508461022,105,508461022
105.558461023,105,558461023
105.608461024,105,608461024
105.658461024,105,658461024
105.708461025,105,708461025
105.708461025,105,758461026
105.808461027,105,808461027
105.858461027,105,858461027
105.908461028,105,908461028
105.908461028,105,958461029
106.00846103,106,8461030
106.05846103,106,58461030
106.108461031,106,108461031
106.158461032,106,158461032
106.208461033,106,208461033
106.258461033,106,258461033
106.308461034,106,308461034
106.358461035,106,358461035
106.358461035,106,408461036
106.458461036,106,458461036
106.508461037,106,508461037
106.508461037,106,558461038
106.558461038,106,608461039
106.658461039,106,658461039
106.70846104,106,708461040
106.758461041,106,758461041
106.758461041,106,808461042
106.858461042,106,858461042
106.908461043,106,908461043
106.958461044,106,958461044
107.008461045,107,8461045
107.058461045,107,58461045
107.108461046,107,108461046
107.158461047,107,158461047
107.158461047,107,208461048
107.258461048,107,258461048
107.308461049,107,308461049
107.35846105,107,358461050
107.408461051,107,408461051
107.458461051,107,458461051
107.458461051,107,508461052
107.558461053,107,558461053
107.608461054,107,608461054
107.658461054,107,658461054
107.708461055,107,708461055
107.758461056,107,758461056
107.808461057,107,808461057
107.858461057,107,858461057
107.908461058,107,908461058
107.958461059,107,958461059
108.00846106,108,8461060
108.05846106,108,58461060
108.108461061,108,108461061
108.158461062,108,158461062
108.208461062,108,208461062
108.258461063,108,258461063
108.308461064,108,308461064
108.358461065,108,358461065
108.408461065,108,408461065
108.458461066,108,458461066
108.508461067,108,508461067
108.558461068,108,558461068
108.608461068,108,608461068
108.658461069,108,658461069
108.70846107,108,708461070
108.758461071,108,758461071
108.758461071,108,808461071
108.858461072,108,858461072
108.858461072,108,908461073
108.908461073,108,958461074
109.008461074,109,8461074
109.008461074,109,58461075
109.108461076,109,108461076
109.158461077,109,158461077
109.208461077,109,208461077
109.258461078,109,258461078
109.308461079,109,308461079
109.35846108,109,358461080
109.40846108,109,408461080
109.458461081,109,458461081
109.508461082,109,508461082
109.558461083,109,558461083
109.608461083,109,608461083
109.658461084,109,658461084
109.708461085,109,708461085
109.758461086,109,758461086
109.808461086,109,808461086
109.858461087,109,858461087
109.908461088,109,908461088
109.958461089,109,958461089
110.008461089,110,8461089
110.008461089,110,58461090
110.05846109,110,108461091
110.158461092,110,158461092
110.208461092,110,208461092
110.258461093,110,258461093
110.308461094,110,308461094
110.358461095,110,358461095
110.408461095,110,408461095
110.458461096,110,458461096
110.508461097,110,508461097
110.558461098,110,558461098
110.608461098,110,608461098
110.658461099,110,658461099
110.7084611,110,708461100
110.7584611,110,758461100
110.7584611,110,808461101
110.858461102,110,858461102
110.908461103,110,908461103
110.908461103,110,958461103
111.008461104,111,8461104
111.058461105,111,58461105
111.108461106,111,108461106
111.158461106,111,158461106
111.208461107,111,208461107
111.258461108,111,258461108
111.308461109,111,308461109
111.358461109,111,358461109
111.40846111,111,408461110
111.458461111,111,458461111
111.508461112,111,508461112
111.558461112,111,558461112
111.608461113,111,608461113
111.658461114,111,658461114
111.708461115,111,708461115
111.758461115,111,758461115
111.808461116,111,808461116
111.858461117,111,858461117
111.908461118,111,908461118
111.958461118,111,958461118
112.008461119,112,8461119
112.05846112,112,58461120
112.108461121,112,108461121
112.158461121,112,158461121
112.208461122,112,208461122
112.258461123,112,258461123
112.308461124,112,308461124
112.358461124,112,358461124
112.408461125,112,408461125
112.458461126,112,458461126
112.508461127,112,508461127
112.558461127,112,558461127
112.608461128,112,608461128
112.658461129,112,658461129
112.70846113,112,708461130
112.75846113,112,758461130
112.808461131,112,808461131
112.858461132,112,858461132
112.908461133,112,908461133
112.958461133,112,958461133
113.008461134,113,8461134
113.058461135,113,58461135
113.058461135,113,108461135
113.158461136,113,158461136
113.208461137,113,208461137
113.258461138,113,258461138
113.308461138,113,308461138
113.358461139,113,358461139
113.40846114,113,408461140
113.40846114,113,458461141
113.508461141,113,508461141
113.558461142,113,558461142
113.558461142,113,608461143
113.658461144,113,658461144
113.708461144,113,708461144
113.758461145,113,758461145
113.808461146,113,808461146
113.858461147,113,858461147
113.908461147,113,908461147
113.958461148,113,958461148
114.008461149,114,8461149
114.008461149,114,58461150
114.10846115,114,108461150
114.158461151,114,158461151
114.208461152,114,208461152
114.208461152,114,258461153
114.308461153,114,308461153
114.358461154,114,358461154
114.408461155,114,408461155
114.458461156,114,458461156
114.508461156,114,508461156
114.558461157,114,558461157
114.608461158,114,608461158
114.658461159,114,658461159
114.708461159,114,708461159
114.75846116,114,758461160
114.808461161,114,808461161
114.858461162,114,858461162
114.908461162,114,908461162
114.958461163,114,958461163
115.008461164,115,8461164
115.058461165,115,58461165
115.108461165,115,108461165
115.158461166,115,158461166
115.208461167,115,208461167
115.258461168,115,258461168
115.308461168,115,308461168
115.358461169,115,358461169
115.40846117,115,408461170
115.458461171,115,458461171
115.508461171,115,508461171
115.558461172,115,558461172
115.608461173,115,608461173
115.658461173,115,658461173
115.658461173,115,708461174
115.758461175,115,758461175
115.808461176,115,808461176
115.858461176,115,858461176
115.908461177,115,908461177
115.958461178,115,958461178
116.008461179,116,8461179
116.058461179,116,58461179
116.10846118,116,108461180
116.158461181,116,158461181
116.208461182,116,208461182
116.258461182,116,258461182
116.308461183,116,308461183
116.358461184,116,358461184
116.408461185,116,408461185
116.458461185,116,458461185
116.508461186,116,508461186
116.558461187,116,558461187
116.608461188,116,608461188
116.658461188,116,658461188
116.708461189,116,708461189
116.75846119,116,758461190
116.75846119,116,808461191
116.858461191,116,858461191
116.908461192,116,908461192
116.958461193,116,958461193
117.008461194,117,8461194
117.058461194,117,58461194
117.058461194,117,108461195
117.158461196,117,158461196
117.208461197,117,208461197
117.258461197,117,258461197
117.308461198,117,308461198
117.358461199,117,358461199
117.4084612,117,408461200
117.4584612,117,458461200
117.508461201,117,508461201
117.558461202,117,558461202
117.558461202,117,608461203
117.658461203,117,658461203
117.708461204,117,708461204
117.758461205,117,758461205
117.808461206,117,808461206
117.858461206,117,858461206
117.908461207,117,908461207
117.958461208,117,958461208
118.008461209,118,8461209
118.058461209,118,58461209
118.10846121,118,108461210
118.158461211,118,158461211
118.208461211,118,208461211
118.258461212,118,258461212
118.308461213,118,308461213
118.358461214,118,358461214
118.408461214,118,408461214
118.458461215,118,458461215
118.508461216,118,508461216
118.558461217,118,558461217
118.608461217,118,608461217
118.658461218,118,658461218
118.708461219,118,708461219
118.75846122,118,758461220
118.80846122,118,808461220
118.858461221,118,858461221
118.908461222,118,908461222
118.958461223,118,958461223
118.958461223,119,8461223
119.058461224,119,58461224
119.108461225,119,108461225
119.158461226,119,158461226
119.158461226,119,208461226
119.208461226,119,258461227
119.308461228,119,308461228
119.358461229,119,358461229
119.408461229,119,408461229
119.45846123,119,458461230
119.508461231,119,508461231
119.558461232,119,558461232
119.608461232,119,608461232
119.658461233,119,658461233
119.708461234,119,708461234
119.758461235,119,758461235
119.808461235,119,808461235
119.808461235,119,858461236
119.858461236,119,908461237
119.958461238,119,958461238
119.958461238,120,8461238
120.058461239,120,58461239
120.10846124,120,108461240
120.10846124,120,158461241
120.208461241,120,208461241
120.258461242,120,258461242
120.308461243,120,308461243
120.358461244,120,358461244
120.408461244,120,408461244
120.458461245,120,458461245
120.508461246,120,508461246
120.558461247,120,558461247
120.608461247,120,608461247
120.658461248,120,658461248
120.708461249,120,708461249
120.758461249,120,758461249
120.80846125,120,808461250
120.858461251,120,858461251
120.908461252,120,908461252
120.958461252,120,958461252
121.008461253,121,8461253
121.058461254,121,58461254
121.108461255,121,108461255
121.158461255,121,158461255
121.208461256,121,208461256
121.258461257,121,258461257
121.308461258,121,308461258
121.358461258,121,358461258
121.408461259,121,408461259
121.45846126,121,458461260
121.508461261,121,508461261
121.558461261,121,558461261
121.608461262,121,608461262
121.658461263,121,658461263
121.708461264,121,708461264
121.758461264,121,758461264
121.808461265,121,808461265
121.858461266,121,858461266
121.858461266,121,908461267
121.958461267,121,958461267
121.958461267,122,8461268
122.058461269,122,58461269
122.10846127,122,108461270
122.15846127,122,158461270
122.208461271,122,208461271
122.258461272,122,258461272
122.308461273,122,308461273
122.358461273,122,358461273
122.408461274,122,408461274
122.458461275,122,458461275
122.508461276,122,508461276
122.558461276,122,558461276
122.558461276,122,608461277
122.658461278,122,658461278
122.708461279,122,708461279
122.758461279,122,758461279
122.80846128,122,808461280
122.80846128,122,858461281
122.908461282,122,908461282
122.958461282,122,958461282
123.008461283,123,8461283
123.058461284,123,58461284
123.108461285,123,108461285
123.158461285,123,158461285
123.208461286,123,208461286
123.258461287,123,258461287
123.308461287,123,308461287
123.358461288,123,358461288
123.408461289,123,408461289
123.45846129,123,458461290
123.45846129,123,508461290
123.558461291,123,558461291
123.608461292,123,608461292
123.658461293,123,658461293
123.708461293,123,708461293
123.758461294,123,758461294
123.808461295,123,808461295
123.858461296,123,858461296
123.908461296,123,908461296
123.958461297,123,958461297
124.008461298,124,8461298
124.058461299,124,58461299
124.108461299,124,108461299
124.1584613,124,158461300
124.208461301,124,208461301
124.258461302,124,258461302
124.308461302,124,308461302
124.358461303,124,358461303
124.408461304,124,408461304
124.458461305,124,458461305
124.508461305,124,508461305
124.558461306,124,558461306
124.608461307,124,608461307
124.658461308,124,658461308
124.708461308,124,708461308
124.758461309,124,758461309
124.758461309,124,808461310
124.858461311,124,858461311
124.908461311,124,908461311
124.958461312,124,958461312
125.008461313,125,8461313
125.058461314,125,58461314
125.108461314,125,108461314
125.158461315,125,158461315
125.208461316,125,208461316
125.258461317,125,258461317
125.308461317,125,308461317
125.358461318,125,358461318
125.408461319,125,408461319
125.45846132,125,458461320
125.50846132,125,508461320
125.558461321,125,558461321
125.558461321,125,608461322
125.658461323,125,658461323
125.708461323,125,708461323
125.758461324,125,758461324
125.758461324,125,808461325
125.858461325,125,858461325
125.908461326,125,908461326
125.958461327,125,958461327
126.008461328,126,8461328
126.058461328,126,58461328
126.108461329,126,108461329
126.15846133,126,158461330
126.208461331,126,208461331
126.258461331,126,258461331
126.308461332,126,308461332
126.358461333,126,358461333
126.408461334,126,408461334
126.458461334,126,458461334
126.508461335,126,508461335
126.558461336,126,558461336
126.608461337,126,608461337
126.658461337,126,658461337
126.708461338,126,708461338
126.758461339,126,758461339
126.80846134,126,808461340
126.85846134,126,858461340
126.908461341,126,908461341
126.958461342,126,958461342
127.008461343,127,8461343
127.058461343,127,58461343
127.108461344,127,108461344
127.158461345,127,158461345
127.208461346,127,208461346
127.258461346,127,258461346
127.308461347,127,308461347
127.358461348,127,358461348
127.408461349,127,408461349
127.458461349,127,458461349
127.50846135,127,508461350
127.558461351,127,558461351
127.608461352,127,608461352
127.658461352,127,658461352
127.708461353,127,708461353
127.758461354,127,758461354
127.808461355,127,808461355
127.858461355,127,858461355
127.908461356,127,908461356
127.958461357,127,958461357
128.008461358,128,8461358
128.058461358,128,58461358
128.108461359,128,108461359
128.15846136,128,158461360
128.208461361,128,208461361
128.258461361,128,258461361
128.308461362,128,308461362
128.358461363,128,358461363
128.358461363,128,408461363
128.458461364,128,458461364
128.508461365,128,508461365
128.558461366,128,558461366
128.558461366,128,608461366
128.658461367,128,658461367
128.708461368,128,708461368
128.758461369,128,758461369
128.808461369,128,808461369
128.85846137,128,858461370
128.908461371,128,908461371
128.958461372,128,958461372
129.008461372,129,8461372
129.008461372,129,58461373
129.108461374,129,108461374
129.108461374,129,158461375
129.208461375,129,208461375
129.258461376,129,258461376
129.308461377,129,308461377
129.358461378,129,358461378
129.408461378,129,408461378
129.458461379,129,458461379
129.50846138,129,508461380
129.558461381,129,558461381
129.608461381,129,608461381
129.658461382,129,658461382
129.708461383,129,708461383
129.758461384,129,758461384
129.808461384,129,808461384
129.858461385,129,858461385
129.908461386,129,908461386
129.958461387,129,958461387
130.008461387,130,8461387
130.058461388,130,58461388
130.108461389,130,108461389
130.15846139,130,158461390
130.20846139,130,208461390
130.258461391,130,258461391
130.308461392,130,308461392
130.358461393,130,358461393
130.408461393,130,408461393
130.458461394,130,458461394
130.508461395,130,508461395
130.558461396,130,558461396
130.608461396,130,608461396
130.658461397,130,658461397
130.708461398,130,708461398
130.758461399,130,758461399
130.808461399,130,808461399
130.8584614,130,858461400
130.8584614,130,908461401
130.958461401,130,958461401
131.008461402,131,8461402
131.058461403,131,58461403
131.108461404,131,108461404
131.158461404,131,158461404
131.208461405,131,208461405
131.258461406,131,258461406
131.308461407,131,308461407
131.358461407,131,358461407
131.408461408,131,408461408
131.458461409,131,458461409
131.50846141,131,508461410
131.55846141,131,558461410
131.608461411,131,608461411
131.658461412,131,658461412
131.708461413,131,708461413
131.758461413,131,758461413
131.808461414,131,808461414
131.808461414,131,858461415
131.858461415,131,908461416
131.958461416,131,958461416
132.008461417,132,8461417
132.058461418,132,58461418
132.108461419,132,108461419
132.158461419,132,158461419
132.20846142,132,208461420
132.258461421,132,258461421
132.308461422,132,308461422
132.358461422,132,358461422
132.408461423,132,408461423
132.458461424,132,458461424
132.508461425,132,508461425
132.558461425,132,558461425
132.608461426,132,608461426
132.658461427,132,658461427
132.708461428,132,708461428
132.758461428,132,758461428
132.808461429,132,808461429
132.85846143,132,858461430
132.908461431,132,908461431
132.958461431,132,958461431
133.008461432,133,8461432
133.058461433,133,58461433
133.108461434,133,108461434
133.158461434,133,158461434
133.208461435,133,208461435
133.258461436,133,258461436
133.308461437,133,308461437
133.358461437,133,358461437
133.408461438,133,408461438
133.458461439,133,458461439
133.508461439,133,508461439
133.55846144,133,558461440
133.608461441,133,608461441
133.658461442,133,658461442
133.708461442,133,708461442
133.758461443,133,758461443
133.808461444,133,808461444
133.858461445,133,858461445
133.908461445,133,908461445
133.958461446,133,958461446
134.008461447,134,8461447
134.058461448,134,58461448
134.108461448,134,108461448
134.158461449,134,158461449
134.20846145,134,208461450
134.258461451,134,258461451
134.308461451,134,308461451
134.358461452,134,358461452
134.358461452,134,408461453
134.458461454,134,458461454
134.508461454,134,508461454
134.558461455,134,558461455
134.608461456,134,608461456
134.658461457,134,658461457
134.708461457,134,708461457
134.758461458,134,758461458
134.808461459,134,808461459
134.85846146,134,858461460
134.90846146,134,908461460
134.958461461,134,958461461
135.008461462,135,8461462
135.008461462,135,58461463
135.108461463,135,108461463
135.158461464,135,158461464
135.208461465,135,208461465
135.208461465,135,258461466
135.308461466,135,308461466
135.358461467,135,358461467
135.408461468,135,408461468
135.458461469,135,458461469
135.508461469,135,508461469
135.55846147,135,558461470
135.608461471,135,608461471
135.658461472,135,658461472
135.708461472,135,708461472
135.758461473,135,758461473
135.808461474,135,808461474
135.808461474,135,858461474
135.908461475,135,908461475
135.958461476,135,958461476
136.008461477,136,8461477
136.058461477,136,58461477
136.108461478,136,108461478
136.158461479,136,158461479
136.20846148,136,208461480
136.25846148,136,258461480
136.308461481,136,308461481
136.358461482,136,358461482
136.408461483,136,408461483
136.458461483,136,458461483
136.508461484,136,508461484
136.508461484,136,558461485
136.608461486,136,608461486
136.658461486,136,658461486
136.708461487,136,708461487
136.758461488,136,758461488
136.808461489,136,808461489
136.858461489,136,858461489
136.90846149,136,908461490
136.90846149,136,958461491
137.008461492,137,8461492
137.058461492,137,58461492
137.108461493,137,108461493
137.158461494,137,158461494
137.208461495,137,208461495
137.258461495,137,258461495
137.308461496,137,308461496
137.358461497,137,358461497
137.408461498,137,408461498
137.458461498,137,458461498
137.508461499,137,508461499
137.5584615,137,558461500
137.608461501,137,608461501
137.658461501,137,658461501
137.708461502,137,708461502
137.758461503,137,758461503
137.808461504,137,808461504
137.858461504,137,858461504
137.908461505,137,908461505
137.958461506,137,958461506
138.008461507,138,8461507
138.058461507,138,58461507
138.108461508,138,108461508
138.158461509,138,158461509
138.20846151,138,208461510
138.25846151,138,258461510
138.308461511,138,308461511
138.358461512,138,358461512
138.408461512,138,408461512
138.458461513,138,458461513
138.508461514,138,508461514
138.558461515,138,558461515
138.608461515,138,608461515
138.658461516,138,658461516
138.708461517,138,708461517
138.758461518,138,758461518
138.808461518,138,808461518
138.858461519,138,858461519
138.90846152,138,908461520
138.958461521,138,958461521
139.008461521,139,8461521
139.058461522,139,58461522
139.108461523,139,108461523
139.158461524,139,158461524
139.208461524,139,208461524
139.208461524,139,258461525
139.308461526,139,308461526
139.358461527,139,358461527
139.408461527,139,408461527
139.458461528,139,458461528
139.508461529,139,508461529
139.55846153,139,558461530
139.60846153,139,608461530
139.60846153,139,658461531
139.708461532,139,708461532
139.758461533,139,758461533
139.808461533,139,808461533
139.858461534,139,858461534
139.908461535,139,908461535
139.958461536,139,958461536
140.008461536,140,8461536
140.058461537,140,58461537
140.108461538,140,108461538
140.158461539,140,158461539
140.208461539,140,208461539
140.25846154,140,258461540
140.25846154,140,308461541
140.358461542,140,358461542
140.408461542,140,408461542
140.458461543,140,458461543
140.508461544,140,508461544
140.558461545,140,558461545
140.608461545,140,608461545
140.658461546,140,658461546
140.708461547,140,708461547
140.708461547,140,758461548
140.808461548,140,808461548
140.858461549,140,858461549
140.90846155,140,908461550
140.95846155,140,958461550
141.008461551,141,8461551
141.058461552,141,58461552
141.108461553,141,108461553
141.108461553,141,158461553
141.208461554,141,208461554
141.208461554,141,258461555
141.308461556,141,308461556
141.358461556,141,358461556
141.408461557,141,408461557
141.458461558,141,458461558
141.508461559,141,508461559
141.558461559,141,558461559
141.60846156,141,608461560
141.658461561,141,658461561
141.658461561,141,708461562
141.758461562,141,758461562
141.808461563,141,808461563
141.858461564,141,858461564
141.908461565,141,908461565
141.958461565,141,958461565
142.008461566,142,8461566
142.058461567,142,58461567
142.108461568,142,108461568
142.158461568,142,158461568
142.208461569,142,208461569
142.25846157,142,258461570
142.308461571,142,308461571
142.308461571,142,358461571
142.408461572,142,408461572
142.458461573,142,458461573
142.508461574,142,508461574
142.558461574,142,558461574
142.558461574,142,608461575
142.658461576,142,658461576
142.708461577,142,708461577
142.758461577,142,758461577
142.808461578,142,808461578
142.858461579,142,858461579
142.90846158,142,908461580
142.95846158,142,958461580
143.008461581,143,8461581
143.058461582,143,58461582
143.108461583,143,108461583
143.158461583,143,158461583
143.208461584,143,208461584
143.258461585,143,258461585
143.308461586,143,308461586
143.358461586,143,358461586
143.358461586,143,408461587
143.458461588,143,458461588
143.508461588,143,508461588
143.508461588,143,558461589
143.60846159,143,608461590
143.658461591,143,658461591
143.708461591,143,708461591
143.758461592,143,758461592
143.808461593,143,808461593
143.858461594,143,858461594
143.908461594,143,908461594
143.958461595,143,958461595
144.008461596,144,8461596
144.058461597,144,58461597
144.058461597,144,108461597
144.158461598,144,158461598
144.208461599,144,208461599
144.2584616,144,258461600
144.3084616,144,308461600
144.358461601,144,358461601
144.408461602,144,408461602
144.458461603,144,458461603
144.508461603,144,508461603
144.558461604,144,558461604
144.608461605,144,608461605
144.658461606,144,658461606
144.708461606,144,708461606
144.758461607,144,758461607
144.808461608,144,808461608
144.858461609,144,858461609
144.908461609,144,908461609
144.908461609,144,958461610
145.008461611,145,8461611
145.058461612,145,58461612
145.058461612,145,108461612
145.158461613,145,158461613
145.208461614,145,208461614
145.258461615,145,258461615
145.308461615,145,308461615
145.358461616,145,358461616
145.408461617,145,408461617
145.458461618,145,458461618
145.458461618,145,508461618
145.508461618,145,558461619
145.60846162,145,608461620
145.60846162,145,658461621
145.708461621,145,708461621
145.758461622,145,758461622
145.808461623,145,808461623
145.858461624,145,858461624
145.908461624,145,908461624
145.958461625,145,958461625
146.008461626,146,8461626
146.058461626,146,58461626
146.108461627,146,108461627
146.158461628,146,158461628
146.158461628,146,208461629
146.258461629,146,258461629
146.30846163,146,308461630
146.358461631,146,358461631
146.408461632,146,408461632
146.458461632,146,458461632
146.508461633,146,508461633
146.558461634,146,558461634
146.608461635,146,608461635
146.658461635,146,658461635
146.708461636,146,708461636
146.708461636,146,758461637
146.808461638,146,808461638
146.858461638,146,858461638
146.908461639,146,908461639
146.95846164,146,958461640
147.008461641,147,8461641
147.058461641,147,58461641
147.108461642,147,108461642
147.158461643,147,158461643
147.208461644,147,208461644
147.258461644,147,258461644
147.308461645,147,308461645
147.358461646,147,358461646
147.358461646,147,408461647
147.408461647,147,458461647
147.508461648,147,508461648
147.558461649,147,558461649
147.60846165,147,608461650
147.65846165,147,658461650
147.708461651,147,708461651
147.758461652,147,758461652
147.808461653,147,808461653
147.858461653,147,858461653
147.908461654,147,908461654
147.958461655,147,958461655
148.008461656,148,8461656
148.058461656,148,58461656
148.108461657,148,108461657
148.158461658,148,158461658
148.208461659,148,208461659
148.258461659,148,258461659
148.30846166,148,308461660
148.358461661,148,358461661
148.408461662,148,408461662
148.458461662,148,458461662
148.508461663,148,508461663
148.558461664,148,558461664
148.608461664,148,608461664
148.658461665,148,658461665
148.708461666,148,708461666
148.758461667,148,758461667
148.808461667,148,808461667
148.858461668,148,858461668
148.908461669,148,908461669
148.95846167,148,958461670
149.00846167,149,8461670
149.058461671,149,58461671
149.108461672,149,108461672
149.158461673,149,158461673
149.208461673,149,208461673
149.258461674,149,258461674
149.308461675,149,308461675
149.358461676,149,358461676
149.408461676,149,408461676
149.458461677,149,458461677
149.508461678,149,508461678
149.558461679,149,558461679
149.608461679,149,608461679
149.65846168,149,658461680
149.708461681,149,708461681
149.758461682,149,758461682
149.808461682,149,808461682
149.858461683,149,858461683
149.908461684,149,908461684
149.958461685,149,958461685
150.008461685,150,8461685
150.058461686,150,58461686
150.108461687,150,108461687
150.158461688,150,158461688
150.208461688,150,208461688
150.258461689,150,258461689
150.30846169,150,308461690
150.358461691,150,358461691
150.408461691,150,408461691
150.458461692,150,458461692
150.458461692,150,508461693
150.558461694,150,558461694
150.608461694,150,608461694
150.658461695,150,658461695
150.708461696,150,708461696
150.758461697,150,758461697
150.808461697,150,808461697
150.858461698,150,858461698
150.858461698,150,908461699
150.9584617,150,958461700
150.9584617,151,8461700
151.058461701,151,58461701
151.108461702,151,108461702
151.158461702,151,158461702
151.208461703,151,208461703
151.258461704,151,258461704
151.308461705,151,308461705
151.358461705,151,358461705
151.408461706,151,408461706
151.458461707,151,458461707
151.508461708,151,508461708
151.558461708,151,558461708
151.608461709,151,608461709
151.65846171,151,658461710
151.708461711,151,708461711
151.758461711,151,758461711
151.808461712,151,808461712
151.858461713,151,858461713
151.908461714,151,908461714
151.958461714,151,958461714
152.008461715,152,8461715
152.058461716,152,58461716
152.108461717,152,108461717
152.158461717,152,158461717
152.208461718,152,208461718
152.258461719,152,258461719
152.30846172,152,308461720
152.35846172,152,358461720
152.408461721,152,408461721
152.408461721,152,458461722
152.508461723,152,508461723
152.558461723,152,558461723
152.608461724,152,608461724
152.658461725,152,658461725
152.708461726,152,708461726
152.758461726,152,758461726
152.808461727,152,808461727
152.858461728,152,858461728
152.908461729,152,908461729
152.958461729,152,958461729
153.00846173,153,8461730
153.058461731,153,58461731
153.108461732,153,108461732
153.158461732,153,158461732
153.208461733,153,208461733
153.258461734,153,258461734
153.308461735,153,308461735
153.358461735,153,358461735
153.408461736,153,408461736
153.458461737,153,458461737
153.508461738,153,508461738
153.558461738,153,558461738
153.608461739,153,608461739
153.65846174,153,658461740
153.70846174,153,708461740
153.758461741,153,758461741
153.808461742,153,808461742
153.858461743,153,858461743
153.908461743,153,908461743
153.958461744,153,958461744
154.008461745,154,8461745
154.058461746,154,58461746
154.108461746,154,108461746
154.158461747,154,158461747
154.208461748,154,208461748
154.258461749,154,258461749
154.308461749,154,308461749
154.35846175,154,358461750
154.35846175,154,408461751
154.408461751,154,458461752
154.508461752,154,508461752
154.558461753,154,558461753
154.608461754,154,608461754
154.608461754,154,658461755
154.658461755,154,708461755
154.758461756,154,758461756
154.808461757,154,808461757
154.858461758,154,858461758
154.908461758,154,908461758
154.958461759,154,958461759
155.00846176,155,8461760
155.058461761,155,58461761
155.108461761,155,108461761
155.158461762,155,158461762
155.208461763,155,208461763
155.258461764,155,258461764
155.308461764,155,308461764
155.358461765,155,358461765
155.408461766,155,408461766
155.458461767,155,458461767
155.508461767,155,508461767
155.558461768,155,558461768
155.608461769,155,608461769
155.65846177,155,658461770
155.70846177,155,708461770
155.758461771,155,758461771
155.808461772,155,808461772
155.858461773,155,858461773
155.908461773,155,908461773
155.958461774,155,958461774
156.008461775,156,8461775
156.058461776,156,58461776
156.108461776,156,108461776
156.158461777,156,158461777
156.208461778,156,208461778
156.258461778,156,258461778
156.308461779,156,308461779
156.35846178,156,358461780
156.408461781,156,408461781
156.458461781,156,458461781
156.508461782,156,508461782
156.508461782,156,558461783
156.608461784,156,608461784
156.658461784,156,658461784
156.658461784,156,708461785
156.758461786,156,758461786
156.808461787,156,808461787
156.858461787,156,858461787
156.908461788,156,908461788
156.958461789,156,958461789
157.00846179,157,8461790
157.05846179,157,58461790
157.108461791,157,108461791
157.158461792,157,158461792
157.208461793,157,208461793
157.258461793,157,258461793
157.308461794,157,308461794
157.358461795,157,358461795
157.408461796,157,408461796
157.458461796,157,458461796
157.508461797,157,508461797
157.558461798,157,558461798
157.608461799,157,608461799
157.658461799,157,658461799
157.7084618,157,708461800
157.758461801,157,758461801
157.808461802,157,808461802
157.858461802,157,858461802
157.908461803,157,908461803
157.958461804,157,958461804
157.958461804,158,8461805
158.058461805,158,58461805
158.108461806,158,108461806
158.158461807,158,158461807
158.208461808,158,208461808
158.258461808,158,258461808
158.308461809,158,308461809
158.35846181,158,358461810
158.408461811,158,408461811
158.458461811,158,458461811
158.458461811,158,508461812
158.558461813,158,558461813
158.608461814,158,608461814
158.658461814,158,658461814
158.658461814,158,708461815
158.758461816,158,758461816
158.808461816,158,808461816
158.858461817,158,858461817
158.908461818,158,908461818
158.958461819,158,958461819
159.008461819,159,8461819
159.05846182,159,58461820
159.108461821,159,108461821
159.158461822,159,158461822
159.208461822,159,208461822
159.258461823,159,258461823
159.308461824,159,308461824
159.358461825,159,358461825
159.408461825,159,408461825
159.458461826,159,458461826
159.508461827,159,508461827
159.558461828,159,558461828
159.608461828,159,608461828
159.658461829,159,658461829
159.70846183,159,708461830
159.758461831,159,758461831
159.808461831,159,808461831
159.858461832,159,858461832
159.908461833,159,908461833
159.958461834,159,958461834
160.008461834,160,8461834
160.058461835,160,58461835
160.108461836,160,108461836
160.158461837,160,158461837
160.208461837,160,208461837
160.258461838,160,258461838
160.308461839,160,308461839
160.35846184,160,358461840
160.40846184,160,408461840
160.458461841,160,458461841
160.508461842,160,508461842
160.558461843,160,558461843
160.608461843,160,608461843
160.658461844,160,658461844
160.708461845,160,708461845
160.758461846,160,758461846
160.808461846,160,808461846
160.858461847,160,858461847
160.908461848,160,908461848
160.958461849,160,958461849
161.008461849,161,8461849
161.008461849,161,58461850
161.108461851,161,108461851
161.158461851,161,158461851
161.208461852,161,208461852
161.258461853,161,258461853
161.308461854,161,308461854
161.358461854,161,358461854
161.408461855,161,408461855
161.458461856,161,458461856
161.508461857,161,508461857
161.558461857,161,558461857
161.608461858,161,608461858
161.658461859,161,658461859
161.70846186,161,708461860
161.75846186,161,758461860
161.808461861,161,808461861
161.858461862,161,858461862
161.908461863,161,908461863
161.958461863,161,958461863
162.008461864,162,8461864
162.058461865,162,58461865
162.108461866,162,108461866
162.158461866,162,158461866
162.208461867,162,208461867
162.208461867,162,258461868
162.258461868,162,308461869
162.358461869,162,358461869
162.40846187,162,408461870
162.458461871,162,458461871
162.508461872,162,508461872
162.558461872,162,558461872
162.608461873,162,608461873
162.658461874,162,658461874
162.708461875,162,708461875
162.758461875,162,758461875
162.808461876,162,808461876
162.858461877,162,858461877
162.858461877,162,908461878
162.958461878,162,958461878
163.008461879,163,8461879
163.05846188,163,58461880
163.108461881,163,108461881
163.158461881,163,158461881
163.208461882,163,208461882
163.258461883,163,258461883
163.308461884,163,308461884
163.308461884,163,358461884
163.408461885,163,408461885
163.458461886,163,458461886
163.508461887,163,508461887
163.558461887,163,558461887
163.608461888,163,608461888
163.658461889,163,658461889
163.708461889,163,708461889
163.75846189,163,758461890
163.808461891,163,808461891
163.858461892,163,858461892
163.908461892,163,908461892
163.958461893,163,958461893
163.958461893,164,8461894
164.058461895,164,58461895
164.108461895,164,108461895
164.158461896,164,158461896
164.208461897,164,208461897
164.258461898,164,258461898
164.258461898,164,308461898
164.358461899,164,358461899
164.4084619,164,408461900
164.458461901,164,458461901
164.508461901,164,508461901
164.558461902,164,558461902
164.558461902,164,608461903
164.658461904,164,658461904
164.708461904,164,708461904
164.758461905,164,758461905
164.808461906,164,808461906
164.808461906,164,858461907
164.908461907,164,908461907
164.958461908,164,958461908
165.008461909,165,8461909
165.05846191,165,58461910
165.10846191,165,108461910
165.158461911,165,158461911
165.208461912,165,208461912
165.258461913,165,258461913
165.308461913,165,308461913
165.358461914,165,358461914
165.408461915,165,408461915
165.458461916,165,458461916
165.508461916,165,508461916
165.558461917,165,558461917
165.608461918,165,608461918
165.658461919,165,658461919
165.708461919,165,708461919
165.75846192,165,758461920
165.808461921,165,808461921
165.858461922,165,858461922
165.908461922,165,908461922
165.958461923,165,958461923
166.008461924,166,8461924
166.058461925,166,58461925
166.108461925,166,108461925
166.108461925,166,158461926
166.208461927,166,208461927
166.258461927,166,258461927
166.258461927,166,308461928
166.358461929,166,358461929
166.40846193,166,408461930
166.45846193,166,458461930
166.508461931,166,508461931
166.558461932,166,558461932
166.608461933,166,608461933
166.658461933,166,658461933
166.708461934,166,708461934
166.758461935,166,758461935
166.808461936,166,808461936
166.808461936,166,858461936
166.908461937,166,908461937
166.958461938,166,958461938
167.008461939,167,8461939
167.058461939,167,58461939
167.10846194,167,108461940
167.158461941,167,158461941
167.208461942,167,208461942
167.258461942,167,258461942
167.308461943,167,308461943
167.358461944,167,358461944
167.408461945,167,408461945
167.408461945,167,458461945
167.458461945,167,508461946
167.508461946,167,558461947
167.608461948,167,608461948
167.658461948,167,658461948
167.708461949,167,708461949
167.75846195,167,758461950
167.808461951,167,808461951
167.858461951,167,858461951
167.908461952,167,908461952
167.958461953,167,958461953
167.958461953,168,8461954
168.058461954,168,58461954
168.108461955,168,108461955
168.158461956,168,158461956
168.208461957,168,208461957
168.258461957,168,258461957
168.258461957,168,308461958
168.358461959,168,358461959
168.40846196,168,408461960
168.45846196,168,458461960
168.508461961,168,508461961
168.558461962,168,558461962
168.608461963,168,608461963
168.658461963,168,658461963
168.708461964,168,708461964
168.758461965,168,758461965
168.808461965,168,808461965
168.858461966,168,858461966
168.908461967,168,908461967
168.958461968,168,958461968
169.008461968,169,8461968
169.058461969,169,58461969
169.10846197,169,108461970
169.10846197,169,158461971
169.158461971,169,208461971
169.258461972,169,258461972
169.308461973,169,308461973
169.358461974,169,358461974
169.408461974,169,408461974
169.458461975,169,458461975
169.508461976,169,508461976
169.508461976,169,558461977
169.608461977,169,608461977
169.658461978,169,658461978
169.708461979,169,708461979
169.75846198,169,758461980
169.80846198,169,808461980
169.858461981,169,858461981
169.908461982,169,908461982
169.958461983,169,958461983
170.008461983,170,8461983
170.058461984,170,58461984
170.108461985,170,108461985
170.158461986,170,158461986
170.208461986,170,208461986
170.258461987,170,258461987
170.308461988,170,308461988
170.358461989,170,358461989
170.408461989,170,408461989
170.45846199,170,458461990
170.508461991,170,508461991
170.558461992,170,558461992
170.608461992,170,608461992
170.658461993,170,658461993
170.708461994,170,708461994
170.758461995,170,758461995
170.758461995,170,808461995
170.858461996,170,858461996
170.908461997,170,908461997
170.958461998,170,958461998
171.008461998,171,8461998
171.058461999,171,58461999
171.108462,171,108462000
171.158462001,171,158462001
171.158462001,171,208462001
171.258462002,171,258462002
171.308462003,171,308462003
171.358462003,171,358462003
171.408462004,171,408462004
171.408462004,171,458462005
171.508462006,171,508462006
171.558462006,171,558462006
171.558462006,171,608462007
171.658462008,171,658462008
171.708462009,171,708462009
171.758462009,171,758462009
171.80846201,171,808462010
171.858462011,171,858462011
171.908462012,171,908462012
171.958462012,171,958462012
172.008462013,172,8462013
172.058462014,172,58462014
172.058462014,172,108462015
172.158462015,172,158462015
172.208462016,172,208462016
172.258462017,172,258462017
172.308462018,172,308462018
172.308462018,172,358462018
172.408462019,172,408462019
172.45846202,172,458462020
172.508462021,172,508462021
172.508462021,172,558462021
172.608462022,172,608462022
172.658462023,172,658462023
172.708462024,172,708462024
172.758462024,172,758462024
172.808462025,172,808462025
172.808462025,172,858462026
