train/learning_rate,time/fps,time/time_elapsed,rollout/ep_len_mean,time/total_timesteps,rollout/ep_rew_mean,time/episodes,train/critic_loss,train/n_updates,train/actor_loss,eval/mean_reward,eval/mean_ep_length
0.00035,1,114,37.25,149,-156.1441515,4,6.839949607849121,48,5.756847381591797,,
0.00035,1,126,25.375,203,-90.610305125,8,6.273297309875488,102,3.4853129386901855,,
0.00035,1,139,22.25,267,-68.76394266666667,12,6.012052059173584,166,3.128782033920288,,
0.00035,2,150,19.75,316,-58.84029525,16,5.779690265655518,215,3.0389351844787598,,
0.00035,2,166,18.5,370,-50.9601459,20,6.836966514587402,269,3.228114604949951,,
0.00035,2,177,17.625,423,-48.72867670833333,24,6.347123622894287,322,3.283994436264038,,
0.00035,2,187,16.857142857142858,472,-45.74085442857143,28,7.214748382568359,371,4.156559944152832,,
0.00035,2,198,16.25,520,-43.59390325,32,6.627593040466309,419,3.898566722869873,,
0.00035,2,211,16.305555555555557,587,-42.18704247222222,36,6.372725009918213,486,4.8500237464904785,,
0.00035,2,222,16.025,641,-41.881404925,40,5.450474739074707,540,4.746367454528809,,
0.00035,2,237,15.613636363636363,687,-40.276308954545456,44,5.850839614868164,586,5.264286994934082,,
0.00035,2,249,15.520833333333334,745,-39.65989422916667,48,5.346734046936035,644,4.619306564331055,,
0.00035,3,257,15.173076923076923,789,-38.79386107692308,52,4.743558883666992,688,5.666962146759033,,
0.00035,3,270,15.214285714285714,852,-39.22270375,56,4.690350532531738,751,5.094351768493652,,
0.00035,3,278,14.883333333333333,893,-38.167608816666664,60,5.541290283203125,792,5.9000244140625,,
0.00035,3,287,14.671875,939,-37.795296125,64,4.701241970062256,838,6.783766269683838,,
0.00035,3,302,14.558823529411764,990,-37.13535242647058,68,5.260852336883545,889,6.791828155517578,,
0.00035,3,311,14.430555555555555,1039,-36.77370202777778,72,5.696086883544922,938,6.996302604675293,,
0.00035,3,321,14.289473684210526,1086,-36.37402257894737,76,4.47241735458374,985,6.965237617492676,,
0.00035,3,331,14.175,1134,-36.184783175,80,4.912208080291748,1033,6.978620529174805,,
0.00035,3,341,14.095238095238095,1184,-35.92416566666667,84,5.402770519256592,1083,7.458797454833984,,
0.00035,3,351,14.034090909090908,1235,-35.661502920454545,88,6.554971694946289,1134,7.527867317199707,,
0.00035,3,365,13.923913043478262,1281,-35.36201002173913,92,5.600183486938477,1180,8.336931228637695,,
0.00035,3,376,13.927083333333334,1337,-35.32928997916667,96,5.635250568389893,1236,8.745061874389648,,
0.00035,3,387,13.96,1396,-35.18379876000001,100,4.889301300048828,1295,8.690977096557617,,
0.00035,3,398,13.03,1452,-30.118109219999997,104,5.81710958480835,1351,8.92984390258789,,
0.00035,3,408,13.04,1507,-30.26206901,108,8.241777420043945,1406,8.350236892700195,,
0.00035,3,426,13.41,1608,-32.445431770000006,112,7.740692138671875,1507,9.165868759155273,,
0.00035,3,456,14.72,1788,-37.94860053,116,6.792551040649414,1687,8.692010879516602,,
0.00035,3,472,14.83,1853,-38.5894619,120,8.224985122680664,1752,8.786863327026367,,
0.00035,3,485,14.99,1922,-38.3537163,124,6.839539051055908,1821,8.159782409667969,,
0.00035,4,506,15.8,2052,-41.31543003000001,128,6.172640800476074,1951,8.81123161315918,,
0.00035,4,516,15.83,2103,-41.575121149999994,132,7.614702224731445,2002,7.993300914764404,,
0.00035,4,525,15.68,2155,-41.50872976000001,136,6.9123430252075195,2054,8.265339851379395,,
0.00035,4,536,15.72,2213,-41.07836141,140,6.665411949157715,2112,7.380863189697266,,
0.00035,4,552,15.83,2270,-41.37221985,144,7.694411754608154,2169,8.410314559936523,,
0.00035,4,564,15.9,2335,-41.336927530000004,148,8.95644474029541,2234,8.965208053588867,,
0.00035,4,575,16.04,2393,-41.340242829999994,152,7.017850399017334,2292,7.5239081382751465,,
0.00035,4,588,16.16,2468,-41.162765179999994,156,8.989858627319336,2367,8.734498023986816,,
0.00035,4,599,16.41,2534,-41.61290852,160,9.993657112121582,2433,7.8270368576049805,,
0.00035,4,611,16.58,2597,-41.471404199999995,164,9.003988265991211,2496,8.474748611450195,,
0.00035,4,628,16.78,2668,-41.670648140000004,168,6.979090213775635,2567,6.531259536743164,,
0.00035,4,642,17.1,2749,-42.23710222,172,8.708597183227539,2648,8.025659561157227,,
0.00035,4,654,17.27,2813,-42.7223249,176,7.750784873962402,2712,7.910058498382568,,
0.00035,4,672,17.87,2921,-43.68654334,180,8.423500061035156,2820,7.580893516540527,,
0.00035,4,686,18.24,3008,-44.60985414999999,184,6.228134632110596,2907,7.00665283203125,,
0.00035,4,697,18.29,3064,-44.824814829999994,188,8.698934555053711,2963,7.716090679168701,,
0.00035,4,716,18.64,3145,-45.56070924999999,192,8.539798736572266,3044,7.362182140350342,,
0.00035,4,729,18.76,3213,-45.799973439999995,196,7.573884010314941,3112,7.6938066482543945,,
0.00035,4,740,18.79,3275,-45.676570600000005,200,6.158778190612793,3174,7.70072078704834,,
0.00035,4,750,18.72,3324,-45.77766156,204,8.513721466064453,3223,5.8665771484375,,
0.00035,4,760,18.72,3379,-46.00804872,208,6.00916862487793,3278,6.873069763183594,,
0.00035,4,773,18.4,3448,-43.94178425999999,212,7.750670433044434,3347,6.905527114868164,,
0.00035,4,786,17.34,3522,-38.36234861,216,5.317021369934082,3421,7.279656410217285,,
0.00035,4,820,18.44,3697,-42.51921920000001,220,7.728872299194336,3596,6.463147163391113,,
0.00035,4,835,18.54,3776,-41.6325098,224,7.727577209472656,3675,5.734792709350586,,
0.00035,4,848,17.94,3846,-38.97776953,228,7.452266693115234,3745,6.644042015075684,,
0.00035,4,868,18.62,3965,-38.56210795,232,6.887906074523926,3864,5.863137245178223,,
0.00035,4,887,19.22,4077,-40.13576659,236,5.932201385498047,3976,5.556791305541992,,
0.00035,4,921,20.71,4284,-43.86945016999999,240,7.561845779418945,4183,5.932419776916504,,
0.00035,4,968,22.77,4547,-49.77850139,244,6.751781463623047,4446,4.8758544921875,,
0.00035,4,1003,24.2,4755,-53.33454977999999,248,7.509726524353027,4654,6.231048107147217,,
0.00035,4,1062,27.16,5109,-63.523037990000006,252,8.203859329223633,5008,3.457768678665161,,
0.00035,4,1105,28.75,5343,-70.19130233,256,6.015475273132324,5242,2.7671403884887695,,
0.00035,4,1121,28.92,5426,-69.42829827999999,260,8.816871643066406,5325,3.1550207138061523,,
0.00035,4,1150,29.9,5587,-68.57907658,264,7.626913547515869,5486,3.2492284774780273,,
0.00035,4,1177,30.38,5706,-67.86876082,268,8.309513092041016,5605,3.394011974334717,,
0.00035,4,1195,30.57,5806,-67.14806198000001,272,8.559073448181152,5705,3.3337173461914062,,
0.00035,4,1210,30.79,5892,-66.59321871,276,9.117170333862305,5791,2.0001227855682373,,
0.00035,4,1230,30.8,6001,-65.06758590999999,280,8.241220474243164,5900,3.2773077487945557,,
0.00035,4,1244,30.67,6075,-64.19628891,284,9.215740203857422,5974,2.1782193183898926,,
0.00035,4,1257,30.81,6145,-64.07973739,288,9.202028274536133,6044,1.9958910942077637,,
0.00035,4,1276,30.82,6227,-63.02774136000001,292,8.875553131103516,6126,1.8819242715835571,,
0.00035,4,1298,31.38,6351,-61.19912949000001,296,5.962100982666016,6250,1.0741705894470215,,
0.00035,4,1315,31.71,6446,-60.666653909999994,300,8.518243789672852,6345,2.204096794128418,,
0.00035,4,1333,32.3,6554,-60.377170109999994,304,10.110742568969727,6453,1.2267967462539673,,
0.00035,4,1349,32.67,6646,-59.610895819999996,308,9.119908332824707,6545,1.999657392501831,,
0.00035,4,1373,33.41,6789,-58.464056340000006,312,9.929853439331055,6688,2.580216407775879,,
0.00035,4,1395,34.0,6922,-57.53326447000001,316,10.005977630615234,6821,1.1871395111083984,,
0.00035,4,1430,33.98,7095,-52.876923850000004,320,12.210453033447266,6994,1.1679532527923584,,
0.00035,4,1444,33.95,7171,-54.20802493,324,11.665094375610352,7070,0.7316552400588989,,
0.00035,4,1456,33.93,7239,-53.34068937999999,328,14.242101669311523,7138,0.8100448846817017,,
0.00035,4,1483,34.14,7379,-53.14457814999999,332,11.4327974319458,7278,-0.019086197018623352,,
0.00035,4,1507,34.47,7524,-49.87929639,336,12.10816764831543,7423,-0.08466106653213501,,
0.00035,4,1531,33.66,7650,-45.61697811999999,340,11.64693832397461,7549,0.15037091076374054,,
0.00035,4,1556,32.05,7752,-39.054910490000005,344,9.411492347717285,7651,-2.313203811645508,,
0.00035,5,1595,32.29,7984,-33.56226744,348,9.977002143859863,7883,-1.1120678186416626,,
0.00035,5,1614,30.01,8110,-22.99334712,352,11.179162979125977,8009,-1.5104618072509766,,
0.00035,5,1645,29.55,8298,-15.14756896,356,10.463499069213867,8197,-1.7955596446990967,,
0.00035,5,1680,30.99,8525,-13.910016949999997,360,13.250211715698242,8424,-2.078540802001953,,
0.00035,5,1721,31.6,8747,-12.818075560000002,364,16.09693717956543,8646,-3.550790309906006,,
0.00035,5,1823,35.99,9305,-7.640667070000001,368,11.459715843200684,9204,-3.9924659729003906,,
0.00035,5,1898,39.47,9753,-4.770888960000001,372,9.096780776977539,9652,-5.947829723358154,,
0.00035,5,1964,42.7,10162,-5.055950890000001,376,12.020004272460938,10061,-5.674654006958008,,
0.00035,5,2051,46.94,10695,0.9566077400000004,380,8.568321228027344,10594,-5.71475887298584,,
0.00035,5,2138,50.92,11167,4.12857502,384,12.321693420410156,11066,-8.135714530944824,,
0.00035,5,2266,58.24,11969,11.31894325,388,12.64332389831543,11868,-9.476480484008789,,
0.00035,5,2316,60.14,12241,13.032964599999996,392,8.71291446685791,12140,-8.526834487915039,,
0.00035,5,2485,68.81,13232,5.824763079999998,396,10.222315788269043,13131,-10.926666259765625,,
0.00035,5,2706,80.98,14544,11.98061316,400,8.46822452545166,14443,-9.235225677490234,,
0.00035,5,2918,92.51,15805,14.652074490000004,404,8.023164749145508,15704,-11.340282440185547,,
0.00035,5,3178,107.28,17374,15.35967842,408,8.084484100341797,17273,-13.2757568359375,,
0.00035,5,3354,116.01,18390,16.457941860000002,412,9.027008056640625,18289,-14.418641090393066,,
0.00035,5,3619,130.79,20001,24.52526045,416,10.567484855651855,19900,-12.423288345336914,,
0.00035,5,3733,136.13,20708,33.49958469,420,7.30361270904541,20607,-12.89027214050293,,
0.00035,5,4008,152.75,22446,54.593740509999996,424,7.0315375328063965,22345,-13.171632766723633,,
0.00035,5,4254,168.1,24049,74.37064194,428,8.557461738586426,23948,-14.136058807373047,,
0.00035,5,4405,176.25,25004,82.40639082000001,432,4.3150129318237305,24903,-14.87472152709961,,
0.00035,5,4854,202.59,27783,102.2713966,436,8.62203311920166,27682,-14.670241355895996,,
0.00035,5,5183,221.87,29837,137.81993455,440,5.5054755210876465,29736,-16.127548217773438,,
0.00035,5,5259,225.15,30267,141.91038131,444,7.3858232498168945,30166,-15.606626510620117,,
0.00035,5,5498,237.73,31757,153.81056795999996,448,5.818112373352051,31656,-16.340778350830078,,
0.00035,5,5865,259.93,34103,183.87518699000003,452,10.197850227355957,34002,-16.530752182006836,,
0.00035,5,6244,283.01,36599,205.72066117000003,456,10.245034217834473,36498,-17.919994354248047,,
0.00035,5,6509,299.9,38515,200.69441134000002,460,7.42844820022583,38414,-18.016551971435547,,
0.00035,5,6972,327.48,41495,230.16013022000007,464,10.914751052856445,41394,-17.68416404724121,,
0.00035,5,7307,342.61,43566,236.15693358000001,468,9.283919334411621,43465,-17.023012161254883,,
0.00035,5,7647,359.64,45717,245.01563281000003,472,16.168088912963867,45616,-17.207717895507812,,
0.00035,5,7902,371.24,47286,263.3177797,476,9.246630668640137,47185,-17.20599365234375,,
0.00035,5,8073,376.33,48328,266.47040766000003,480,8.75489330291748,48227,-18.627925872802734,,
0.00035,6,8441,396.28,50795,294.70600386999996,484,9.47482681274414,50694,-19.66119384765625,,
0.00035,6,9024,425.63,54532,331.6203989,488,9.266019821166992,54431,-20.24169158935547,,
0.00035,6,9112,428.41,55082,337.79456874000005,492,7.418919563293457,54981,-20.41678810119629,,
0.00035,6,9275,428.98,56130,354.8342683,496,8.985891342163086,56029,-20.553455352783203,,
0.00035,6,9528,432.65,57809,375.69307041,500,9.387199401855469,57708,-20.212520599365234,,
0.00035,6,9764,434.55,59260,394.33440558999996,504,7.566042900085449,59159,-19.873348236083984,,
0.00035,6,10146,443.09,61683,433.6664693,508,10.54935073852539,61582,-20.935077667236328,,
0.00035,6,10297,442.54,62644,445.70616663,512,7.895281791687012,62543,-20.35455894470215,,
0.00035,6,10682,450.52,65053,459.6746434599999,516,11.629775047302246,64952,-21.013187408447266,,
0.00035,6,10871,455.81,66289,468.19281357999995,520,7.225166320800781,66188,-20.595165252685547,,
0.00035,6,11248,461.86,68632,477.382993,524,12.497407913208008,68531,-20.950260162353516,,
0.00035,6,11643,470.22,71071,483.3043415599999,528,7.305265426635742,70970,-24.006385803222656,,
0.00035,6,12123,488.89,73893,519.13259541,532,6.801940441131592,73792,-21.79815673828125,,
0.00035,6,12619,492.37,77020,540.66393145,536,6.071088790893555,76919,-23.358173370361328,,
0.00035,6,12983,493.68,79205,536.85217926,540,9.212615013122559,79104,-22.408302307128906,,
0.00035,6,13528,523.54,82621,575.10998338,544,9.499967575073242,82520,-21.905658721923828,,
0.00035,6,13970,536.01,85358,595.98012619,548,8.936470031738281,85257,-20.953880310058594,,
0.00035,6,14192,526.89,86792,588.30496292,552,7.2075324058532715,86691,-22.977319717407227,,
0.00035,6,14716,535.45,90144,616.91382973,556,6.7164306640625,90043,-22.38162612915039,,
0.00035,6,15221,547.9,93305,670.9515300099999,560,5.981446266174316,93204,-21.55916976928711,,
0.00035,6,16003,552.41,96736,694.95245346,564,5.9926629066467285,96635,-22.16219139099121,,
0.00035,6,16487,559.46,99512,732.12073797,568,4.5600690841674805,99411,-23.869640350341797,,
0.00035,,,,100000,,,5.2487945556640625,99899,-22.730587005615234,2272.8006416,845.2
0.00035,5,17157,552.99,101016,738.4297770400001,572,6.240683555603027,100915,-23.63300323486328,,
0.00035,5,17401,560.31,103317,751.0127105199999,576,7.737011909484863,103216,-22.903915405273438,,
0.00035,6,17765,586.04,106932,810.7157122699999,580,7.323467254638672,106831,-24.88321876525879,,
0.00035,6,17928,576.51,108446,806.91769196,584,7.471585273742676,108345,-23.87874412536621,,
0.00035,6,18154,559.81,110513,800.0293312099999,588,7.979584693908691,110412,-24.95990753173828,,
0.00035,6,18480,588.2,113902,858.9026337600001,592,6.1061859130859375,113801,-23.467287063598633,,
0.00035,6,18692,597.96,115926,869.3280975499998,596,8.605963706970215,115825,-24.4630126953125,,
0.00035,6,18789,591.97,117006,863.3714963999998,600,6.150944709777832,116905,-24.100971221923828,,
0.00035,6,18993,599.46,119206,891.7383524,604,12.122404098510742,119105,-24.12114906311035,,
0.00035,6,19169,593.33,121016,890.7106350800001,608,8.8533296585083,120915,-26.192171096801758,,
0.00035,6,19443,612.32,123876,939.7024967300001,612,7.335582733154297,123775,-24.830703735351562,,
0.00035,6,19775,618.6,126913,983.0257682499999,616,7.354762077331543,126812,-25.9355525970459,,
0.00035,6,20154,640.53,130342,1039.5630831899998,620,5.438999176025391,130241,-26.662904739379883,,
0.00035,6,20415,640.84,132716,1053.96199459,624,6.316871643066406,132615,-26.148000717163086,,
0.00035,6,20548,629.7,134041,1043.04359121,628,5.13648796081543,133940,-26.148380279541016,,
0.00035,6,20900,633.93,137286,1079.15908166,632,5.925298690795898,137185,-26.48668670654297,,
0.00035,6,21092,620.81,139101,1075.7198245900001,636,6.847139358520508,139000,-25.751602172851562,,
0.00035,6,21412,630.06,142211,1101.45139207,640,4.221166133880615,142110,-27.281391143798828,,
0.00035,6,21627,617.19,144340,1099.206509,644,8.824444770812988,144239,-26.357166290283203,,
0.00035,6,21946,622.96,147654,1140.86643133,648,4.4104156494140625,147553,-26.73876953125,,
0.00035,6,22093,623.03,149095,1152.97456676,652,7.008329391479492,148994,-26.43581199645996,,
0.00035,6,22316,610.04,151148,1130.79421218,656,6.333705425262451,151047,-26.877012252807617,,
0.00035,6,22879,613.03,154608,1165.78195322,660,4.806580543518066,154507,-26.6159610748291,,
0.00035,6,23132,602.55,156991,1163.0085058299999,664,5.152517795562744,156890,-27.958045959472656,,
0.00035,6,23481,612.04,160716,1206.6273605200001,668,9.537019729614258,160615,-26.799724578857422,,
0.00035,6,23605,609.44,161960,1214.00350213,672,5.146238803863525,161859,-27.81717300415039,,
0.00035,6,23805,607.17,164034,1229.52673835,676,7.340756416320801,163933,-26.96636390686035,,
0.00035,6,24043,596.59,166591,1220.5687248699999,680,6.100675582885742,166490,-28.330842971801758,,
0.00035,6,24209,598.2,168266,1232.9818688700002,684,4.699582576751709,168165,-26.997650146484375,,
0.00035,6,24519,608.37,171350,1263.26244672,688,4.038225173950195,171249,-26.723339080810547,,
0.00035,7,24832,605.56,174458,1263.92393726,692,3.75736665725708,174357,-27.045055389404297,,
0.00035,7,25041,606.71,176597,1292.86320813,696,3.6821951866149902,176496,-28.197175979614258,,
0.00035,7,25436,633.91,180397,1370.4978691300003,700,3.4058914184570312,180296,-28.60287857055664,,
0.00035,7,25627,630.84,182290,1364.0085485999998,704,3.5770373344421387,182189,-27.66020393371582,,
0.00035,7,25982,647.07,185723,1416.0513894900002,708,3.8332762718200684,185622,-27.792156219482422,,
0.00035,7,26408,658.47,189723,1450.86755854,712,1.958242654800415,189622,-28.82571029663086,,
0.00035,7,26743,661.9,193103,1477.2585703599998,716,5.449929237365723,193002,-28.68868637084961,,
0.00035,7,27167,668.48,197190,1503.69242764,720,2.37288761138916,197089,-28.353490829467773,,
0.00035,,,,200000,,,3.052279472351074,199899,-28.087562561035156,1779.2742144,606.6
0.00035,7,27922,688.87,201603,1571.62338828,724,3.7968733310699463,201502,-29.23202896118164,,
0.00035,7,28161,698.75,203916,1614.0753646900002,728,2.753225326538086,203815,-29.214012145996094,,
0.00035,7,28299,679.19,205205,1565.7394770500002,732,2.526752233505249,205104,-29.6553955078125,,
0.00035,7,28603,690.14,208115,1602.7633861200002,736,4.515422344207764,208014,-28.976917266845703,,
0.00035,7,28919,689.3,211141,1619.4708443800002,740,3.605806350708008,211040,-28.860294342041016,,
0.00035,7,29267,703.27,214667,1657.11081711,744,1.9985158443450928,214566,-29.762388229370117,,
0.00035,7,29532,695.04,217158,1626.55533009,748,2.367709159851074,217057,-28.909780502319336,,
0.00035,7,29810,701.66,219261,1634.91167366,752,10.35023307800293,219160,-28.52655029296875,,
0.00035,7,31044,704.44,221592,1665.0452455400002,756,4.823132514953613,221491,-28.471450805664062,,
0.00035,7,31360,702.35,224843,1651.94902744,760,5.478675365447998,224742,-29.216712951660156,,
0.00035,7,31656,708.17,227808,1674.6196707999998,764,4.935471057891846,227707,-28.837862014770508,,
0.00035,7,31901,694.27,230143,1641.0819345800003,768,6.342037200927734,230042,-29.38068962097168,,
0.00035,7,32277,718.6,233820,1714.94971307,772,2.078866481781006,233719,-28.987224578857422,,
0.00035,7,32572,727.53,236787,1750.91804539,776,1.6563204526901245,236686,-30.019691467285156,,
0.00035,7,32887,728.06,239397,1763.56132451,780,1.9826449155807495,239296,-29.455078125,,
0.00035,7,33187,739.36,242202,1801.01755377,784,3.326154947280884,242101,-28.970611572265625,,
0.00035,7,33370,725.66,243916,1782.06798909,788,2.1528966426849365,243815,-30.08261489868164,,
0.00035,7,33665,722.18,246676,1775.25102587,792,2.073660373687744,246575,-29.480789184570312,,
0.00035,7,33876,721.2,248717,1778.43221161,796,2.3073716163635254,248616,-29.956966400146484,,
0.00035,7,34225,717.04,252101,1771.7908200399997,800,2.1592578887939453,252000,-30.021934509277344,,
0.00035,7,34497,722.88,254578,1783.64744071,804,1.4085962772369385,254477,-29.234600067138672,,
0.00035,7,34909,728.57,258580,1806.60647748,808,1.6312495470046997,258479,-31.00177001953125,,
0.00035,7,35186,715.64,261287,1782.67989512,812,1.5636940002441406,261186,-29.550588607788086,,
0.00035,7,35568,720.85,265188,1809.54134306,816,5.02626371383667,265087,-29.742191314697266,,
0.00035,7,35871,712.12,268402,1796.8754238,820,2.8283004760742188,268301,-30.42855453491211,,
0.00035,7,36201,702.69,271872,1765.5725298199998,824,2.591646194458008,271771,-30.491445541381836,,
0.00035,7,36463,704.85,274401,1762.1067753400002,828,1.2910655736923218,274300,-30.691516876220703,,
0.00035,7,36650,709.71,276176,1763.5144147100002,832,2.2429285049438477,276075,-30.666330337524414,,
0.00035,7,36905,706.22,278737,1751.9855447099999,836,1.9978196620941162,278636,-30.37285614013672,,
0.00035,7,37263,710.61,282202,1769.2530122300002,840,2.6699562072753906,282101,-30.43140411376953,,
0.00035,7,37642,712.1,285877,1791.1427735500004,844,2.587247848510742,285776,-29.427886962890625,,
0.00035,7,38029,726.63,289821,1851.8108875900004,848,1.6298772096633911,289720,-29.713743209838867,,
0.00035,7,38442,745.6,293821,1911.7293168200003,852,6.283048629760742,293720,-29.39879608154297,,
0.00035,7,38789,755.94,297186,1930.5838070199998,856,5.417051792144775,297085,-29.784189224243164,,
0.00035,,,,300000,,,1.679701805114746,299899,-30.538780212402344,2730.3735114,980.6
0.00035,7,39732,765.86,301429,1966.33866591,860,2.156332492828369,301328,-30.763328552246094,,
0.00035,7,39994,761.06,303914,1959.06933744,864,6.1082892417907715,303813,-30.115249633789062,,
0.00035,7,40411,777.74,307917,2012.5916694300001,868,2.409388542175293,307816,-30.473386764526367,,
0.00035,7,40774,776.91,311511,2015.9590267200003,872,3.614175319671631,311410,-30.351810455322266,,
0.00035,7,41054,774.96,314283,2009.8853709900002,876,1.5771675109863281,314182,-30.75829315185547,,
0.00035,7,41405,785.8,317977,2039.0370410500002,880,4.557268142700195,317876,-30.262489318847656,,
0.00035,7,41763,795.78,321780,2074.7075195400002,884,3.099012851715088,321679,-30.130395889282227,,
0.00035,7,41990,802.77,324193,2096.79894983,888,1.3998417854309082,324092,-30.925609588623047,,
0.00035,7,42392,815.17,328193,2158.15309097,892,1.5920743942260742,328092,-31.20819664001465,,
0.00035,7,42698,824.89,331206,2190.08181774,896,5.969565391540527,331105,-31.524974822998047,,
0.00035,7,43077,827.3,334831,2207.48041597,900,2.234288215637207,334730,-31.48981285095215,,
0.00035,7,43456,837.89,338367,2252.29810906,904,2.3345866203308105,338266,-31.460712432861328,,
0.00035,7,43839,836.54,342234,2247.1684753600002,908,5.61737060546875,342133,-31.522262573242188,,
0.00035,7,44100,836.54,344941,2250.1616271700004,912,2.3758888244628906,344840,-31.760311126708984,,
0.00035,7,44396,827.68,347956,2220.3815837200004,916,1.771889567375183,347855,-31.504497528076172,,
0.00035,7,44801,835.54,351956,2253.92071143,920,0.9391312599182129,351855,-30.737415313720703,,
0.00035,7,45102,829.7,354842,2258.63807032,924,1.2324132919311523,354741,-31.790599822998047,,
0.00035,7,45515,844.41,358842,2322.02970189,928,1.734846830368042,358741,-31.660274505615234,,
0.00035,7,45913,864.85,362661,2402.43133839,932,1.5407288074493408,362560,-31.275117874145508,,
0.00035,7,46195,867.41,365478,2424.05723519,936,3.9707744121551514,365377,-31.77396011352539,,
0.00035,7,46536,867.23,368925,2418.73269205,940,1.8980255126953125,368824,-31.68582534790039,,
0.00035,7,46901,868.09,372686,2428.4925585799997,944,2.444753646850586,372585,-31.244369506835938,,
0.00035,7,47212,858.78,375699,2403.9363366999996,948,2.1245381832122803,375598,-32.021087646484375,,
0.00035,7,47462,842.9,378111,2374.08171555,952,2.8614981174468994,378010,-31.38955307006836,,
0.00035,7,47827,829.62,380148,2357.75597896,956,1.1711575984954834,380047,-30.619625091552734,,
0.00035,7,49028,822.21,383650,2345.3567813899995,960,1.3308916091918945,383549,-32.465126037597656,,
0.00035,7,49327,827.5,386664,2368.5523709999998,964,1.6310255527496338,386563,-32.35005187988281,,
0.00035,7,50738,820.59,389976,2356.14007613,968,8.687884330749512,389875,-31.045482635498047,,
0.00035,7,51284,819.62,393473,2357.20468624,972,0.8757771849632263,393372,-32.40592575073242,,
0.00035,7,51887,831.45,397428,2390.26078165,976,10.179292678833008,397327,-31.615745544433594,,
0.00035,,,,400000,,,1.816516399383545,399899,-32.169189453125,2346.1046982,723.4
0.00035,7,53146,840.23,402000,2428.29702474,980,0.9459702372550964,401899,-32.517608642578125,,
0.00035,7,53518,825.9,404370,2387.96635826,984,1.8727517127990723,404269,-32.51770782470703,,
0.00035,7,54048,834.84,407677,2413.25052253,988,1.569507122039795,407576,-32.35723114013672,,
0.00035,7,54689,834.84,411677,2416.28434388,992,0.6113412380218506,411576,-32.722381591796875,,
0.00035,7,55179,836.84,414890,2416.17908023,996,1.0346875190734863,414789,-33.14565658569336,,
0.00035,7,55644,831.83,418014,2398.20930902,1000,0.6652390956878662,417913,-32.63504409790039,,
0.00035,7,56087,826.58,421025,2390.7118630100003,1004,1.1708528995513916,420924,-32.730079650878906,,
0.00035,7,56681,827.91,425025,2405.7369730100004,1008,0.9794924855232239,424924,-33.36967849731445,,
0.00035,7,56847,812.49,426190,2361.65524108,1012,0.9181074500083923,426089,-32.283058166503906,,
0.00035,7,57177,804.83,428439,2323.75161052,1016,1.482919692993164,428338,-32.29743957519531,,
0.00035,7,57652,795.01,431457,2297.6911312599996,1020,0.6400641798973083,431356,-32.732845306396484,,
0.00035,7,58132,796.26,434468,2305.49200331,1024,2.9178571701049805,434367,-33.32865524291992,,
0.00035,7,58830,786.53,437495,2275.6129551,1028,0.7733087539672852,437394,-32.86951446533203,,
0.00035,7,59366,782.6,440921,2270.60678509,1032,1.2967849969863892,440820,-31.654693603515625,,
0.00035,7,61382,791.12,444590,2299.18478873,1036,1.0892187356948853,444489,-33.06175994873047,,
0.00035,7,61904,789.07,447832,2295.30581928,1040,0.8359878063201904,447731,-32.56309509277344,,
0.00035,7,62532,791.46,451832,2311.16623515,1044,1.3470748662948608,451731,-32.95818328857422,,
0.00035,7,63056,797.96,455495,2348.26799243,1048,1.0299201011657715,455394,-33.086151123046875,,
0.00035,7,63661,813.84,459495,2400.4361261,1052,5.875599384307861,459394,-33.25324249267578,,
0.00035,7,64122,823.75,462523,2432.1764624400003,1056,0.997944176197052,462422,-32.858436584472656,,
0.00035,7,64688,828.73,466523,2463.04267916,1060,0.7375108003616333,466422,-32.440643310546875,,
0.00035,7,65274,838.59,470523,2498.4350188999997,1064,2.731283187866211,470422,-33.0538444519043,,
0.00035,7,65853,845.47,474523,2526.60469666,1068,0.520622730255127,474422,-33.752132415771484,,
0.00035,7,66475,850.5,478523,2552.30556336,1072,0.887178897857666,478422,-33.35332489013672,,
0.00035,7,66939,841.11,481539,2542.49380983,1076,4.299968719482422,481438,-33.75343704223633,,
0.00035,7,67467,827.91,484791,2505.09146856,1080,1.2789433002471924,484690,-32.92625045776367,,
0.00035,7,68124,844.21,488791,2557.6750975200002,1084,4.888833999633789,488690,-34.0,,
0.00035,7,68737,848.86,492563,2579.7211235,1088,1.9090688228607178,492462,-33.63587951660156,,
0.00035,7,69386,848.86,496563,2577.09536655,1092,0.986187219619751,496462,-33.032318115234375,,
0.00035,7,69779,841.12,499002,2564.1632104500004,1096,0.8164174556732178,498901,-34.29269027709961,,
0.00035,,,,500000,,,4.99100399017334,499899,-33.4219970703125,2036.5317762,694.4
0.00035,7,70803,840.99,502113,2560.66673127,1100,2.4544308185577393,502012,-32.57145309448242,,
0.00035,7,71265,838.82,504907,2546.96664435,1104,0.6327095627784729,504806,-34.051692962646484,,
0.00035,6,74574,832.16,508241,2527.44235614,1108,1.6005812883377075,508140,-33.56818389892578,,
0.00035,6,75073,853.72,511562,2600.0101804299998,1112,5.112637996673584,511461,-33.98273468017578,,
0.00035,6,75568,862.75,514714,2648.82316016,1116,0.734419584274292,514613,-33.87994384765625,,
0.00035,6,76078,865.97,518054,2659.9585621800006,1120,1.5748701095581055,517953,-34.000572204589844,,
0.00035,6,76492,862.45,520713,2649.5206734500007,1124,7.557256698608398,520612,-33.66560363769531,,
0.00035,6,77117,872.18,524713,2688.8639417199993,1128,0.8263146877288818,524612,-34.598148345947266,,
0.00035,6,77526,864.43,527364,2664.27380081,1132,0.8474618196487427,527263,-33.26313781738281,,
0.00035,6,78054,861.98,530788,2658.6557689100005,1136,4.921078205108643,530687,-34.319732666015625,,
0.00035,6,78597,865.82,534414,2686.64601578,1140,6.038883209228516,534313,-34.19753646850586,,
0.00035,6,79187,862.33,538065,2668.66272181,1144,1.118715763092041,537964,-33.44403839111328,,
0.00035,6,79809,865.7,542065,2674.1825215000003,1148,0.8109060525894165,541964,-34.27520751953125,,
0.00035,6,80202,852.19,544714,2630.4104236000003,1152,0.7035287618637085,544613,-34.070960998535156,,
0.00035,6,80796,861.91,548714,2662.94421691,1156,0.9087852835655212,548613,-34.1773681640625,,
0.00035,6,81379,861.91,552714,2662.9374814800003,1160,1.539086937904358,552613,-33.89794921875,,
0.00035,6,81968,859.65,556488,2655.7906554799997,1164,1.4462836980819702,556387,-33.97373580932617,,
0.00035,6,82588,859.65,560488,2654.7673879000004,1168,1.6872589588165283,560387,-34.160552978515625,,
0.00035,6,83208,859.65,564488,2652.89305819,1172,2.006485939025879,564387,-33.58197021484375,,
0.00035,6,83824,869.51,568490,2679.18965039,1176,0.7246729135513306,568389,-34.001976013183594,,
0.00035,6,84450,876.99,572490,2697.5136875,1180,0.62967848777771,572389,-34.07658386230469,,
0.00035,6,85068,875.12,576303,2693.54785548,1184,0.8790538907051086,576202,-34.35631561279297,,
0.00035,6,85639,865.24,579087,2656.4686682500005,1188,5.6343793869018555,578986,-33.81425476074219,,
0.00035,6,86414,864.53,583016,2658.62550161,1192,1.0908565521240234,582915,-32.733272552490234,,
0.00035,6,86837,862.03,585205,2655.1819423099996,1196,0.7896596193313599,585104,-33.2027587890625,,
0.00035,6,87432,861.01,588214,2662.17363408,1200,1.1543740034103394,588113,-33.33852005004883,,
0.00035,6,87848,854.49,590356,2649.5356578,1204,0.48264068365097046,590255,-34.527984619140625,,
0.00035,6,88595,861.15,594356,2647.13557664,1208,0.6074638366699219,594255,-32.82379913330078,,
0.00035,6,89310,867.94,598356,2674.605263169999,1212,0.8546339273452759,598255,-33.225128173828125,,
0.00035,,,,600000,,,0.8940982818603516,599899,-33.595252990722656,3215.4785364,1000.0
0.00035,6,90858,873.51,602065,2694.2111060600005,1216,0.5443294048309326,601964,-34.06135559082031,,
0.00035,6,91441,870.23,605077,2681.1975849600008,1220,5.531741619110107,604976,-33.00745391845703,,
0.00035,6,92208,883.64,609077,2730.8725594000002,1224,0.7373517751693726,608976,-34.19041442871094,,
0.00035,6,92963,883.64,613077,2729.53286286,1228,0.9238805174827576,612976,-33.991676330566406,,
0.00035,6,93711,897.14,617078,2771.17376172,1232,4.224729061126709,616977,-33.777076721191406,,
0.00035,6,94452,902.9,621078,2787.82104146,1236,0.652642011642456,620977,-33.879703521728516,,
0.00035,6,95176,905.39,624953,2791.02435854,1240,4.286440849304199,624852,-33.61322021484375,,
0.00035,6,95865,906.47,628712,2801.94176385,1244,0.6157146692276001,628611,-33.7336540222168,,
0.00035,6,96652,906.47,632712,2806.6590402600004,1248,1.8299517631530762,632611,-33.64094543457031,,
0.00035,6,97383,916.5,636364,2843.232940440001,1252,0.5119178295135498,636263,-33.120079040527344,,
0.00035,6,98597,897.67,638481,2778.88292652,1256,0.9100171327590942,638380,-33.99454116821289,,
0.00035,6,99613,897.67,642481,2779.07144427,1260,0.5575392246246338,642380,-33.359249114990234,,
0.00035,6,100175,882.26,644714,2720.95418994,1264,1.1562161445617676,644613,-33.384864807128906,,
0.00035,6,100772,866.64,647152,2666.8670658099995,1268,1.032977819442749,647051,-34.30303955078125,,
0.00035,6,101722,866.64,651152,2667.68643646,1272,0.7553063631057739,651051,-33.178279876708984,,
0.00035,6,102459,856.76,654166,2634.8736736700002,1276,0.6449710726737976,654065,-34.36384201049805,,
0.00035,6,103190,850.31,657521,2619.89826038,1280,0.8098976016044617,657420,-34.51741409301758,,
0.00035,6,103590,840.08,660311,2578.6953209099997,1284,5.20735502243042,660210,-33.546142578125,,
0.00035,6,104024,842.64,663351,2573.24328661,1288,4.9538092613220215,663250,-33.55573272705078,,
0.00035,6,104463,834.65,666481,2549.92050074,1292,5.835768699645996,666380,-32.78459167480469,,
0.00035,6,104931,845.86,669791,2583.9211456000003,1296,0.8443427085876465,669690,-33.67292022705078,,
0.00035,6,105496,855.77,673791,2619.2960622299997,1300,0.8118633031845093,673690,-32.882957458496094,,
0.00035,6,105959,867.01,677057,2659.021231179999,1304,0.8749274611473083,676956,-32.717567443847656,,
0.00035,6,106537,865.98,680954,2679.97576031,1308,0.44715428352355957,680853,-33.90900421142578,,
0.00035,6,106776,842.23,682579,2597.36519274,1312,1.5013631582260132,682478,-32.5352783203125,,
0.00035,6,107211,835.24,685589,2573.51073735,1316,0.9833360910415649,685488,-33.79734802246094,,
0.00035,6,107799,845.12,689589,2612.20405333,1320,0.6795036792755127,689488,-33.55852508544922,,
0.00035,6,108399,845.12,693589,2607.29643614,1324,0.9574205279350281,693488,-33.2833251953125,,
0.00035,6,108859,835.23,696600,2572.83183099,1328,1.8024475574493408,696499,-33.17617416381836,,
0.00035,,,,700000,,,2.483605146408081,699899,-33.67861557006836,2557.3417794,801.8
0.00035,6,110124,839.22,701000,2589.92454312,1332,0.9211867451667786,700899,-33.40020751953125,,
0.00035,6,110460,821.34,703212,2513.07766519,1336,2.081519842147827,703111,-34.5184440612793,,
0.00035,6,110707,798.76,704829,2434.80403242,1340,1.6266840696334839,704728,-33.76727294921875,,
0.00035,6,111799,796.61,708373,2427.45498808,1344,1.5654830932617188,708272,-33.29344940185547,,
