train/learning_rate,time/episodes,time/time_elapsed,train/ent_coef_loss,train/ent_coef,train/actor_loss,train/n_updates,time/fps,train/critic_loss,time/total_timesteps,eval/mean_reward,eval/mean_ep_length
0.0001,4,26,-7.751109600067139,0.099240243434906,0.46668076515197754,77,9,8.895120620727539,256,,
0.0001,8,115,-7.41267204284668,0.09824660420417786,3.006474018096924,180,3,2.5803537368774414,461,,
0.0001,12,130,-7.777695655822754,0.09692884236574173,3.557034492492676,314,5,3.1775598526000977,729,,
0.0001,16,147,-7.860434532165527,0.0957569107413292,3.2917938232421875,435,6,1.8269498348236084,971,,
0.0001,20,161,-7.809537887573242,0.09462203830480576,3.001652240753174,556,7,1.3649256229400635,1214,,
0.0001,24,176,-6.904111862182617,0.09347990900278091,3.466806411743164,678,8,1.8752390146255493,1457,,
0.0001,28,195,-7.593364238739014,0.09233132004737854,3.690849781036377,802,8,2.4748549461364746,1706,,
0.0001,32,208,-6.065674304962158,0.09140445291996002,4.0825514793396,910,9,1.4111027717590332,1921,,
0.0001,36,224,-7.232629776000977,0.09035743772983551,3.8687567710876465,1042,9,1.3606610298156738,2185,,
0.0001,40,235,-7.32063627243042,0.08968459069728851,4.067779541015625,1124,9,1.649135947227478,2349,,
0.0001,44,256,-7.004539489746094,0.088248111307621,4.782184600830078,1297,10,1.081544041633606,2696,,
0.0001,48,282,-7.156067371368408,0.08653830736875534,4.733619213104248,1509,11,2.7030692100524902,3119,,
0.0001,52,302,-7.35649299621582,0.08548733592033386,5.458506107330322,1641,11,2.3002936840057373,3383,,
0.0001,56,317,-6.981286525726318,0.08460966497659683,5.912413597106934,1748,11,1.399935007095337,3597,,
0.0001,60,333,-5.567223072052002,0.0835995301604271,6.515693187713623,1876,11,3.642052173614502,3853,,
0.0001,64,350,-6.9586639404296875,0.08254650980234146,7.034672737121582,2015,11,1.9715189933776855,4132,,
0.0001,68,376,-6.430510997772217,0.08086180686950684,6.671939849853516,2248,12,2.870281219482422,4598,,
0.0001,72,394,-6.132707118988037,0.07977239042520523,6.730903625488281,2401,12,1.4976956844329834,4903,,
0.0001,76,426,-5.826757907867432,0.07860610634088516,6.797279357910156,2573,12,2.542567729949951,5247,,
0.0001,80,455,-5.000823974609375,0.07718021422624588,8.273818969726562,2795,12,1.6065895557403564,5691,,
0.0001,84,461,-4.923455238342285,0.07701845467090607,7.559741497039795,2822,12,2.0903429985046387,5746,,
0.0001,88,494,-5.4113569259643555,0.07544223219156265,8.374288558959961,3075,12,3.8455615043640137,6251,,
0.0001,92,514,-5.579017639160156,0.07458890974521637,8.000916481018066,3214,12,4.930630207061768,6530,,
0.0001,96,556,-5.534209728240967,0.07294481992721558,9.314424514770508,3480,12,3.4229626655578613,7062,,
0.0001,100,585,-5.912077903747559,0.07179924845695496,7.916299819946289,3654,12,3.3449716567993164,7409,,
0.0001,104,603,-4.463046550750732,0.07085356116294861,9.695478439331055,3805,12,1.9790542125701904,7712,,
0.0001,108,631,-4.028820037841797,0.06922189891338348,9.471305847167969,4068,13,3.7633776664733887,8238,,
0.0001,112,646,-4.8051347732543945,0.06847745180130005,9.898824691772461,4190,13,3.5313892364501953,8481,,
0.0001,116,664,-4.238888263702393,0.06769531965255737,10.689682006835938,4328,13,1.3982489109039307,8758,,
0.0001,120,683,-4.100185394287109,0.06690271943807602,10.269107818603516,4468,13,1.7865478992462158,9037,,
0.0001,124,700,-4.902712345123291,0.06635478138923645,9.728515625,4572,13,5.305566787719727,9245,,
0.0001,128,722,-3.55114483833313,0.06580454111099243,10.334659576416016,4684,13,3.6214981079101562,9470,,
0.0001,132,750,-3.089859962463379,0.0650898739695549,10.166929244995117,4839,13,4.535122871398926,9779,,
0.0001,136,784,-4.31801700592041,0.06420164555311203,10.417469024658203,5032,12,1.5951226949691772,10166,,
0.0001,140,807,-2.7827188968658447,0.06365431100130081,9.32902717590332,5156,12,9.297097206115723,10414,,
0.0001,144,830,-2.5828161239624023,0.06301555037498474,9.708696365356445,5324,12,1.9975085258483887,10749,,
0.0001,148,858,-3.4279232025146484,0.06241772696375847,8.664602279663086,5491,12,6.730690002441406,11083,,
0.0001,152,872,-2.5536789894104004,0.06225931644439697,8.959857940673828,5538,12,1.6595933437347412,11178,,
0.0001,156,879,-1.447106122970581,0.06214460730552673,9.819293975830078,5577,12,4.730550765991211,11256,,
0.0001,160,887,-3.67561936378479,0.062033846974372864,9.760895729064941,5619,12,1.4095423221588135,11340,,
0.0001,164,896,-1.99290132522583,0.06188616901636124,8.58227252960205,5667,12,1.8997682332992554,11435,,
0.0001,168,902,-2.8100433349609375,0.0617762990295887,8.795304298400879,5700,12,1.7776811122894287,11501,,
0.0001,172,917,-2.214576244354248,0.061471160501241684,10.18284797668457,5786,12,12.624879837036133,11674,,
0.0001,176,929,-2.153634786605835,0.06134529039263725,10.161703109741211,5826,12,11.360480308532715,11753,,
0.0001,180,942,-2.400524854660034,0.06109170615673065,10.678895950317383,5907,12,4.795161724090576,11916,,
0.0001,184,959,-0.46765244007110596,0.06077287718653679,9.435372352600098,6014,12,4.086429595947266,12129,,
0.0001,188,979,-2.25697922706604,0.060407236218452454,8.027374267578125,6147,12,4.020411491394043,12396,,
0.0001,192,992,-0.5298957228660583,0.06014830991625786,10.390817642211914,6229,12,3.905697822570801,12559,,
0.0001,196,1005,-1.0176539421081543,0.059899162501096725,10.768865585327148,6312,12,3.463362455368042,12725,,
0.0001,200,1027,-2.514040231704712,0.059610284864902496,9.007515907287598,6426,12,7.750704765319824,12953,,
0.0001,204,1044,-0.8443995714187622,0.059285566210746765,9.806319236755371,6538,12,4.5759596824646,13178,,
0.0001,208,1050,-1.3701343536376953,0.05924583598971367,9.348260879516602,6566,12,8.899885177612305,13233,,
0.0001,212,1058,-1.1961807012557983,0.059110626578330994,10.467516899108887,6610,12,2.664658784866333,13321,,
0.0001,216,1066,-1.1200463771820068,0.058968961238861084,8.394370079040527,6653,12,4.571006774902344,13407,,
0.0001,220,1083,-0.5284246206283569,0.05869287997484207,9.504873275756836,6763,12,8.323165893554688,13628,,
0.0001,224,1091,-1.7912715673446655,0.05858316645026207,10.613048553466797,6808,12,3.5528781414031982,13717,,
0.0001,228,1104,-0.732744574546814,0.05841784179210663,8.993073463439941,6849,12,6.2903242111206055,13799,,
0.0001,232,1112,-1.3308011293411255,0.05823700502514839,9.765811920166016,6902,12,4.82680606842041,13906,,
0.0001,236,1121,-1.2460145950317383,0.05804057791829109,8.861053466796875,6953,12,4.385334014892578,14008,,
0.0001,240,1127,-2.012889862060547,0.057953543961048126,9.093500137329102,6983,12,2.8553550243377686,14068,,
0.0001,244,1134,-0.6439052820205688,0.05784839391708374,9.146573066711426,7015,12,2.97062087059021,14131,,
0.0001,248,1140,-0.8687077760696411,0.05772675201296806,8.775968551635742,7052,12,4.902194023132324,14205,,
0.0001,252,1158,-1.940185785293579,0.05747527256608009,8.0731782913208,7130,12,3.7598233222961426,14361,,
0.0001,256,1178,-3.0528903007507324,0.05700071156024933,7.590301513671875,7267,12,4.743922710418701,14636,,
0.0001,260,1190,-0.5139762759208679,0.05672631412744522,9.240287780761719,7334,12,5.624603748321533,14770,,
0.0001,264,1201,-2.72904109954834,0.056495301425457,7.887467861175537,7400,12,10.543018341064453,14902,,
0.0001,268,1209,0.09140008687973022,0.05628678575158119,9.144840240478516,7450,12,4.790863513946533,15001,,
0.0001,272,1223,-0.9174753427505493,0.055905431509017944,9.048910140991211,7539,12,1.713850736618042,15180,,
0.0001,276,1235,-2.689443588256836,0.05576533451676369,7.206586837768555,7579,12,4.243061542510986,15260,,
0.0001,280,1245,-0.4602935016155243,0.0555797703564167,8.172839164733887,7623,12,3.3754825592041016,15347,,
0.0001,284,1251,-2.1401658058166504,0.05549092963337898,8.723018646240234,7657,12,4.244027614593506,15416,,
0.0001,288,1268,-1.897207498550415,0.05507003143429756,8.828871726989746,7761,12,7.943671703338623,15623,,
0.0001,292,1278,-1.3160301446914673,0.05484594404697418,7.4878106117248535,7821,12,2.8954074382781982,15744,,
0.0001,296,1289,-1.1395454406738281,0.05458289384841919,6.968071937561035,7893,12,4.664361953735352,15888,,
0.0001,300,1306,-2.3369202613830566,0.054230984300374985,7.206537246704102,7959,12,4.863981246948242,16019,,
0.0001,304,1316,-2.1638131141662598,0.0539838932454586,7.100846290588379,8010,12,3.7399439811706543,16122,,
0.0001,308,1323,-1.8105590343475342,0.053811121731996536,6.2886881828308105,8047,12,4.118629455566406,16195,,
0.0001,312,1330,-2.935413360595703,0.05369818955659866,7.885946273803711,8080,12,6.735988616943359,16262,,
0.0001,316,1337,-1.7034586668014526,0.0535738430917263,6.701488494873047,8112,12,4.735928535461426,16326,,
0.0001,320,1346,-2.4940757751464844,0.05343728885054588,6.1975603103637695,8157,12,2.776770830154419,16415,,
0.0001,324,1355,-0.7691885232925415,0.05329836159944534,6.276012897491455,8201,12,7.916868686676025,16503,,
0.0001,328,1366,-2.2103466987609863,0.05317537859082222,6.693532943725586,8234,12,2.444807529449463,16570,,
0.0001,332,1384,-2.4533140659332275,0.05280240252614021,5.849431991577148,8327,12,1.814727783203125,16756,,
0.0001,336,1390,-1.6589734554290771,0.05264337733387947,5.9647297859191895,8362,12,3.408574104309082,16826,,
0.0001,340,1399,-1.2933827638626099,0.0524502694606781,6.460021018981934,8414,12,5.770152568817139,16929,,
0.0001,344,1407,-1.9220677614212036,0.05223451554775238,6.495626449584961,8456,12,2.920374870300293,17013,,
0.0001,348,1414,-1.9710209369659424,0.052040524780750275,6.738259315490723,8496,12,3.1220974922180176,17094,,
0.0001,352,1426,-1.723876714706421,0.05190629884600639,6.23307991027832,8530,12,6.90518045425415,17161,,
0.0001,356,1431,-1.2620201110839844,0.05180676281452179,7.10060977935791,8552,12,3.852747678756714,17205,,
0.0001,360,1438,-1.2760143280029297,0.05167359486222267,6.629228591918945,8583,12,5.449787616729736,17268,,
0.0001,364,1446,-2.3860886096954346,0.05151618644595146,5.539681434631348,8624,11,5.3875555992126465,17349,,
0.0001,368,1454,-0.9095798134803772,0.05127904564142227,6.329251289367676,8671,11,4.291230201721191,17444,,
0.0001,372,1462,-2.497807502746582,0.051019974052906036,5.503228187561035,8720,11,3.2983617782592773,17541,,
0.0001,376,1475,-1.6070520877838135,0.05077323317527771,4.783039093017578,8762,11,3.74790096282959,17626,,
0.0001,380,1480,-2.15476655960083,0.05065910890698433,6.5345587730407715,8785,11,4.145941257476807,17671,,
0.0001,384,1490,-1.3805804252624512,0.05038915202021599,6.600039482116699,8840,11,4.5343828201293945,17782,,
0.0001,388,1497,-1.3081409931182861,0.05025556683540344,5.548419952392578,8869,11,2.317253828048706,17840,,
0.0001,392,1508,0.8505335450172424,0.04991981014609337,6.455843925476074,8939,11,2.2065110206604004,17980,,
0.0001,396,1514,-1.0082000494003296,0.04979351535439491,5.197877883911133,8972,11,2.6988110542297363,18045,,
0.0001,400,1525,-1.1511075496673584,0.0496678464114666,5.837494373321533,9002,11,6.822381973266602,18106,,
0.0001,404,1532,-2.218207597732544,0.049510542303323746,5.2660980224609375,9038,11,4.428581237792969,18178,,
0.0001,408,1540,-0.7850421071052551,0.049296170473098755,5.736081123352051,9079,11,3.117021083831787,18259,,
0.0001,412,1549,-3.0409483909606934,0.049052894115448,4.828098297119141,9129,11,7.340685844421387,18359,,
0.0001,416,1562,-2.4445722103118896,0.04863404482603073,5.590021133422852,9206,11,3.1103315353393555,18513,,
0.0001,420,1570,-2.6000442504882812,0.048353441059589386,5.068469524383545,9252,11,4.295559883117676,18606,,
0.0001,424,1577,-3.3699951171875,0.048157863318920135,4.27263879776001,9287,11,5.701723098754883,18675,,
0.0001,428,1593,-2.6421337127685547,0.04778285697102547,4.903141021728516,9356,11,4.984586715698242,18814,,
0.0001,432,1603,-3.097862720489502,0.047473255544900894,4.299839019775391,9412,11,2.740835189819336,18926,,
0.0001,436,1610,-2.2563226222991943,0.047299664467573166,5.056535243988037,9447,11,2.7974395751953125,18996,,
0.0001,440,1620,-2.916409492492676,0.04693537577986717,4.354341506958008,9511,11,6.265174865722656,19123,,
0.0001,444,1626,-4.637467861175537,0.04677698761224747,4.436038494110107,9544,11,3.379781484603882,19190,,
0.0001,448,1635,-0.6993162035942078,0.04649082571268082,4.107128620147705,9596,11,4.646887302398682,19294,,
0.0001,452,1651,-2.1747593879699707,0.046166837215423584,4.58043098449707,9658,11,4.3490729331970215,19418,,
0.0001,456,1660,-2.359792709350586,0.0459396168589592,4.113584518432617,9707,11,3.32094144821167,19515,,
0.0001,460,1667,-2.610565662384033,0.045786771923303604,4.517129898071289,9745,11,2.7562520503997803,19592,,
0.0001,464,1675,-2.3320133686065674,0.04558749124407768,3.3521111011505127,9790,11,3.210638999938965,19681,,
0.0001,468,1685,-1.997488260269165,0.045347101986408234,4.703929424285889,9847,11,3.092726469039917,19795,,
0.0001,472,1694,-1.5347355604171753,0.04518697038292885,3.8881282806396484,9894,11,2.098268747329712,19889,,
0.0001,476,1711,-2.148568630218506,0.04486991837620735,3.908998489379883,9970,11,3.9795708656311035,20042,,
0.0001,480,1729,-3.244292736053467,0.044366247951984406,3.315295457839966,10080,11,3.072970390319824,20262,,
0.0001,484,1739,-2.4896810054779053,0.04404166340827942,3.402111768722534,10142,11,3.4830682277679443,20386,,
0.0001,488,1748,-2.8917365074157715,0.04377039894461632,3.9509658813476562,10197,11,3.426969051361084,20495,,
0.0001,492,1757,-2.002370595932007,0.04353848472237587,3.397822618484497,10250,11,2.9726552963256836,20601,,
0.0001,496,1766,-1.8991694450378418,0.043370410799980164,4.0059814453125,10298,11,5.1981401443481445,20698,,
0.0001,500,1786,-2.83420991897583,0.04300464317202568,2.8000574111938477,10391,11,5.262655735015869,20883,,
0.0001,504,1799,-0.08270874619483948,0.04272117093205452,3.4240565299987793,10471,11,3.169447422027588,21043,,
0.0001,508,1807,-1.92377769947052,0.04258551448583603,3.0089521408081055,10518,11,5.783651351928711,21138,,
0.0001,512,1816,-1.9042267799377441,0.0424281544983387,3.2801780700683594,10568,11,4.141919136047363,21238,,
0.0001,516,1822,-2.577953577041626,0.04235442355275154,3.223442554473877,10596,11,3.0816502571105957,21293,,
0.0001,520,1830,-1.5223395824432373,0.04225611314177513,4.110990524291992,10638,11,3.608398914337158,21377,,
0.0001,524,1842,-1.2134263515472412,0.04204459488391876,3.4551446437835693,10705,11,4.085354804992676,21512,,
0.0001,528,1855,-2.3383824825286865,0.04189382120966911,2.1701533794403076,10755,11,4.531516075134277,21611,,
0.0001,532,1862,-1.3371000289916992,0.04177047684788704,3.146226406097412,10797,11,2.358173370361328,21695,,
0.0001,536,1876,-2.396183729171753,0.0415484793484211,3.22402286529541,10876,11,4.797303199768066,21854,,
0.0001,540,1890,-2.04126238822937,0.0413036048412323,2.259387731552124,10973,11,2.893399715423584,22047,,
0.0001,544,1903,-2.167128324508667,0.04107421636581421,3.0372538566589355,11054,11,5.048730850219727,22209,,
0.0001,548,1911,-1.4583426713943481,0.04091298207640648,2.5645363330841064,11100,11,3.106334686279297,22301,,
0.0001,552,1929,-1.619086503982544,0.04071902483701706,2.9173333644866943,11174,11,3.462575912475586,22449,,
0.0001,556,1939,-1.2732737064361572,0.04059472680091858,2.267789363861084,11221,11,3.7192273139953613,22544,,
0.0001,560,1949,-1.9945600032806396,0.04045182466506958,2.8328609466552734,11268,11,3.454274892807007,22637,,
0.0001,564,1957,-0.4268149137496948,0.04034113138914108,2.9796905517578125,11312,11,2.700378894805908,22726,,
0.0001,568,1967,-1.7812594175338745,0.040201012045145035,1.989999771118164,11363,11,3.840529441833496,22827,,
0.0001,572,1986,-1.1873817443847656,0.03990037739276886,2.794222593307495,11481,11,4.556501865386963,23064,,
0.0001,576,1998,-1.0524524450302124,0.03980450704693794,2.488151788711548,11519,11,4.6864166259765625,23140,,
0.0001,580,2007,-2.4532551765441895,0.0396256148815155,2.966632843017578,11571,11,3.0538172721862793,23243,,
0.0001,584,2017,-0.7280913591384888,0.03940258175134659,2.3176779747009277,11627,11,4.854983329772949,23356,,
0.0001,588,2034,-3.4965713024139404,0.039085742086172104,1.6757488250732422,11738,11,3.534572124481201,23577,,
0.0001,592,2048,-1.480530858039856,0.03873307630419731,1.8151028156280518,11823,11,3.3676857948303223,23748,,
0.0001,596,2083,-1.4343146085739136,0.03791683539748192,1.467248797416687,12054,11,3.0717475414276123,24210,,
0.0001,600,2098,-1.8774141073226929,0.03775659576058388,1.308784008026123,12107,11,5.503990173339844,24316,,
0.0001,604,2111,-2.073150157928467,0.03747759014368057,1.9496338367462158,12185,11,3.690802574157715,24472,,
0.0001,608,2129,-1.42909574508667,0.03715239092707634,1.012142539024353,12281,11,4.562732696533203,24664,,
0.0001,612,2137,-1.1258689165115356,0.03706195205450058,2.098532199859619,12315,11,4.503490447998047,24731,,
0.0001,616,2145,-3.2030911445617676,0.036901313811540604,1.2453670501708984,12356,11,2.4421887397766113,24813,,
0.0001,620,2177,-3.049311637878418,0.03625062480568886,0.8927170038223267,12576,11,5.081429958343506,25253,,
0.0001,624,2215,-1.7951637506484985,0.03562525287270546,1.0096025466918945,12792,11,3.1132431030273438,25685,,
0.0001,628,2228,-1.6020410060882568,0.03549528121948242,2.2642393112182617,12836,11,4.502646446228027,25774,,
0.0001,632,2381,-1.605844259262085,0.03240722790360451,-1.0950130224227905,13862,11,3.6155872344970703,27826,,
0.0001,636,2424,-0.4591726064682007,0.031768202781677246,-0.9124146699905396,14127,11,4.812733173370361,28355,,
0.0001,640,2438,-0.6858747601509094,0.03154732659459114,-0.806124210357666,14214,11,3.7087674140930176,28529,,
0.0001,644,2469,-0.4544890820980072,0.031037164852023125,-0.6870350241661072,14427,11,2.3514883518218994,28956,,
0.0001,648,2581,-0.0908031016588211,0.02968110516667366,-4.0517168045043945,15188,11,1.7483108043670654,30478,,
0.0001,652,2641,-1.187693476676941,0.029266631230711937,-3.912097930908203,15535,11,1.745280146598816,31172,,
0.0001,656,2664,0.18023653328418732,0.029155800119042397,-3.82525372505188,15671,11,3.4995484352111816,31443,,
0.0001,660,2690,-0.9065502882003784,0.029234176501631737,-3.4441373348236084,15842,11,3.632802724838257,31785,,
0.0001,664,2726,1.0327926874160767,0.029290564358234406,-4.792561054229736,16083,11,2.447455406188965,32267,,
0.0001,668,2746,0.18943250179290771,0.02935362234711647,-4.118442058563232,16183,11,2.3955893516540527,32467,,
0.0001,672,2768,-0.05608280003070831,0.029480792582035065,-3.8103485107421875,16321,11,2.471683979034424,32743,,
0.0001,676,2899,0.19962981343269348,0.02954816073179245,-4.677655220031738,17086,11,3.5746233463287354,34273,,
0.0001,680,3049,0.8318593502044678,0.029208455234766006,-5.272568702697754,18100,11,2.287696361541748,36302,,
0.0001,684,3228,-0.17828409373760223,0.027256306260824203,-7.518194675445557,19249,11,2.990757465362549,38600,,
0.0001,688,3390,-1.809301733970642,0.024546196684241295,-5.767136096954346,20257,11,1.7757173776626587,40616,,
0.0001,692,3620,-1.9437899589538574,0.02093193307518959,-6.364654541015625,21769,12,2.265554904937744,43640,,
0.0001,696,3918,-1.6482675075531006,0.018020782619714737,-7.758755683898926,23768,12,1.475494623184204,47638,,
0.0001,700,4183,0.5468460321426392,0.017172640189528465,-8.225196838378906,25470,12,0.9298336505889893,51042,,
0.0001,704,4346,-0.14270713925361633,0.01732240989804268,-7.664726257324219,26712,12,2.5925703048706055,53526,,
0.0001,708,4553,-0.88143390417099,0.01569516956806183,-4.133916854858398,28218,12,0.6942914724349976,56538,,
0.0001,712,4806,-1.6028136014938354,0.013403682969510555,0.44261717796325684,30218,12,2.37074613571167,60538,,
0.0001,716,4998,-1.1783602237701416,0.01174403540790081,-1.2007718086242676,31729,12,0.4026980400085449,63560,,
0.0001,720,5196,-1.0790151357650757,0.010450063273310661,-2.2578284740448,33253,12,0.4949866235256195,66607,,
0.0001,724,5298,0.3038407564163208,0.01027414295822382,-3.4709811210632324,34020,12,0.47128403186798096,68142,,
0.0001,728,5453,-0.5461392402648926,0.010678009130060673,-6.389540672302246,35125,12,0.9360599517822266,70351,,
0.0001,732,5604,-0.7457726001739502,0.010982892476022243,-6.672469139099121,36260,12,0.5548302531242371,72622,,
0.0001,736,5741,-0.7414135336875916,0.01126246340572834,-3.9658055305480957,37293,13,0.6861955523490906,74687,,
0.0001,740,5948,-1.7045884132385254,0.010600505396723747,-2.459317445755005,38831,13,0.6948834657669067,77764,,
0.0001,744,6133,-2.0415916442871094,0.009045812301337719,-2.0203890800476074,40338,13,0.523614764213562,80777,,
0.0001,748,6323,-2.863546371459961,0.008367444388568401,-1.9850490093231201,41676,13,0.462249755859375,83454,,
0.0001,752,6537,-0.6766165494918823,0.00821108277887106,-3.171985387802124,43037,13,0.36760205030441284,86175,,
0.0001,756,6696,-0.025331303477287292,0.008425796404480934,-3.635167121887207,44100,13,0.736988365650177,88302,,
0.0001,760,6858,0.988298773765564,0.009241526946425438,-4.508148193359375,45193,13,0.5003725290298462,90487,,
0.0001,764,7078,1.4428380727767944,0.010430458933115005,-5.203904628753662,46612,13,0.5951588749885559,93326,,
0.0001,768,7321,0.2504808306694031,0.011426949873566628,-5.064064025878906,48131,13,3.5714168548583984,96363,,
0.0001,,,-0.5664933919906616,0.012025685049593449,-4.536367416381836,49949,,0.3974936306476593,100000,1190.7136172056519,891.8
0.0001,772,7979,-0.5209054946899414,0.012069976888597012,-3.919975757598877,50449,12,0.40027594566345215,101000,,
0.0001,776,8191,-1.0308653116226196,0.011651236563920975,-2.870192050933838,52040,12,0.3718429207801819,104181,,
0.0001,780,8277,0.4902369976043701,0.011673380620777607,-5.0252790451049805,52641,12,1.475562572479248,105384,,
0.0001,784,8341,1.4650514125823975,0.01165709923952818,-5.961169242858887,53124,12,1.2937614917755127,106350,,
0.0001,788,8403,-0.6656485795974731,0.011546853929758072,-6.061285018920898,53548,12,1.1056839227676392,107198,,
0.0001,792,8544,-0.26861220598220825,0.011533718556165695,-5.139398574829102,54656,12,1.5240652561187744,109414,,
0.0001,796,8696,0.3271702229976654,0.012615055777132511,-8.301519393920898,55618,12,0.7373319864273071,111337,,
0.0001,800,8722,0.34812164306640625,0.012856587767601013,-6.9868621826171875,55788,12,1.5037630796432495,111678,,
0.0001,804,8935,2.820535898208618,0.015173862688243389,-12.134038925170898,57255,12,1.3951106071472168,114611,,
0.0001,808,9240,0.050721555948257446,0.018205439671874046,-15.15746021270752,59255,12,1.2410832643508911,118611,,
0.0001,812,9434,0.6155577898025513,0.020489554852247238,-14.34471321105957,60523,12,1.4930106401443481,121148,,
0.0001,816,9559,1.5156190395355225,0.02145162783563137,-15.92674732208252,61319,12,1.0787475109100342,122739,,
0.0001,820,9746,0.4280755817890167,0.022849244996905327,-16.54535675048828,62577,12,1.332198143005371,125255,,
0.0001,824,9954,0.6600115299224854,0.023169776424765587,-13.742630004882812,64214,12,1.072195053100586,128530,,
0.0001,828,10097,-1.4677289724349976,0.021069681271910667,-7.8560075759887695,65340,12,2.1568665504455566,130781,,
0.0001,832,10274,-0.18259695172309875,0.0183210838586092,-6.503222465515137,66580,12,0.45061635971069336,133261,,
0.0001,836,10433,0.05270344018936157,0.01619931124150753,-2.5564541816711426,67804,13,0.8748552203178406,135709,,
0.0001,840,10671,-0.37237319350242615,0.0144058708101511,-4.737020492553711,69635,13,0.43201109766960144,139371,,
0.0001,844,10933,1.528700351715088,0.016205407679080963,-9.974282264709473,71635,13,1.1806647777557373,143371,,
0.0001,848,11229,1.2302815914154053,0.019477317109704018,-10.436697006225586,73635,13,0.48078081011772156,147371,,
0.0001,852,11401,0.8070557117462158,0.02184724621474743,-14.255758285522461,74781,13,0.9558766484260559,149664,,
0.0001,856,11615,1.1644401550292969,0.024190085008740425,-12.226730346679688,76195,13,2.0990591049194336,152492,,
0.0001,860,11812,0.2830316424369812,0.025959189981222153,-11.810991287231445,77533,13,2.392237663269043,155168,,
0.0001,864,12068,-0.3796006441116333,0.02902972511947155,-12.240852355957031,79236,13,1.17387855052948,158574,,
0.0001,868,12320,-1.5647202730178833,0.02745589055120945,-12.574295043945312,80858,13,1.3281389474868774,161818,,
0.0001,872,12503,-0.06575889885425568,0.02597784996032715,-14.527570724487305,82174,13,2.6631152629852295,164449,,
0.0001,876,12779,-1.305126428604126,0.023203149437904358,-13.8208646774292,84174,13,0.7461817264556885,168449,,
0.0001,880,13036,0.7962645888328552,0.02308221347630024,-13.11549186706543,86174,13,0.7664095163345337,172449,,
0.0001,884,13297,-0.09761476516723633,0.022248633205890656,-10.542078018188477,88022,13,0.5600907802581787,176146,,
0.0001,888,13503,0.3993130028247833,0.024363812059164047,-12.44582748413086,89666,13,6.4194817543029785,179434,,
0.0001,892,13703,-0.2091919183731079,0.027258045971393585,-11.166077613830566,91244,13,0.5880476236343384,182590,,
0.0001,896,13966,-1.013465404510498,0.03090556338429451,-13.242887496948242,92750,13,0.7755221128463745,185601,,
0.0001,900,14275,-1.3957983255386353,0.029491830617189407,-11.47385025024414,94750,13,0.6957133412361145,189601,,
0.0001,904,14510,-1.811909794807434,0.025383124127984047,-9.468915939331055,96256,13,0.4874539077281952,192613,,
0.0001,908,14757,-0.584735631942749,0.021830640733242035,-7.269335746765137,97874,13,2.505411386489868,195850,,
0.0001,912,15063,-0.3005329370498657,0.01829761266708374,-8.302176475524902,99874,13,1.5970022678375244,199850,,
0.0001,,,-1.5475552082061768,0.01814914308488369,-6.872064590454102,99949,,0.8917186856269836,200000,873.1443192388863,1000.0
0.0001,916,15766,-1.3821947574615479,0.01518445834517479,-8.010377883911133,101949,12,1.5565252304077148,204000,,
0.0001,920,16064,-1.22317636013031,0.012710251845419407,-6.533028602600098,103952,12,0.7563371062278748,208006,,
0.0001,924,16269,-0.8387560844421387,0.011953073553740978,-4.811458587646484,105328,12,0.7687851786613464,210758,,
0.0001,928,16482,0.2614712119102478,0.012863577343523502,-10.512838363647461,106752,12,1.0825074911117554,213606,,
0.0001,932,16613,2.71486496925354,0.01397570502012968,-12.92863941192627,107626,12,4.754319190979004,215353,,
0.0001,936,16801,2.927046060562134,0.016325142234563828,-19.45391845703125,108906,12,2.135632038116455,217914,,
0.0001,940,17083,1.983158826828003,0.020116811618208885,-20.6217098236084,110837,12,1.6956994533538818,221775,,
0.0001,944,17355,0.5314821600914001,0.022261234000325203,-15.124942779541016,112837,13,0.9035766124725342,225775,,
0.0001,948,17620,0.23507820069789886,0.019768089056015015,-9.67685317993164,114837,13,0.6935518980026245,229775,,
0.0001,952,17873,0.10450845956802368,0.016749147325754166,-9.113487243652344,116837,13,1.003023386001587,233775,,
0.0001,956,18059,1.7916759252548218,0.015792230144143105,-9.76364803314209,118196,13,1.1230794191360474,236493,,
0.0001,960,18220,1.1940351724624634,0.01680070161819458,-11.112532615661621,119430,13,3.4233663082122803,238961,,
0.0001,964,18506,0.08095728605985641,0.01948859915137291,-11.55618953704834,121430,13,2.4523372650146484,242961,,
0.0001,968,18809,-1.1591523885726929,0.020995179191231728,-12.308087348937988,123418,13,5.042551040649414,246937,,
0.0001,972,19105,0.6013813018798828,0.02428828738629818,-16.220115661621094,125419,13,0.6956183910369873,250940,,
0.0001,976,19315,0.7532232999801636,0.027259673923254013,-16.795963287353516,126855,13,1.9811205863952637,253812,,
0.0001,980,19550,-0.11549508571624756,0.028850367292761803,-15.966877937316895,128472,13,2.1559195518493652,257046,,
0.0001,984,19682,-0.4816640019416809,0.029604610055685043,-16.63153076171875,129351,13,1.0365209579467773,258803,,
0.0001,988,19849,0.8079288005828857,0.02837524376809597,-12.958256721496582,130415,13,0.9931235313415527,260931,,
0.0001,992,19976,-1.8763246536254883,0.027396151795983315,-10.549598693847656,131244,13,1.1596797704696655,262590,,
0.0001,996,20261,1.9797042608261108,0.026801684871315956,-13.114662170410156,133127,13,9.077776908874512,266355,,
0.0001,1000,20446,1.0041868686676025,0.029658420011401176,-16.196352005004883,134399,13,4.912793159484863,268899,,
0.0001,1004,20750,0.2671891450881958,0.034465491771698,-19.431171417236328,136399,13,1.0538891553878784,272899,,
0.0001,1008,21045,1.0487945079803467,0.03593602031469345,-19.270662307739258,138399,13,2.4693403244018555,276899,,
0.0001,1012,21191,-0.0554574579000473,0.03636746108531952,-19.720247268676758,139442,13,0.9694162607192993,278986,,
0.0001,1016,21494,-1.2838740348815918,0.03219645470380783,-13.154647827148438,141453,13,1.3340551853179932,283008,,
0.0001,1020,21584,-0.3024052083492279,0.03212743252515793,-16.519317626953125,142083,13,1.3336107730865479,284267,,
0.0001,1024,21744,0.08275569975376129,0.03298942372202873,-17.519433975219727,143105,13,1.8025128841400146,286312,,
0.0001,1028,22034,1.006196141242981,0.03611105680465698,-15.581616401672363,145105,13,1.6551536321640015,290312,,
0.0001,1032,22330,0.003571130335330963,0.03942496329545975,-16.113597869873047,147105,13,1.6298092603683472,294312,,
0.0001,1036,22623,-0.3849787712097168,0.038345176726579666,-17.796642303466797,149105,13,1.0652257204055786,298312,,
0.0001,,,-0.6600635051727295,0.03664979711174965,-19.591655731201172,149949,,1.2604888677597046,300000,2216.4983303211657,802.2
0.0001,1040,23176,-0.13484469056129456,0.03493594750761986,-17.532657623291016,150781,13,0.8721153736114502,301664,,
0.0001,1044,23461,-0.3805544376373291,0.033090803772211075,-17.69989013671875,152682,13,3.1253502368927,305466,,
0.0001,1048,23768,-0.5547752380371094,0.032535914331674576,-20.850271224975586,154688,13,1.6661168336868286,309477,,
0.0001,1052,24051,-0.09047558903694153,0.0349554680287838,-20.098037719726562,156688,13,1.437744140625,313477,,
0.0001,1056,24216,-0.29146474599838257,0.03633572533726692,-18.011045455932617,157814,13,6.531754493713379,315729,,
0.0001,1060,24432,-0.410563200712204,0.03522828221321106,-16.804973602294922,159216,13,1.0487406253814697,318533,,
0.0001,1064,24721,0.0691855326294899,0.03315554931759834,-19.869853973388672,161216,13,0.8978896737098694,322533,,
0.0001,1068,25014,0.5882415175437927,0.032982781529426575,-14.963476181030273,163216,13,1.028395175933838,326533,,
0.0001,1072,25188,-0.0016795024275779724,0.03472084924578667,-15.974481582641602,164416,13,0.879982590675354,328934,,
0.0001,1076,25475,0.041601285338401794,0.03499065712094307,-13.968090057373047,166417,13,0.9987205266952515,332935,,
0.0001,1080,25683,-0.3642188310623169,0.0329747311770916,-10.735918045043945,167843,13,0.96177738904953,335788,,
0.0001,1084,25968,-0.36470744013786316,0.03394921496510506,-12.889461517333984,169847,13,6.967147350311279,339796,,
0.0001,1088,26170,1.2513840198516846,0.0384853258728981,-14.810192108154297,171353,13,0.58160001039505,342808,,
0.0001,1092,26434,0.10866004228591919,0.04558972269296646,-17.269336700439453,173353,13,0.6068924069404602,346808,,
0.0001,1096,26543,0.8062653541564941,0.04792803153395653,-18.268173217773438,174133,13,0.5539684295654297,348368,,
0.0001,1100,26698,0.6001493334770203,0.05031897872686386,-17.79579734802246,175284,13,3.484827995300293,350670,,
0.0001,1104,26851,-0.3189222812652588,0.04766140878200531,-13.236661911010742,176473,13,0.6681721210479736,353048,,
0.0001,1108,27083,-0.48345187306404114,0.0423567071557045,-10.626058578491211,178129,13,0.8278438448905945,356360,,
0.0001,1112,27316,-0.27604103088378906,0.03904704377055168,-10.323393821716309,179663,13,1.2799897193908691,359427,,
0.0001,1116,27485,-0.8354630470275879,0.0364454984664917,-10.794983863830566,180750,13,2.4787724018096924,361602,,
0.0001,1120,27773,-0.3100354075431824,0.03152422606945038,-13.977680206298828,182750,13,1.344205379486084,365602,,
0.0001,1124,27992,1.4624969959259033,0.032774683088064194,-11.810548782348633,184258,13,2.0015199184417725,368618,,
0.0001,1128,28215,0.24001580476760864,0.034867554903030396,-14.270645141601562,185764,13,3.958937883377075,371630,,
0.0001,1132,28494,0.740959882736206,0.03726625442504883,-16.355079650878906,187590,13,1.01132071018219,375282,,
0.0001,1136,28772,-0.29976943135261536,0.03814229369163513,-17.81980323791504,189590,13,1.446244239807129,379282,,
0.0001,1140,28949,0.8633140921592712,0.03760945051908493,-18.256465911865234,190890,13,0.626645565032959,381881,,
0.0001,1144,29228,0.9483346343040466,0.039289750158786774,-20.40080451965332,192892,13,0.9972793459892273,385886,,
0.0001,1148,29357,0.7545568943023682,0.04210274666547775,-18.440324783325195,193872,13,5.486730575561523,387845,,
0.0001,1152,29545,0.42701566219329834,0.0480484776198864,-17.591812133789062,195222,13,0.6619492769241333,390546,,
0.0001,1156,29665,0.20168374478816986,0.04989056661725044,-14.00713062286377,196092,13,1.6935064792633057,392286,,
0.0001,1160,29896,-0.26542261242866516,0.048825282603502274,-13.640266418457031,197616,13,1.261967658996582,395333,,
0.0001,1164,30220,-0.9813687801361084,0.041171517223119736,-10.288397789001465,199616,13,1.0011239051818848,399333,,
0.0001,,,-0.44061627984046936,0.03977357968688011,-10.034578323364258,199949,,0.511796772480011,400000,2682.6796381679364,1000.0
0.0001,1168,30881,-0.702426016330719,0.0346568264067173,-9.031211853027344,201470,13,0.8654288053512573,403041,,
0.0001,1172,31112,-0.9156163930892944,0.031182585284113884,-11.023405075073242,202969,13,0.7757770419120789,406039,,
0.0001,1176,31318,0.7359830737113953,0.03101346455514431,-15.881818771362305,204252,13,0.8364030122756958,408605,,
0.0001,1180,31461,0.12341783940792084,0.03265374153852463,-16.98077964782715,205179,13,1.9555368423461914,410459,,
0.0001,1184,31535,0.6979104280471802,0.03406630456447601,-18.87220001220703,205667,13,1.3440682888031006,411435,,
0.0001,1188,31641,0.8528943061828613,0.035413648933172226,-16.269535064697266,206378,13,1.8880892992019653,412858,,
0.0001,1192,31746,0.4650593400001526,0.036745551973581314,-19.092195510864258,207023,13,2.9063777923583984,414148,,
0.0001,1196,32038,0.7105441689491272,0.04096079617738724,-17.08450698852539,208945,13,0.797697901725769,417992,,
0.0001,1200,32294,-0.2382810264825821,0.04370494186878204,-13.353107452392578,210632,13,0.8419500589370728,421366,,
0.0001,1204,32600,0.3899267315864563,0.04713700711727142,-17.572681427001953,212632,13,0.4995144009590149,425366,,
0.0001,1208,32748,0.1336824893951416,0.049991630017757416,-14.741561889648438,213623,13,2.2938055992126465,427348,,
0.0001,1212,33046,0.06429901719093323,0.05380837991833687,-19.373401641845703,215583,13,1.20087468624115,431267,,
0.0001,1216,33346,0.1243898794054985,0.05514873191714287,-18.457942962646484,217583,13,10.48271656036377,435267,,
0.0001,1220,33510,0.03745254874229431,0.05769657716155052,-18.901752471923828,218679,13,1.5535051822662354,437460,,
0.0001,1224,33714,0.026158355176448822,0.05566957965493202,-18.93743133544922,219999,13,1.1414200067520142,440100,,
0.0001,1228,33820,0.15209339559078217,0.054515741765499115,-17.49696159362793,220670,13,0.8210786581039429,441442,,
0.0001,1232,34085,-0.4492340683937073,0.05525674298405647,-16.90615463256836,222670,13,0.8608894348144531,445442,,
0.0001,1236,34285,0.31122976541519165,0.0603785440325737,-19.420146942138672,224176,13,1.7149145603179932,448454,,
0.0001,1240,34427,0.2715841233730316,0.06330112367868423,-20.406368255615234,225189,13,0.24582591652870178,450480,,
0.0001,1244,34643,-0.5347244143486023,0.06121150404214859,-18.29328155517578,226695,13,1.6042799949645996,453491,,
0.0001,1248,34877,0.28685426712036133,0.054503243416547775,-14.92111873626709,228430,13,0.4157249331474304,456961,,
0.0001,1252,35038,-0.36264169216156006,0.05095024034380913,-13.69622802734375,229583,13,0.3584436774253845,459268,,
0.0001,1256,35207,0.49118223786354065,0.052129846066236496,-17.422502517700195,230859,13,0.4624759256839752,461820,,
0.0001,1260,35342,1.3026677370071411,0.054131880402565,-21.238279342651367,231877,13,0.3823464810848236,463855,,
0.0001,1264,35559,0.3750975728034973,0.06070049852132797,-18.01003074645996,233432,13,1.5771265029907227,466965,,
0.0001,1268,35749,0.26151806116104126,0.06268639117479324,-20.29724884033203,234855,13,4.306413173675537,469812,,
0.0001,1272,36020,0.8005673885345459,0.06031382456421852,-20.596214294433594,236788,13,1.527997612953186,473677,,
0.0001,1276,36294,0.8009634613990784,0.060851093381643295,-21.55178451538086,238788,13,3.797740936279297,477677,,
0.0001,1280,36598,0.5169840455055237,0.06033319979906082,-19.81000518798828,240788,13,1.1600902080535889,481677,,
0.0001,1284,36901,-1.1907482147216797,0.05509072542190552,-21.676130294799805,242788,13,0.8395057916641235,485677,,
0.0001,1288,37121,-0.7422916889190674,0.05012538656592369,-15.446683883666992,244219,13,2.0015480518341064,488539,,
0.0001,1292,37365,-0.6519237756729126,0.04384687542915344,-13.054364204406738,245830,13,2.2693397998809814,491761,,
0.0001,1296,37554,-0.14786827564239502,0.03959319368004799,-12.826436996459961,247050,13,1.2823832035064697,494202,,
0.0001,1300,37738,-1.4375786781311035,0.03606007993221283,-8.449807167053223,248273,13,0.7502666711807251,496648,,
0.0001,,,-0.02671217918395996,0.03443034365773201,-13.692639350891113,249949,,1.6889311075210571,500000,2156.478656062484,821.8
0.0001,1304,38375,-0.12943032383918762,0.03531086817383766,-13.53759765625,250449,13,3.2505152225494385,501000,,
0.0001,1308,38651,0.5072410106658936,0.03882889077067375,-20.822607040405273,252258,13,1.113330602645874,504618,,
0.0001,1312,38947,-0.2798824906349182,0.04030750319361687,-20.270055770874023,254258,13,0.5682302713394165,508618,,
0.0001,1316,39242,-0.7144371271133423,0.039608534425497055,-19.606258392333984,256258,13,0.49801313877105713,512618,,
0.0001,1320,39548,-0.1510532647371292,0.04002461954951286,-18.919471740722656,258259,13,6.426858901977539,516620,,
0.0001,1324,39716,0.26759734749794006,0.04034915566444397,-21.485916137695312,259474,13,1.52736496925354,519050,,
0.0001,1328,39985,0.28357064723968506,0.04338037967681885,-20.47066879272461,261352,13,0.6411538124084473,522805,,
0.0001,1332,40185,0.6940313577651978,0.04877850040793419,-20.940683364868164,262858,13,8.447732925415039,525817,,
0.0001,1336,40459,0.430489718914032,0.051537416875362396,-19.37249755859375,264858,13,0.9279600977897644,529817,,
0.0001,1340,40648,0.5357924699783325,0.04770781844854355,-18.809415817260742,266363,13,5.97648811340332,532827,,
0.0001,1344,40826,-0.5106776356697083,0.046500056982040405,-17.0415096282959,267703,13,1.815615177154541,535507,,
0.0001,1348,40946,-0.7719761729240417,0.044112980365753174,-13.276840209960938,268419,13,0.5915317535400391,536940,,
0.0001,1352,41255,0.21790669858455658,0.040011607110500336,-10.53140640258789,270419,13,2.5992538928985596,540940,,
0.0001,1356,41386,0.3777836263179779,0.03905366361141205,-10.393651962280273,271224,13,0.7850930094718933,542550,,
0.0001,1360,41437,0.8518703579902649,0.03940003737807274,-7.756128311157227,271563,13,0.96096271276474,543227,,
0.0001,1364,41613,-0.4284976124763489,0.042591676115989685,-11.767212867736816,272696,13,3.535355567932129,545494,,
0.0001,1368,41832,1.0563952922821045,0.04718198627233505,-17.976404190063477,274149,13,3.0291965007781982,548400,,
0.0001,1372,42027,0.6778255105018616,0.05440278351306915,-16.93170928955078,275522,13,5.8974528312683105,551145,,
0.0001,1376,42242,0.6743993759155273,0.06167033314704895,-18.724061965942383,277123,13,0.7790657877922058,554347,,
0.0001,1380,42452,-0.3675162196159363,0.06697429716587067,-20.47909164428711,278722,13,0.6414886713027954,557546,,
0.0001,1384,42660,-0.7550060749053955,0.062199704349040985,-21.146343231201172,280224,13,0.7983921766281128,560550,,
0.0001,1388,42926,-0.600691556930542,0.058440160006284714,-23.31063461303711,282224,13,0.4926850497722626,564550,,
0.0001,1392,43188,0.517570436000824,0.051046937704086304,-23.558765411376953,284224,13,0.7758868336677551,568550,,
0.0001,1396,43458,-1.0082423686981201,0.04843653738498688,-18.697410583496094,286224,13,0.905876100063324,572550,,
0.0001,1400,43625,-0.9927983283996582,0.04343237355351448,-11.800657272338867,287349,13,0.5393891334533691,574800,,
0.0001,1404,43742,-0.957490086555481,0.04112229868769646,-11.724345207214355,288140,13,1.3966035842895508,576382,,
0.0001,1408,43942,1.786813735961914,0.03973402827978134,-13.52763843536377,289452,13,1.0095927715301514,579005,,
0.0001,1412,44182,0.3809753656387329,0.04035958647727966,-15.483890533447266,291007,13,0.6726577281951904,582115,,
0.0001,1416,44484,0.4831022024154663,0.047346167266368866,-19.416820526123047,293007,13,0.5609010457992554,586115,,
0.0001,1420,44692,-0.3788549304008484,0.04991484805941582,-17.908939361572266,294340,13,0.5093129277229309,588782,,
0.0001,1424,44854,0.00785854458808899,0.0475577786564827,-18.275854110717773,295571,13,0.5933939218521118,591243,,
0.0001,1428,45130,-0.233341246843338,0.04961946979165077,-20.479198455810547,297571,13,7.88929557800293,595243,,
0.0001,1432,45297,0.9276860356330872,0.047638725489377975,-21.273616790771484,298836,13,0.42982128262519836,597773,,
0.0001,,,-0.605013370513916,0.04851439967751503,-17.236743927001953,299949,,0.31984275579452515,600000,2061.7086299001844,625.4
0.0001,1436,45788,-0.34605076909065247,0.049644771963357925,-20.419509887695312,300949,13,0.47205623984336853,602000,,
0.0001,1440,46056,0.8553893566131592,0.05402885749936104,-21.39723777770996,302949,13,0.4969557225704193,606000,,
0.0001,1444,46326,0.20207351446151733,0.06359884887933731,-27.588966369628906,304956,13,0.32485878467559814,610013,,
0.0001,1448,46529,0.6438809037208557,0.07034241408109665,-22.609464645385742,306459,13,1.011326551437378,613019,,
0.0001,1452,46764,0.44941845536231995,0.07305039465427399,-24.296775817871094,308175,13,4.107994079589844,616452,,
0.0001,1456,46899,0.13734577596187592,0.06932424753904343,-23.26032257080078,309157,13,0.7492226362228394,618415,,
0.0001,1460,47101,-0.1089673638343811,0.06312530487775803,-22.453269958496094,310663,13,1.3094370365142822,621428,,
0.0001,1464,47309,-0.5401213765144348,0.06847339868545532,-22.96002960205078,312201,13,3.568449020385742,624504,,
0.0001,1468,47540,-0.27778178453445435,0.07021420449018478,-22.237857818603516,313736,13,0.49226194620132446,627574,,
0.0001,1472,47771,-0.1523486077785492,0.06966913491487503,-18.435178756713867,315250,13,0.5407024025917053,630601,,
0.0001,1476,48079,-0.9374027848243713,0.05947476625442505,-15.968398094177246,317250,13,0.28212428092956543,634601,,
0.0001,1480,48311,-1.6812493801116943,0.04841723293066025,-11.328423500061035,318805,13,0.4192327857017517,637711,,
0.0001,1484,48569,-1.2097879648208618,0.03998437896370888,-8.664091110229492,320499,13,0.7366529703140259,641100,,
0.0001,1488,48800,0.15366269648075104,0.0364273339509964,-13.371744155883789,322009,13,0.6542213559150696,644119,,
0.0001,1492,49061,1.6133899688720703,0.03941461816430092,-19.633499145507812,323654,13,1.2055606842041016,647410,,
0.0001,1496,49252,2.511833667755127,0.043073322623968124,-21.024091720581055,324350,13,0.9578462839126587,648802,,
0.0001,1500,49450,1.6827806234359741,0.04881724342703819,-24.508792877197266,325564,13,2.1077942848205566,651229,,
0.0001,1504,49761,1.2738014459609985,0.0571892186999321,-24.39800262451172,327396,13,0.9168713688850403,654893,,
0.0001,1508,50021,0.349575936794281,0.06545642763376236,-24.194629669189453,328954,13,1.3036017417907715,658010,,
0.0001,1512,50284,-0.1151602640748024,0.07107171416282654,-22.974075317382812,330612,13,0.8871755003929138,661326,,
0.0001,1516,50589,-0.3517844080924988,0.06941595673561096,-19.899364471435547,332612,13,1.0375723838806152,665326,,
0.0001,1520,50816,-0.09448425471782684,0.0685015320777893,-19.87044906616211,334172,13,0.8051630854606628,668445,,
0.0001,1524,51116,-0.36604952812194824,0.06971361488103867,-20.721349716186523,336172,13,1.6460323333740234,672445,,
0.0001,1528,51266,0.16842883825302124,0.0701349601149559,-21.167861938476562,337213,13,0.8876670598983765,674528,,
0.0001,1532,51430,-0.2071789801120758,0.07028792798519135,-22.1616268157959,338396,13,1.17942214012146,676894,,
0.0001,1536,51598,0.3158468008041382,0.06889170408248901,-20.539459228515625,339583,13,1.0421292781829834,679268,,
0.0001,1540,51848,-0.708694338798523,0.06505467742681503,-17.392091751098633,341231,13,0.8880437016487122,682563,,
0.0001,1544,52063,-0.7336845993995667,0.05567260831594467,-12.743683815002441,342742,13,0.9530571699142456,685586,,
0.0001,1548,52289,-0.3218232989311218,0.05185580998659134,-13.706100463867188,344253,13,1.7406446933746338,688607,,
0.0001,1552,52578,-0.01005767285823822,0.05082748085260391,-16.419998168945312,346253,13,0.8738535642623901,692607,,
0.0001,1556,52872,-0.11750911176204681,0.058798205107450485,-20.584495544433594,348253,13,6.59952449798584,696607,,
0.0001,1560,53095,-0.1663367599248886,0.05876440554857254,-20.190086364746094,349807,13,0.4333692193031311,699716,,
0.0001,,,-0.4099300801753998,0.058393947780132294,-20.367429733276367,349949,,0.2987246513366699,700000,1777.924622944463,776.6
0.0001,1564,53636,-0.1192069798707962,0.0546080507338047,-19.77986717224121,351504,13,0.5400002002716064,703110,,
0.0001,1568,53797,0.37111756205558777,0.054800402373075485,-19.345436096191406,352594,13,0.41088101267814636,705290,,
0.0001,1572,54012,1.0643272399902344,0.05936409533023834,-17.699764251708984,354128,13,0.5641986131668091,708358,,
0.0001,1576,54189,-0.25834745168685913,0.06480994820594788,-20.89270782470703,355377,13,1.3574541807174683,710856,,
0.0001,1580,54447,0.05010408163070679,0.0627998635172844,-18.035720825195312,357054,13,0.7084338068962097,714210,,
0.0001,1584,54642,-0.1469271034002304,0.060781337320804596,-19.27633285522461,358274,13,1.6546199321746826,716650,,
0.0001,1588,54829,-0.1956382393836975,0.058586373925209045,-16.662137985229492,359565,13,6.133502006530762,719232,,
0.0001,1592,55058,-0.0334484800696373,0.06298913061618805,-19.776809692382812,361120,13,0.8320608139038086,722341,,
0.0001,1596,55284,-0.2388947606086731,0.06975270062685013,-21.291292190551758,362644,13,1.329509973526001,725390,,
0.0001,1600,55405,0.3350193500518799,0.07299710065126419,-20.42349624633789,363444,13,2.4598379135131836,726990,,
0.0001,1604,55584,0.7886053323745728,0.07913293689489365,-22.691951751708984,364662,13,4.618313789367676,729426,,
0.0001,1608,55708,0.2450053095817566,0.08267534524202347,-22.725950241088867,365424,13,0.8437750339508057,730950,,
0.0001,1612,55873,0.2819631099700928,0.08751805126667023,-22.57988166809082,366547,13,2.4543981552124023,733195,,
0.0001,1616,56171,-0.21637707948684692,0.09087248891592026,-20.78221893310547,368547,13,1.7799010276794434,737195,,
0.0001,1620,56468,-0.12194566428661346,0.07610726356506348,-16.058853149414062,370547,13,0.6611229777336121,741195,,
0.0001,1624,56762,-0.5293372869491577,0.06581477075815201,-17.876277923583984,372547,13,0.8719379901885986,745195,,
0.0001,1628,57060,-0.4670732021331787,0.06247575953602791,-21.025598526000977,374547,13,0.3719142973423004,749195,,
0.0001,1632,57189,0.15821295976638794,0.06375732272863388,-23.383102416992188,375435,13,1.0027704238891602,750972,,
0.0001,1636,57480,-0.44389620423316956,0.06817450374364853,-24.302074432373047,377386,13,1.1129040718078613,754874,,
0.0001,1640,57776,0.3639812767505646,0.0686541274189949,-24.252849578857422,379386,13,0.8507798910140991,758874,,
0.0001,1644,58003,0.13605503737926483,0.06605218350887299,-22.394325256347656,380896,13,0.37565135955810547,761893,,
0.0001,1648,58162,-0.12211340665817261,0.06381269544363022,-22.032278060913086,381963,13,0.6300990581512451,764027,,
0.0001,1652,58400,-0.10693307220935822,0.06182465702295303,-19.189979553222656,383578,13,8.172896385192871,767257,,
0.0001,1656,58629,-0.31323039531707764,0.057573527097702026,-15.009912490844727,385084,13,1.4532006978988647,770269,,
0.0001,1660,58895,0.05011099576950073,0.04977311193943024,-15.675722122192383,386907,13,1.0691672563552856,773915,,
0.0001,1664,59139,-0.2944498658180237,0.04756857082247734,-19.603818893432617,388599,13,0.825092077255249,777299,,
0.0001,1668,59326,0.9812658429145813,0.04995931684970856,-18.613357543945312,389894,13,6.8094682693481445,779889,,
0.0001,1672,59546,0.5341476798057556,0.05878870561718941,-25.32010269165039,391416,13,5.571815490722656,782934,,
0.0001,1676,59673,0.10428549349308014,0.06124616041779518,-23.451419830322266,392270,13,2.114009380340576,784642,,
0.0001,1680,59935,0.6804745197296143,0.07014061510562897,-22.88654899597168,394122,13,1.0017139911651611,788345,,
0.0001,1684,60162,0.14384660124778748,0.07872229069471359,-22.22416114807129,395628,13,1.037156105041504,791358,,
0.0001,1688,60325,0.6731948852539062,0.08355963230133057,-22.91616439819336,396689,13,0.5814206600189209,793479,,
0.0001,1692,60555,0.7232369780540466,0.090178944170475,-23.005935668945312,398272,13,0.772329568862915,796646,,
0.0001,1696,60795,-0.12442295253276825,0.0909690335392952,-20.792133331298828,399828,13,0.6164484024047852,799758,,
0.0001,,,0.051117293536663055,0.09085989743471146,-21.651592254638672,399949,,0.7469576597213745,800000,1672.037491421285,651.4
0.0001,1700,61219,-0.3615419864654541,0.08710043132305145,-18.810373306274414,401060,13,1.3684673309326172,802221,,
0.0001,1704,61529,-0.09887751936912537,0.08307070285081863,-22.98867416381836,403060,13,1.958256721496582,806221,,
0.0001,1708,61738,-0.031280092895030975,0.08653847128152847,-20.344934463500977,404421,13,0.9162091016769409,808943,,
0.0001,1712,61819,-0.21533885598182678,0.08921556174755096,-21.87575340270996,404940,13,0.896389365196228,809981,,
0.0001,1716,61865,0.22456863522529602,0.09180191904306412,-19.074077606201172,405236,13,2.900768518447876,810573,,
0.0001,1720,61915,0.41699355840682983,0.0935424193739891,-18.240558624267578,405526,13,1.8201696872711182,811154,,
0.0001,1724,61939,0.28430894017219543,0.0948377326130867,-20.321531295776367,405693,13,3.2092270851135254,811487,,
0.0001,1728,62182,0.30628907680511475,0.09386574476957321,-15.594524383544922,407365,13,7.881047248840332,814831,,
0.0001,1732,62431,-0.44137880206108093,0.09372375905513763,-17.93958854675293,409365,13,0.8288532495498657,818831,,
0.0001,1736,62690,-0.8956508636474609,0.07542765140533447,-17.58385467529297,411365,13,0.4314844012260437,822831,,
0.0001,1740,62892,-1.7745521068572998,0.06285551190376282,-18.516185760498047,412919,13,0.4396139979362488,825939,,
0.0001,1744,63090,-1.072119116783142,0.054180994629859924,-14.821443557739258,414424,13,0.37926024198532104,828950,,
0.0001,1748,63228,-0.9209244251251221,0.05029832571744919,-16.01959228515625,415495,13,0.42294207215309143,831092,,
0.0001,1752,63499,-0.04461638256907463,0.047694772481918335,-16.34950828552246,417495,13,0.29599249362945557,835092,,
0.0001,1756,63751,0.5380948185920715,0.05080318823456764,-16.798139572143555,419212,13,6.114980220794678,838525,,
0.0001,1760,63976,-0.05923160910606384,0.05352287366986275,-17.614906311035156,420724,13,0.7464607357978821,841550,,
0.0001,1764,64065,0.020814016461372375,0.05499615892767906,-18.472816467285156,421341,13,1.0680702924728394,842784,,
0.0001,1768,64288,0.1945396512746811,0.059156328439712524,-17.384510040283203,422861,13,1.380942702293396,845824,,
0.0001,1772,64558,0.8512001037597656,0.07000063359737396,-21.779239654541016,424646,13,0.7283788919448853,849393,,
0.0001,1776,64594,0.8733834028244019,0.0722682923078537,-21.82181167602539,424892,13,1.3710228204727173,849886,,
0.0001,1780,64868,0.2396569550037384,0.07977242767810822,-21.603622436523438,426892,13,0.5549861192703247,853886,,
0.0001,1784,65008,0.3118627667427063,0.0820029228925705,-19.580463409423828,427954,13,1.1081526279449463,856009,,
0.0001,1788,65216,-0.38692882657051086,0.08586230129003525,-15.420984268188477,429563,13,0.42954614758491516,859227,,
0.0001,1792,65415,-0.32839804887771606,0.0763668566942215,-15.63415813446045,431030,13,1.1379395723342896,862162,,
0.0001,1796,65548,0.4693269729614258,0.07547735422849655,-21.550357818603516,432043,13,0.3624005913734436,864187,,
0.0001,1800,65705,0.5975273847579956,0.08255751430988312,-23.364349365234375,433208,13,0.31891387701034546,866518,,
0.0001,1804,65808,-0.42578163743019104,0.0852874144911766,-21.116371154785156,433946,13,1.2557852268218994,867994,,
0.0001,1808,65823,-0.11198226362466812,0.08561781048774719,-20.064956665039062,434038,13,5.9756388664245605,868177,,
0.0001,1812,65944,0.129591703414917,0.08850108087062836,-21.60696792602539,434837,13,1.0647857189178467,869775,,
0.0001,1816,66022,0.5743069648742676,0.0902063399553299,-22.725873947143555,435341,13,5.4831438064575195,870784,,
0.0001,1820,66137,-0.19226107001304626,0.09344958513975143,-20.50109100341797,436105,13,3.4997711181640625,872312,,
0.0001,1824,66384,-0.9887991547584534,0.0788344070315361,-12.16206169128418,437785,13,0.9582197666168213,875671,,
0.0001,1828,66553,-1.3703553676605225,0.07003649324178696,-8.955840110778809,438844,13,7.718069076538086,877789,,
0.0001,1832,66800,-1.4454848766326904,0.058339063078165054,-9.84572696685791,440462,13,0.5949980020523071,881026,,
0.0001,1836,66941,-1.6550474166870117,0.05255109444260597,-8.01114559173584,441402,13,0.38147950172424316,882905,,
0.0001,1840,67099,-1.2596244812011719,0.04820295050740242,-9.676990509033203,442466,13,0.563300609588623,885034,,
0.0001,1844,67330,0.7545987367630005,0.046881984919309616,-13.759469985961914,443973,13,0.48257243633270264,888047,,
0.0001,1848,67637,0.796837568283081,0.052245523780584335,-16.93634796142578,445973,13,5.218245506286621,892047,,
0.0001,1852,67866,0.6076178550720215,0.06106515973806381,-19.8536319732666,447530,13,11.68153190612793,895161,,
0.0001,1856,68123,0.9084818363189697,0.07205387204885483,-24.029726028442383,449530,13,6.292743682861328,899161,,
0.0001,,,0.38445720076560974,0.07332558929920197,-23.698265075683594,449949,,0.6411601305007935,900000,2324.808466968697,808.0
0.0001,1860,68699,0.2917209267616272,0.08188646286725998,-22.93218994140625,451949,13,0.45901063084602356,904000,,
0.0001,1864,68951,-1.2395126819610596,0.07344113290309906,-19.846683502197266,453949,13,5.763034820556641,908000,,
0.0001,1868,69178,-1.6267409324645996,0.05906868353486061,-12.814666748046875,455683,13,5.684144973754883,911468,,
0.0001,1872,69396,-0.959342896938324,0.05114155635237694,-17.22035026550293,457220,13,0.33779340982437134,914541,,
0.0001,1876,69465,-0.2068934142589569,0.05028720945119858,-21.328134536743164,457650,13,0.36501675844192505,915402,,
0.0001,1880,69613,-0.029051467776298523,0.04969806224107742,-16.699630737304688,458586,13,0.4450591802597046,917273,,
0.0001,1884,69713,0.5237454175949097,0.05192061886191368,-17.278959274291992,459247,13,0.5630685091018677,918595,,
0.0001,1888,69800,1.35435950756073,0.05574619024991989,-18.107696533203125,459846,13,1.0438636541366577,919794,,
0.0001,1892,69912,1.497396469116211,0.06088314950466156,-23.543739318847656,460607,13,1.4056836366653442,921316,,
0.0001,1896,69962,1.7879425287246704,0.06276773661375046,-23.59444808959961,460909,13,1.0131758451461792,921919,,
0.0001,1900,70147,1.590303897857666,0.07125077396631241,-20.369281768798828,462127,13,2.130422353744507,924356,,
0.0001,1904,70283,1.2363808155059814,0.07787508517503738,-21.471067428588867,463025,13,1.2192392349243164,926152,,
0.0001,1908,70455,0.5406180024147034,0.08433190733194351,-21.867727279663086,464153,13,3.304610013961792,928407,,
0.0001,1912,70522,0.8401162624359131,0.08712778240442276,-22.217573165893555,464580,13,1.0465162992477417,929261,,
0.0001,1916,70674,-0.09808847308158875,0.0916462391614914,-22.155576705932617,465565,13,5.078717231750488,931231,,
0.0001,1920,70931,-0.28637972474098206,0.09613034129142761,-24.816020965576172,467282,13,0.8902599811553955,934665,,
0.0001,1924,71173,-0.13799867033958435,0.09349045902490616,-23.292428970336914,468820,13,1.496397852897644,937742,,
0.0001,1928,71366,-0.267338365316391,0.09100847691297531,-22.3096923828125,470087,13,0.5665850639343262,940275,,
0.0001,1932,71535,-0.49810051918029785,0.09032692015171051,-22.70980453491211,471132,13,0.5758076906204224,942365,,
0.0001,1936,71709,0.333620548248291,0.08915334194898605,-21.015342712402344,472202,13,0.6173248291015625,944506,,
0.0001,1940,71923,0.3473522365093231,0.09346288442611694,-21.835895538330078,473612,13,1.3882997035980225,947326,,
0.0001,1944,72063,-0.3523866534233093,0.09381895512342453,-22.05078887939453,474525,13,1.1784663200378418,949151,,
0.0001,1948,72328,0.228535994887352,0.09977113455533981,-21.54771614074707,476291,13,1.3159723281860352,952683,,
0.0001,1952,72555,-0.25011733174324036,0.10260394960641861,-20.336454391479492,477797,13,0.6552824974060059,955695,,
0.0001,1956,72780,0.01184883713722229,0.10008209198713303,-23.04343032836914,479249,13,1.1921939849853516,958599,,
0.0001,1960,72912,-0.2657250761985779,0.09431900829076767,-20.183990478515625,480141,13,10.772919654846191,960383,,
0.0001,1964,73099,-0.01126129925251007,0.09097189456224442,-21.429183959960938,481420,13,0.7777000665664673,962941,,
0.0001,1968,73159,-0.4808802604675293,0.0918242484331131,-23.074493408203125,481788,13,0.685123085975647,963678,,
0.0001,1972,73456,-0.35440129041671753,0.09650566428899765,-21.227649688720703,483788,13,0.5780149102210999,967678,,
0.0001,1976,73634,0.14769166707992554,0.09821252524852753,-22.26386833190918,485083,13,0.7402680516242981,970267,,
0.0001,1980,73902,0.37615692615509033,0.09210529923439026,-26.07075309753418,487083,13,0.4767081141471863,974267,,
0.0001,1984,74051,-0.01820354163646698,0.08920439332723618,-27.833513259887695,488194,13,0.4220147430896759,976490,,
0.0001,1988,74244,-0.2965758144855499,0.08926384896039963,-26.22718048095703,489710,13,4.241581916809082,979521,,
0.0001,1992,74402,-0.4552941918373108,0.08551142364740372,-26.284366607666016,490849,13,6.979650497436523,981800,,
0.0001,1996,74684,-0.6372163891792297,0.07752145081758499,-24.15522003173828,492849,13,0.5419229865074158,985800,,
0.0001,2000,74994,-0.8290753364562988,0.07350233197212219,-23.345367431640625,494800,13,0.4940986633300781,989701,,
0.0001,2004,75175,-1.071152687072754,0.06822856515645981,-19.212610244750977,495958,13,0.3111792206764221,992017,,
0.0001,2008,75420,-0.0861659049987793,0.0673678070306778,-19.39183807373047,497544,13,0.3015809655189514,995189,,
0.0001,2012,75729,-0.24508170783519745,0.06933312118053436,-21.771095275878906,499544,13,0.568495512008667,999190,,
0.0001,,,-0.4167473018169403,0.0699213519692421,-23.53749656677246,499949,,0.6581823229789734,1000000,1898.5008909594267,661.8
0.0001,2016,76254,-0.09067042171955109,0.07606550306081772,-25.136795043945312,501374,13,0.7714163064956665,1002850,,
0.0001,2020,76418,0.009579747915267944,0.07643842697143555,-26.220705032348633,502557,13,0.5602278113365173,1005215,,
0.0001,2024,76600,-0.667371928691864,0.07829265296459198,-27.07111167907715,503976,13,0.29817450046539307,1008053,,
0.0001,2028,76755,0.32781702280044556,0.08170682936906815,-27.360511779785156,505133,13,0.48900142312049866,1010367,,
0.0001,2032,76887,-0.4886373281478882,0.07997122406959534,-26.906600952148438,506150,13,0.2571087181568146,1012402,,
0.0001,2036,76977,0.1419583410024643,0.07869934290647507,-26.989036560058594,506832,13,1.976292610168457,1013766,,
0.0001,2040,77188,0.5585914850234985,0.07983750104904175,-26.578441619873047,508408,13,5.777589321136475,1016917,,
0.0001,2044,77384,-0.020684972405433655,0.0785318911075592,-27.461009979248047,509932,13,1.1727728843688965,1019966,,
0.0001,2048,77584,0.21931692957878113,0.07571159303188324,-29.939884185791016,511501,13,6.509690284729004,1023104,,
0.0001,2052,77816,0.1477614790201187,0.08044560253620148,-28.48012924194336,513227,13,0.21940898895263672,1026555,,
0.0001,2056,78041,-0.2797672152519226,0.07853065431118011,-28.661293029785156,514941,13,0.31544265151023865,1029984,,
0.0001,2060,78259,0.1317390650510788,0.08306611329317093,-28.893226623535156,516614,13,0.2716754674911499,1033330,,
0.0001,2064,78448,-0.26126253604888916,0.08048082888126373,-29.174034118652344,518120,13,0.29477459192276,1036342,,
0.0001,2068,78602,0.09499798715114594,0.0810265764594078,-25.817401885986328,519126,13,0.4828927516937256,1038353,,
0.0001,2072,78738,0.34601929783821106,0.08088180422782898,-24.050230026245117,520089,13,0.6804331541061401,1040279,,
0.0001,2076,78857,-0.1945577710866928,0.08287877589464188,-21.494062423706055,520814,13,0.7629257440567017,1041730,,
0.0001,2080,79115,0.2662031948566437,0.08734532445669174,-18.51873779296875,522492,13,8.898235321044922,1045086,,
0.0001,2084,79360,0.1923309862613678,0.08854446560144424,-16.96811294555664,524109,13,0.44694000482559204,1048320,,
0.0001,2088,79485,-0.30158114433288574,0.0890064612030983,-16.180072784423828,524934,13,0.5540054440498352,1049970,,
0.0001,2092,79673,-0.18710756301879883,0.0904582068324089,-15.621116638183594,526165,13,0.6626899242401123,1052431,,
0.0001,2096,79807,-0.42641782760620117,0.09115870296955109,-18.53482437133789,527040,13,0.6076315641403198,1054182,,
0.0001,2100,80037,0.4410105347633362,0.09769859164953232,-20.67359733581543,528594,13,0.418379008769989,1057289,,
0.0001,2104,80243,-0.6487200856208801,0.09664065390825272,-21.28122329711914,529929,13,0.8585036993026733,1059960,,
0.0001,2108,80367,-0.44520241022109985,0.09220045804977417,-18.391334533691406,530757,13,0.4459902048110962,1061615,,
0.0001,2112,80554,0.14325113594532013,0.0884803757071495,-19.140819549560547,531966,13,0.48648184537887573,1064034,,
0.0001,2116,80848,-0.8529020547866821,0.08337760716676712,-20.359424591064453,533913,13,0.7167454957962036,1067927,,
0.0001,2120,81067,0.24363307654857635,0.08348207920789719,-20.672164916992188,535482,13,0.8302649855613708,1071065,,
0.0001,2124,81264,-0.5282433032989502,0.08076084405183792,-18.41802215576172,537003,13,0.35844314098358154,1074107,,
0.0001,2128,81473,-0.4476245939731598,0.07420944422483444,-16.038803100585938,538507,13,0.3807958960533142,1077115,,
0.0001,2132,81703,-0.3743642270565033,0.07473336160182953,-12.905731201171875,540196,13,10.02553939819336,1080494,,
0.0001,2136,81905,0.14701798558235168,0.07551731169223785,-14.863476753234863,541701,13,0.35682058334350586,1083503,,
0.0001,2140,82055,0.13512161374092102,0.08263842016458511,-20.953590393066406,542819,13,0.7575113773345947,1085739,,
0.0001,2144,82125,0.8330032825469971,0.08630383014678955,-23.973003387451172,543272,13,0.487677663564682,1086645,,
0.0001,2148,82196,0.08168624341487885,0.08994075655937195,-23.700328826904297,543762,13,6.487957000732422,1087625,,
0.0001,2152,82340,0.6269131302833557,0.09752755612134933,-25.293193817138672,544702,13,0.4810793399810791,1089506,,
0.0001,2156,82492,0.4793560206890106,0.10405737161636353,-24.710615158081055,545684,13,0.48414045572280884,1091469,,
0.0001,2160,82814,-0.5213856101036072,0.10968079417943954,-23.940942764282227,547251,13,0.7123552560806274,1094603,,
0.0001,2164,83050,0.08459393680095673,0.113605797290802,-23.379972457885742,548656,13,0.8036354780197144,1097414,,
0.0001,,,0.16069334745407104,0.10912802815437317,-20.380706787109375,549949,,3.3652477264404297,1100000,1908.6071782820757,930.6
0.0001,2168,83725,-0.4973644018173218,0.1007324606180191,-19.339977264404297,550956,13,0.7683226466178894,1102014,,
0.0001,2172,83954,-0.008576888591051102,0.09500143676996231,-20.903039932250977,552612,13,0.5675018429756165,1105325,,
0.0001,2176,84117,-0.14311520755290985,0.0983719751238823,-22.28439712524414,553906,13,0.4689810574054718,1107913,,
0.0001,2180,84232,0.4455750584602356,0.10319062322378159,-23.17961883544922,554794,13,0.4536110758781433,1109690,,
0.0001,2184,84418,0.023974895477294922,0.10603923350572586,-27.662187576293945,556183,13,0.3083485960960388,1112468,,
0.0001,2188,84610,-0.6827788949012756,0.0986228957772255,-26.917373657226562,557692,13,0.4782634973526001,1115486,,
0.0001,2192,84810,-0.41308340430259705,0.09517954289913177,-28.570316314697266,559248,13,0.8869736790657043,1118597,,
0.0001,2196,85006,0.05685409903526306,0.09044264256954193,-28.65285873413086,560767,13,0.31603509187698364,1121635,,
0.0001,2200,85269,-0.4065767526626587,0.08506592363119125,-28.108299255371094,562767,13,0.22960636019706726,1125635,,
0.0001,2204,85534,-1.0845894813537598,0.06987995654344559,-28.92376708984375,564767,13,0.14446422457695007,1129635,,
0.0001,2208,85740,-0.4444001317024231,0.06318678706884384,-28.63147735595703,566341,13,0.2154538929462433,1132783,,
0.0001,2212,86013,0.17603272199630737,0.061818160116672516,-29.631244659423828,568341,13,7.244667053222656,1136783,,
0.0001,2216,86220,-0.5715857744216919,0.06521627306938171,-28.80860137939453,569942,13,1.7076609134674072,1139985,,
0.0001,2220,86429,0.6027976870536804,0.07248072326183319,-30.6178035736084,571460,13,0.19722849130630493,1143022,,
0.0001,2224,86630,0.540887176990509,0.07614605128765106,-29.124771118164062,572966,13,0.24825942516326904,1146034,,
0.0001,2228,86824,0.1291550099849701,0.07704857736825943,-30.616649627685547,574475,13,0.14631983637809753,1149051,,
0.0001,2232,87063,0.6409555673599243,0.07471215724945068,-30.83388900756836,576289,13,0.23067247867584229,1152679,,
0.0001,2236,87199,-0.10891501605510712,0.07406996935606003,-30.584274291992188,577304,13,0.23468150198459625,1154710,,
0.0001,2240,87410,-0.18051795661449432,0.07516875118017197,-31.743356704711914,578867,13,0.3368779420852661,1157836,,
0.0001,2244,87610,-0.07176445424556732,0.07176052033901215,-30.511310577392578,580421,13,0.25725120306015015,1160944,,
0.0001,2248,87829,0.5695949196815491,0.07095696777105331,-31.214324951171875,582138,13,0.16064956784248352,1164377,,
0.0001,2252,87935,0.027708694338798523,0.07552942633628845,-29.647043228149414,582959,13,0.3808492422103882,1166019,,
0.0001,2256,88139,0.662239134311676,0.08139288425445557,-29.154237747192383,584480,13,0.22237680852413177,1169062,,
0.0001,2260,88226,0.1648409217596054,0.08197876065969467,-28.47197151184082,585118,13,0.7291375398635864,1170337,,
0.0001,2264,88347,0.581871509552002,0.0851295068860054,-26.98692512512207,585951,13,2.921276807785034,1172004,,
0.0001,2268,88438,0.17561501264572144,0.08920794725418091,-25.410442352294922,586542,13,0.7579315900802612,1173185,,
0.0001,2272,88475,-0.12556160986423492,0.09067026525735855,-27.179840087890625,586778,13,0.6731240153312683,1173658,,
0.0001,2276,88595,0.16145206987857819,0.09382439404726028,-25.83224105834961,587581,13,0.631949782371521,1175264,,
0.0001,2280,88649,0.33084091544151306,0.0940253734588623,-24.25370979309082,587939,13,1.209160327911377,1175980,,
0.0001,2284,88729,-0.11959049105644226,0.09564432501792908,-22.131832122802734,588418,13,3.3382670879364014,1176937,,
0.0001,2288,88785,-0.02979113906621933,0.0986660048365593,-21.056602478027344,588780,13,1.159726858139038,1177661,,
0.0001,2292,88864,0.16057664155960083,0.10252194106578827,-22.113521575927734,589288,13,9.151829719543457,1178678,,
0.0001,2296,88996,0.9274887442588806,0.10866238176822662,-19.877662658691406,590179,13,1.8486095666885376,1180459,,
0.0001,2300,89054,-0.023450657725334167,0.1095447763800621,-21.983800888061523,590579,13,1.3482996225357056,1181259,,
0.0001,2304,89098,0.03674601763486862,0.11023300141096115,-20.185733795166016,590860,13,1.2936732769012451,1181822,,
0.0001,2308,89304,0.5149900913238525,0.11422422528266907,-22.178905487060547,592205,13,3.0462114810943604,1184511,,
0.0001,2312,89552,-0.4141651391983032,0.11397091299295425,-25.035634994506836,594065,13,2.050429582595825,1188231,,
0.0001,2316,89700,-0.21840578317642212,0.10690225660800934,-27.106857299804688,595224,13,0.5115671157836914,1190549,,
0.0001,2320,89893,-0.4743165373802185,0.0977441594004631,-28.28731346130371,596730,13,3.293835401535034,1193562,,
0.0001,2324,90157,-0.6185092329978943,0.0829307809472084,-28.645784378051758,598730,13,0.19867128133773804,1197562,,
0.0001,,,-0.459105908870697,0.07691409438848495,-29.016386032104492,599949,,0.37069863080978394,1200000,1237.9472360553914,449.8
0.0001,2328,90495,-0.2527102828025818,0.07625988870859146,-28.68297576904297,600092,13,0.6710098385810852,1200285,,
0.0001,2332,90704,-0.05187861621379852,0.07455393671989441,-26.95856285095215,601502,13,0.8189578652381897,1203105,,
0.0001,2336,90919,0.7348557114601135,0.08208327740430832,-23.18515968322754,602877,13,0.5760286450386047,1205856,,
0.0001,2340,91047,0.16970154643058777,0.08787721395492554,-23.555896759033203,603716,13,0.9921032190322876,1207533,,
0.0001,2344,91231,0.10265586525201797,0.09731839597225189,-21.869091033935547,604959,13,1.2935060262680054,1210019,,
0.0001,2348,91414,0.07182635366916656,0.10146933794021606,-22.670753479003906,606115,13,0.7199022173881531,1212332,,
0.0001,2352,91607,0.8650712966918945,0.10570793598890305,-23.56719207763672,607415,13,1.8647218942642212,1214931,,
0.0001,2356,91786,-0.881995677947998,0.10685164481401443,-25.36956214904785,608571,13,0.7878620624542236,1217243,,
0.0001,2360,92073,-0.26212745904922485,0.09256221354007721,-25.48794174194336,610476,13,1.1196508407592773,1221053,,
0.0001,2364,92261,-0.1730494499206543,0.08386454731225967,-24.680774688720703,611743,13,0.292402058839798,1223587,,
0.0001,2368,92356,-0.4224342703819275,0.08012556284666061,-20.905635833740234,612394,13,0.7836326360702515,1224889,,
0.0001,2372,92457,0.6448522806167603,0.07594539225101471,-22.019603729248047,613062,13,0.9728586673736572,1226226,,
0.0001,2376,92594,-0.3934386074542999,0.072604238986969,-19.737396240234375,613975,13,0.7935352325439453,1228051,,
0.0001,2380,92881,0.6445472240447998,0.07441522926092148,-19.779830932617188,615975,13,0.7674705982208252,1232051,,
0.0001,2384,93043,-0.40238475799560547,0.07497619092464447,-24.345767974853516,617201,13,3.196559429168701,1234504,,
0.0001,2388,93310,0.3227904438972473,0.08266188204288483,-27.869186401367188,619201,13,4.54811429977417,1238504,,
0.0001,2392,93560,-0.24710394442081451,0.08709920942783356,-29.968257904052734,621201,13,0.1316867470741272,1242504,,
0.0001,2396,93827,0.32547545433044434,0.08314812928438187,-29.343536376953125,623201,13,0.23514655232429504,1246504,,
0.0001,2400,94025,0.13944882154464722,0.08139596879482269,-28.983854293823242,624706,13,0.4419667720794678,1249513,,
0.0001,2404,94231,0.6164137125015259,0.08168139308691025,-28.093183517456055,626135,13,0.516014814376831,1252372,,
0.0001,2408,94316,0.04921826720237732,0.08333205431699753,-28.22087287902832,626708,13,1.5622093677520752,1253518,,
0.0001,2412,94445,-0.1514972299337387,0.08517575263977051,-29.04298973083496,627605,13,0.7202697992324829,1255312,,
0.0001,2416,94636,0.11031834036111832,0.08615217357873917,-27.16580581665039,628854,13,0.43052101135253906,1257810,,
0.0001,2420,94850,0.37722790241241455,0.08863657712936401,-22.609745025634766,630278,13,0.5785636901855469,1260658,,
0.0001,2424,95071,-0.7774454355239868,0.08844051510095596,-22.304533004760742,631765,13,0.911197304725647,1263632,,
0.0001,2428,95265,-0.012962616980075836,0.09043054282665253,-23.21641731262207,633026,13,0.39034557342529297,1266153,,
0.0001,2432,95468,0.43044334650039673,0.097291000187397,-24.520511627197266,634618,13,0.8046203255653381,1269337,,
0.0001,2436,95673,-0.12347432971000671,0.09654050320386887,-27.06485366821289,636182,13,1.186248540878296,1272466,,
0.0001,2440,95890,-0.43280029296875,0.08461499214172363,-24.612422943115234,637722,13,0.5452632308006287,1275546,,
0.0001,2444,96043,-1.260809302330017,0.0770564004778862,-23.206716537475586,638833,13,0.2192130982875824,1277768,,
0.0001,2448,96134,-0.08063057065010071,0.07803864032030106,-22.903915405273438,639533,13,0.44164037704467773,1279168,,
0.0001,2452,96307,0.11049708724021912,0.07749968022108078,-21.741580963134766,640863,13,1.6562466621398926,1281827,,
0.0001,2456,96407,0.6695655584335327,0.07668263465166092,-25.650062561035156,641554,13,0.30610349774360657,1283210,,
0.0001,2460,96442,-0.165142223238945,0.07764109969139099,-24.622617721557617,641759,13,0.6774564981460571,1283619,,
0.0001,2464,96525,0.9238150715827942,0.07907147705554962,-24.856033325195312,642306,13,8.069049835205078,1284713,,
0.0001,2468,96585,0.3950716257095337,0.0809461921453476,-22.77879524230957,642708,13,0.8227366805076599,1285518,,
0.0001,2472,96707,0.37434160709381104,0.08526735007762909,-22.1971435546875,643512,13,0.8625687956809998,1287125,,
0.0001,2476,96809,-0.027080342173576355,0.08885422348976135,-21.235124588012695,644192,13,1.2153165340423584,1288485,,
0.0001,2480,96964,-0.01989211142063141,0.09281542897224426,-23.088605880737305,645309,13,0.5100408792495728,1290720,,
0.0001,2484,97228,0.1844046413898468,0.09525282680988312,-25.67375946044922,647309,13,5.4962615966796875,1294720,,
0.0001,2488,97382,-0.8201939463615417,0.0867372453212738,-24.10165023803711,648510,13,0.407248854637146,1297122,,
0.0001,2492,97563,-0.2751200199127197,0.07905323058366776,-25.41012954711914,649833,13,0.3244991898536682,1299767,,
0.0001,,,0.3447369933128357,0.07878123223781586,-23.330791473388672,649949,,0.7022384405136108,1300000,3068.3823447064087,1000.0
0.0001,2496,98176,-1.1032078266143799,0.07712186872959137,-26.999534606933594,651949,13,0.21529924869537354,1304000,,
0.0001,2500,98322,-0.04723048210144043,0.07890510559082031,-24.38147735595703,652928,13,6.729775428771973,1305958,,
0.0001,2504,98458,0.23426523804664612,0.083713099360466,-26.474140167236328,653801,13,0.537556529045105,1307703,,
0.0001,2508,98499,0.19959045946598053,0.08545979857444763,-24.551008224487305,654076,13,5.394230842590332,1308254,,
0.0001,2512,98630,0.3676697611808777,0.09318089485168457,-26.90355682373047,654963,13,0.5863808393478394,1310028,,
0.0001,2516,98710,0.535273551940918,0.09726736694574356,-23.22614860534668,655424,13,0.8753923177719116,1310949,,
0.0001,2520,98759,0.37684303522109985,0.10030680894851685,-24.46874237060547,655722,13,1.1895266771316528,1311545,,
0.0001,2524,98819,0.14203670620918274,0.10274568945169449,-22.943010330200195,656026,13,1.311753511428833,1312154,,
0.0001,2528,98943,0.41322943568229675,0.108340784907341,-21.05787467956543,656821,13,2.1653027534484863,1313744,,
0.0001,2532,99061,0.26999974250793457,0.11436992883682251,-22.237600326538086,657569,13,1.2005949020385742,1315240,,
0.0001,2536,99187,-0.36559242010116577,0.11952728033065796,-23.190326690673828,658411,13,1.655177116394043,1316924,,
0.0001,2540,99262,0.15334057807922363,0.12168797105550766,-20.32890510559082,658884,13,1.1997785568237305,1317869,,
0.0001,2544,99379,-0.20778246223926544,0.12461536377668381,-20.97173500061035,659645,13,0.9241223335266113,1319392,,
0.0001,2548,99530,-0.210505872964859,0.12347082048654556,-20.88165855407715,660613,13,0.8814963102340698,1321328,,
0.0001,2552,99587,0.01256568357348442,0.12251933664083481,-21.17967987060547,660981,13,1.0947121381759644,1322063,,
0.0001,2556,99702,0.026471104472875595,0.12212775647640228,-24.513240814208984,661747,13,0.8993396759033203,1323596,,
0.0001,2560,99836,0.4448760747909546,0.1185014396905899,-23.14510154724121,662633,13,0.8113264441490173,1325367,,
0.0001,2564,100021,-0.12616586685180664,0.1131092756986618,-23.645545959472656,663847,13,0.90081787109375,1327795,,
0.0001,2568,100178,-0.32519295811653137,0.10615713894367218,-23.136165618896484,664874,13,0.5286961793899536,1329849,,
0.0001,2572,100369,0.1546463966369629,0.09658309072256088,-24.088380813598633,666093,13,0.6102277636528015,1332288,,
0.0001,2576,100637,-0.43216297030448914,0.08454515784978867,-23.532974243164062,668093,13,0.4708557724952698,1336288,,
0.0001,2580,100847,-0.14753538370132446,0.0759495422244072,-23.76880645751953,669603,13,0.45273420214653015,1339307,,
0.0001,2584,101052,-0.3142510652542114,0.06663499772548676,-23.160423278808594,671157,13,1.3766982555389404,1342416,,
0.0001,2588,101276,0.19360268115997314,0.06656593829393387,-24.12255859375,672833,13,0.2920061945915222,1345768,,
0.0001,2592,101473,-0.26749730110168457,0.0761246308684349,-29.21946907043457,674340,13,0.17306777834892273,1348781,,
0.0001,2596,101637,0.3172934949398041,0.0833609327673912,-26.833473205566406,675410,13,0.2978518605232239,1350921,,
0.0001,2600,101800,0.05903185158967972,0.08591001480817795,-27.33486557006836,676444,13,0.7374637126922607,1352990,,
0.0001,2604,102072,0.12157732248306274,0.08991554379463196,-24.684934616088867,678333,13,0.4228092133998871,1356768,,
0.0001,2608,102215,-0.006639957427978516,0.08854816108942032,-24.450450897216797,679322,13,0.6159802675247192,1358746,,
0.0001,2612,102354,0.16006943583488464,0.0856529101729393,-23.07323455810547,680305,13,0.4972077012062073,1360712,,
0.0001,2616,102546,-0.04402846097946167,0.08698901534080505,-22.41606903076172,681650,13,7.310503005981445,1363401,,
0.0001,2620,102628,0.4081674814224243,0.08787612617015839,-22.30480194091797,682224,13,0.4335588812828064,1364549,,
0.0001,2624,102824,-0.2979504466056824,0.08699815720319748,-23.191761016845703,683654,13,0.8805437088012695,1367409,,
0.0001,2628,102973,0.2738826870918274,0.08304739743471146,-24.188812255859375,684951,13,0.34951621294021606,1370003,,
0.0001,2632,103130,0.0462653785943985,0.08042752742767334,-25.524662017822266,686331,13,0.361563503742218,1372764,,
0.0001,2636,103201,0.06729762256145477,0.07949408888816833,-23.541467666625977,686939,13,0.42618465423583984,1373980,,
0.0001,2640,103325,-0.18414771556854248,0.07501789927482605,-24.511295318603516,688016,13,0.5243046283721924,1376133,,
0.0001,2644,103393,-0.23118990659713745,0.0728754848241806,-24.941486358642578,688619,13,3.1043381690979004,1377340,,
0.0001,2648,103534,0.25244399905204773,0.0732245221734047,-24.940418243408203,689840,13,0.41647517681121826,1379782,,
0.0001,2652,103643,-0.047653086483478546,0.07623158395290375,-23.491989135742188,690800,13,0.31359249353408813,1381701,,
0.0001,2656,103730,0.19875751435756683,0.07714138180017471,-23.970369338989258,691538,13,0.42512089014053345,1383177,,
0.0001,2660,103879,0.0872402936220169,0.07696720212697983,-23.026975631713867,692846,13,0.36078572273254395,1385793,,
0.0001,2664,104055,0.6106162667274475,0.07757633924484253,-23.597688674926758,694357,13,0.482583612203598,1388815,,
0.0001,2668,104175,0.48145854473114014,0.08221571892499924,-21.536752700805664,695421,13,1.099869728088379,1390943,,
0.0001,2672,104339,-0.18842265009880066,0.08198219537734985,-20.749126434326172,696786,13,0.8297430276870728,1393674,,
0.0001,2676,104491,0.3149428367614746,0.0838245078921318,-25.445415496826172,698300,13,0.5815520286560059,1396701,,
0.0001,2680,104605,-0.2633358836174011,0.08271653205156326,-28.016277313232422,699441,13,0.4094312787055969,1398983,,
0.0001,,,-0.0693562924861908,0.08088614046573639,-27.631168365478516,699949,,0.8883394002914429,1400000,2823.4810455783563,878.2
0.0001,2684,104926,-0.32024261355400085,0.0796617716550827,-28.637407302856445,700531,13,0.6194967031478882,1401164,,
0.0001,2688,105045,0.10409249365329742,0.0809803456068039,-29.610374450683594,701754,13,7.959137916564941,1403609,,
0.0001,2692,105220,0.424877792596817,0.07984892278909683,-28.46733856201172,703369,13,0.5609642267227173,1406839,,
0.0001,2696,105339,0.2996078133583069,0.08629446476697922,-27.39425277709961,704412,13,0.64532470703125,1408925,,
0.0001,2700,105494,0.2985154986381531,0.09094125777482986,-25.615936279296875,705717,13,0.5323058366775513,1411535,,
0.0001,2704,105710,0.702806830406189,0.10067477077245712,-24.495790481567383,707532,13,3.945643424987793,1415166,,
0.0001,2708,105841,0.5613473057746887,0.10593816637992859,-23.609481811523438,708609,13,4.7076945304870605,1417319,,
0.0001,2712,105983,-0.07853162288665771,0.10507144778966904,-22.667118072509766,709778,13,0.6834048628807068,1419658,,
0.0001,2716,106117,0.15618839859962463,0.10539645701646805,-23.62096405029297,710893,13,1.1019563674926758,1421888,,
0.0001,2720,106250,0.20036612451076508,0.10771037638187408,-23.60061264038086,712037,13,0.4922361373901367,1424175,,
0.0001,2724,106443,-0.15128406882286072,0.10609965771436691,-24.063919067382812,713662,13,0.6055340766906738,1427426,,
0.0001,2728,106655,0.060909345746040344,0.10958641022443771,-24.828893661499023,715421,13,0.5020276308059692,1430943,,
0.0001,2732,106792,-0.22745388746261597,0.11013250052928925,-25.677078247070312,716549,13,0.7595200538635254,1433200,,
0.0001,2736,106976,-0.48223310708999634,0.10603471845388412,-23.911502838134766,718144,13,0.7737054824829102,1436390,,
0.0001,2740,107206,-0.20611363649368286,0.09593269973993301,-26.36728858947754,720065,13,0.831230640411377,1440232,,
0.0001,2744,107310,-0.10993921756744385,0.09143801778554916,-26.054336547851562,720956,13,2.5166096687316895,1442013,,
0.0001,2748,107485,-0.3269827961921692,0.088682621717453,-25.061473846435547,722511,13,0.6728461980819702,1445123,,
0.0001,2752,107639,-0.1379360854625702,0.0847163051366806,-25.24826431274414,723871,13,0.42285460233688354,1447844,,
0.0001,2756,107683,-0.05465954169631004,0.08384990692138672,-23.929548263549805,724233,13,1.5811384916305542,1448567,,
0.0001,2760,107811,0.7783148288726807,0.0792875736951828,-23.923749923706055,725373,13,1.139176607131958,1450848,,
0.0001,2764,108002,-0.009332731366157532,0.07684678584337234,-23.963003158569336,727060,13,0.794582724571228,1454222,,
0.0001,2768,108199,0.1941337138414383,0.08235760033130646,-24.146759033203125,728728,13,1.374218463897705,1457557,,
0.0001,2772,108383,-0.012430042028427124,0.08483270555734634,-24.419687271118164,730283,13,0.6829864978790283,1460667,,
0.0001,2776,108569,0.20285934209823608,0.08555923402309418,-23.598539352416992,731838,13,0.5462860465049744,1463777,,
0.0001,2780,108757,0.6355466842651367,0.09265365451574326,-23.836078643798828,733464,13,0.5648393630981445,1467030,,
0.0001,2784,108962,0.4632083773612976,0.09409956634044647,-24.307252883911133,735196,13,0.42722374200820923,1470493,,
0.0001,2788,109162,0.27584999799728394,0.08843164145946503,-23.153635025024414,736862,13,0.468502402305603,1473825,,
0.0001,2792,109337,0.13305047154426575,0.08130829781293869,-25.475757598876953,738296,13,0.7344646453857422,1476694,,
0.0001,2796,109453,-0.7537449598312378,0.07598486542701721,-22.76532554626465,739272,13,0.812890887260437,1478645,,
0.0001,2800,109692,-0.05328652262687683,0.07530556619167328,-23.70285987854004,741272,13,0.41259080171585083,1482645,,
0.0001,2804,109917,0.656906247138977,0.07777927815914154,-25.017208099365234,743207,13,0.4566583037376404,1486515,,
0.0001,2808,109988,0.3534639775753021,0.07928892970085144,-25.514488220214844,743838,13,0.771630048751831,1487777,,
0.0001,2812,110144,0.5148496031761169,0.08832697570323944,-25.60407829284668,745168,13,0.5542288422584534,1490438,,
0.0001,2816,110384,0.19613251090049744,0.09762310236692429,-25.710512161254883,747168,13,2.753631114959717,1494438,,
0.0001,2820,110616,-0.4643757939338684,0.10388021171092987,-24.906845092773438,749168,13,1.6480340957641602,1498438,,
0.0001,,,0.08488272875547409,0.10270258784294128,-26.381961822509766,749949,,1.7528562545776367,1500000,2387.615694228161,803.8
0.0001,2824,111067,0.07218767702579498,0.09847534447908401,-26.54026222229004,750953,13,0.5087614059448242,1502008,,
0.0001,2828,111194,-0.24003379046916962,0.09919127821922302,-24.890552520751953,752022,13,0.5536359548568726,1504146,,
0.0001,2832,111430,0.35016435384750366,0.10377495735883713,-24.897090911865234,753999,13,1.0974115133285522,1508100,,
0.0001,2836,111609,0.26689794659614563,0.11301888525485992,-23.986751556396484,755515,13,1.4277245998382568,1511132,,
0.0001,2840,111737,-0.392219603061676,0.1116580069065094,-23.382503509521484,756608,13,0.4418661892414093,1513317,,
0.0001,2844,111864,0.46537670493125916,0.10402723401784897,-22.764097213745117,757730,13,0.7302539348602295,1515562,,
0.0001,2848,111871,-0.5663217306137085,0.10368461906909943,-24.091739654541016,757779,13,0.9743534326553345,1515660,,
0.0001,2852,112006,-0.4341444671154022,0.09785214066505432,-24.30096435546875,758972,13,0.8356354832649231,1518045,,
0.0001,2856,112233,-0.04065486788749695,0.08804436028003693,-22.166606903076172,760936,13,5.911202430725098,1521973,,
0.0001,2860,112315,0.427015483379364,0.08915244787931442,-22.592361450195312,761610,13,0.5039418339729309,1523322,,
0.0001,2864,112522,0.006876826286315918,0.0941307321190834,-21.07723617553711,763332,13,0.7140458822250366,1526765,,
0.0001,2868,112762,-0.16514313220977783,0.08887983858585358,-21.803110122680664,765332,13,0.5619068741798401,1530765,,
0.0001,2872,112941,-0.21579957008361816,0.0860230103135109,-21.96460723876953,766839,13,0.4576605260372162,1533779,,
0.0001,2876,113122,-0.01856314390897751,0.08638539165258408,-24.097675323486328,768364,13,1.1682533025741577,1536829,,
0.0001,2880,113267,0.4467760920524597,0.08932878822088242,-23.499666213989258,769624,13,1.87812340259552,1539350,,
0.0001,2884,113498,0.27288153767585754,0.09023234248161316,-25.63605499267578,771624,13,0.6835203170776367,1543350,,
0.0001,2888,113736,-0.4638932943344116,0.08515847474336624,-25.184886932373047,773624,13,0.7616106867790222,1547350,,
0.0001,2892,113906,-0.34545624256134033,0.07534611970186234,-24.957826614379883,775127,13,0.3711909353733063,1550356,,
0.0001,2896,114077,-0.4721717834472656,0.06662406027317047,-23.68231201171875,776642,13,0.4210788309574127,1553385,,
