time/fps,time/iterations,time/time_elapsed,time/total_timesteps,rollout/ep_rew_mean,rollout/ep_len_mean,train/explained_variance,train/clip_fraction,train/entropy_loss,train/n_updates,train/value_loss,train/loss,train/policy_gradient_loss,train/approx_kl,train/learning_rate,train/std,train/clip_range,eval/mean_ep_length,eval/mean_reward
9,1,205,2048,-325.53477653571434,73.03571428571429,,,,,,,,,,,,,
9,2,410,4096,-302.33732061016946,68.72881355932203,0.00021767616271972656,0.08274739850312471,-1.6417882561683654,10,680.0864624023437,275.2429504394531,-0.01090376074891548,0.017583909,0.00039983616,0.5508195161819458,0.3,,
10,3,610,6144,-328.03757396385544,73.28915662650603,0.0018650293350219727,0.015052083902992308,-1.6481849253177643,20,576.3390228271485,266.8638610839844,-0.0016767966546467506,0.007784855,0.00039967232,0.5522566437721252,0.3,,
10,4,809,8192,-340.9888168700001,75.88,1.615285873413086e-05,0.01881510451203212,-1.6546078503131867,30,577.9924011230469,273.6347351074219,-0.00185842928298392,0.011170356,0.00039950848,0.5551007986068726,0.3,,
10,5,1008,10240,-358.86962639999996,78.95,0.0014612078666687012,0.0015755209082271905,-1.6672370254993438,40,534.2925628662109,256.4812927246094,-0.0014789195638151397,0.0040219533,0.00039934464,0.559162974357605,0.3,,
10,6,1201,12288,-383.6866612,83.85,0.0028442740440368652,0.039244792380486615,-1.622420072555542,50,502.6168685913086,242.64459228515625,-0.0028934462126926517,0.006660566,0.0003991808,0.5467555522918701,0.3,,
10,7,1384,14336,-416.75689357999994,90.55,0.0011211633682250977,0.002864583412883803,-1.6381010830402374,60,480.0019500732422,231.05661010742188,-0.0013562444412670515,0.0047282595,0.00039901696000000004,0.5511504411697388,0.3,,
10,8,1593,16384,-391.4955551699999,85.65,9.179115295410156e-06,0.03584635516745038,-1.6536879241466522,70,459.06023559570315,222.01333618164062,-0.0035245689665316603,0.0067187743,0.00039885312,0.5553780794143677,0.3,,
10,9,1791,18432,-382.43094540000016,84.38,0.004249274730682373,0.044401042093522844,-1.6674573302268982,80,400.9580932617188,190.85800170898438,-0.006714677635900656,0.007104952,0.00039868928000000005,0.5583239793777466,0.3,,
,,,20000,,,0.006576120853424072,0.08455729275592602,-1.6778264939785004,90,367.9680114746094,171.97300720214844,-0.008852855664808779,0.013302296,0.00039852544000000003,0.5617989301681519,0.3,33.6,-126.30801569819451
10,10,2017,20480,-376.98812438999994,83.86,,,,,,,,,,,,,
10,11,2214,22528,-341.85269639000006,78.63,8.64267349243164e-06,0.09937500192027074,-1.6330962955951691,100,351.11887512207034,167.15625,-0.01024017047984671,0.019055732,0.0003983616,0.5502849817276001,0.3,,
10,12,2419,24576,-281.92064697999996,72.85,4.231929779052734e-06,0.1650260434311349,-1.651234644651413,110,289.9589324951172,139.57237243652344,-0.022865226618014135,0.024464834,0.00039819776000000004,0.5543596744537354,0.3,,
10,13,2644,26624,-102.25149807,41.19,0.00019991397857666016,0.19867187961935998,-1.6507746994495391,120,167.55058212280272,80.29409790039062,-0.025205241050571203,0.021025732,0.00039803392,0.548425018787384,0.3,,
9,14,2876,28672,-47.263626720000005,28.25,0.0015666484832763672,0.16596354600042104,-1.6284498393535614,130,162.15919494628906,83.7013931274414,-0.02153562369756403,0.03459379,0.00039787008,0.5454461574554443,0.3,,
9,15,3117,30720,-27.644025619999997,22.49,0.001986086368560791,0.10467448256677017,-1.6251059174537659,140,200.16683349609374,94.2040023803711,-0.014211807080428152,0.009114752,0.00039770624,0.5453760027885437,0.3,,
9,16,3386,32768,-23.154099639999995,23.13,-0.0031517744064331055,0.05954427238903008,-1.5646137535572051,150,215.815193939209,104.82936096191406,-0.009206010214984416,0.015266544,0.0003975424,0.5290987491607666,0.3,,
9,17,3630,34816,-22.76450314,19.85,-0.001413583755493164,0.05415364648797549,-1.565720796585083,160,209.36742248535157,95.30170440673828,-0.004524687661614735,0.01786309,0.00039737856,0.5299909114837646,0.3,,
9,18,3887,36864,-24.671671259999997,18.42,-0.00988006591796875,0.009596354351378978,-1.5695619523525237,170,172.73977813720703,79.70169067382812,-0.001510023446262565,0.0077293105,0.00039721472000000006,0.5310347080230713,0.3,,
9,19,4142,38912,-24.578755060000002,18.47,-0.0021189451217651367,0.028763021275517532,-1.575765746831894,180,99.60562705993652,33.823936462402344,-0.0030810993256453756,0.011309883,0.00039705088000000004,0.5343248248100281,0.3,,
,,,40000,,,0.008255839347839355,0.054218751241569406,-1.588798850774765,190,53.50624446868896,25.41670799255371,1.5177556779244484e-05,0.007779369,0.00039688704,0.5365153551101685,0.3,13.6,-22.35212341248989
9,20,4409,40960,-25.882669269999994,17.71,,,,,,,,,,,,,
9,21,4668,43008,-24.329677840000002,18.24,0.12094199657440186,0.04199218893190846,-1.542892336845398,200,48.25034790039062,24.414369583129883,-0.0030396592599572616,0.008273748,0.00039672320000000004,0.5278462171554565,0.3,,
9,22,4918,45056,-21.39615945,19.43,0.1579381823539734,0.022955729864770548,-1.5690761029720306,210,49.643275833129884,23.727027893066406,-0.00165481011441444,0.006577111,0.00039655936,0.5325609445571899,0.3,,
9,23,5168,47104,-19.81505154,19.96,0.14703404903411865,0.015273437841096893,-1.5835209965705872,220,59.77617645263672,30.344032287597656,-0.0008661795920488658,0.0076995734,0.00039639552,0.5362943410873413,0.3,,
9,24,5418,49152,-20.12862748,20.9,0.21102195978164673,0.0322005215974059,-1.595020490884781,230,52.89469318389892,27.385986328125,-0.0029768201737897515,0.010148356,0.00039623168000000003,0.5383509397506714,0.3,,
9,25,5664,51200,-19.38290451,20.69,0.2506948709487915,0.0406250009778887,-1.5985867202281951,240,54.565315055847165,27.67241859436035,0.0017671616002189693,0.014209507,0.00039606784,0.5382199883460999,0.3,,
8,26,5936,53248,-18.215181039999997,21.01,0.22846001386642456,0.05069010584265925,-1.5387891471385955,250,54.516096687316896,27.420902252197266,-0.001213010230276268,0.018704046,0.000395904,0.5234057307243347,0.3,,
8,27,6168,55296,-17.59551436,21.86,0.25463950634002686,0.022877605000394395,-1.5473024189472198,260,58.975929260253906,27.23006248474121,-0.0007934636727441102,0.0009925866,0.00039574016,0.5260910987854004,0.3,,
8,28,6410,57344,-19.800992060000002,20.7,0.2982427477836609,0.004322916798992082,-1.554988306760788,270,57.200269508361814,29.46043586730957,-0.0013281147627185685,0.010381607,0.00039557632,0.5271509289741516,0.3,,
8,29,6649,59392,-27.848649140000003,23.19,0.31047922372817993,0.04424479225708637,-1.5578973472118378,280,48.508837127685545,22.212371826171875,-0.0029932512319646777,0.0091898665,0.00039541248,0.5278774499893188,0.3,,
,,,60000,,,0.3298215866088867,0.042864584262133576,-1.5605954766273498,290,93.09495429992675,44.22340774536133,-0.006530011679278691,0.012246973,0.00039524864000000005,0.5286700129508972,0.3,18.8,-15.551444659382105
8,30,6890,61440,-17.01306655,22.69,,,,,,,,,,,,,
8,31,7128,63488,-18.10792733,21.52,0.313770055770874,0.024049479991663247,-1.5034904062747956,300,51.69750289916992,25.338947296142578,-0.0029731459195318165,0.007983437,0.00039508480000000003,0.5137985944747925,0.3,,
8,32,7368,65536,-19.40159615,21.7,0.2639976143836975,0.0107812502712477,-1.507347697019577,310,54.479213905334475,27.21601104736328,-0.0010146309650372136,0.010256963,0.00039492096,0.5149534344673157,0.3,,
8,33,7607,67584,-16.324149990000002,21.9,0.3306266665458679,0.008723958616610617,-1.5131794691085816,320,46.67030754089355,23.933130264282227,-0.0017950003252917624,0.0040344265,0.00039475712000000004,0.5173500776290894,0.3,,
8,34,7837,69632,-13.21899393,23.39,0.32930058240890503,0.005013020936166868,-1.5229656875133515,330,53.78803749084473,24.821691513061523,-0.0019212021063503837,0.0025044312,0.00039459328,0.5193377137184143,0.3,,
8,35,8065,71680,-14.79665332,25.34,0.3529975414276123,0.035872396314516664,-1.5285544037818908,340,55.69809284210205,27.366422653198242,-0.00503322998876683,0.011756738,0.00039442944,0.5201536417007446,0.3,,
8,36,8298,73728,-14.789012709999998,24.76,0.40720194578170776,0.015872395961196162,-1.4719646155834198,350,44.54440116882324,21.45896339416504,-0.0049054875162255485,0.009174232,0.0003942656,0.5061798691749573,0.3,,
8,37,8528,75776,-11.157579340000002,25.24,0.36255401372909546,0.036497396873892286,-1.4776859760284424,360,51.66751537322998,24.660966873168945,-0.004760487814201042,0.02051737,0.00039410176,0.5072999596595764,0.3,,
8,38,8789,77824,-15.895398470000002,23.95,0.399131715297699,0.03985677150194533,-1.4802173674106598,370,49.1408130645752,26.47022819519043,-0.002644079129677257,0.004282155,0.00039393792000000003,0.5073491334915161,0.3,,
8,39,9010,79872,-11.927897700000003,27.8,0.4190497398376465,0.03493489651591517,-1.4800379812717437,380,46.77897319793701,22.392419815063477,-0.0062672803085297435,0.01427723,0.00039377408,0.5073709487915039,0.3,,
,,,80000,,,0.4523612856864929,0.0360026050650049,-1.4795375168323517,390,47.82912063598633,23.552907943725586,-0.005073147945804523,0.0138929235,0.00039361024000000004,0.5069661140441895,0.3,47.2,10.096275846846401
8,40,9254,81920,-5.2612462,28.63,,,,,,,,,,,,,
8,41,9469,83968,-3.7512410099999993,30.3,0.4362547993659973,0.05718750060768798,-1.4184087693691254,400,47.702468681335446,24.559263229370117,-0.002439982292435161,0.016346036,0.0003934464,0.4921228289604187,0.3,,
8,42,9688,86016,-6.270536549999998,29.9,0.44698643684387207,0.11552083419519477,-1.419298529624939,410,46.63907108306885,25.841407775878906,-0.0013865188045019794,0.024105567,0.00039328256000000005,0.4921519160270691,0.3,,
8,43,9911,88064,-7.259079830000003,30.37,0.35843002796173096,0.1313281265378464,-1.4196542143821715,420,43.67171154022217,20.580730438232422,-0.004147158891719282,0.1692927,0.00039311872,0.4924340844154358,0.3,,
8,44,10123,90112,-5.081312869999999,31.59,0.4720897674560547,0.2035807341337204,-1.421624368429184,430,33.172293186187744,16.691749572753906,-0.006806354867294395,0.024577755,0.00039295488,0.49301546812057495,0.3,,
8,45,10346,92160,-4.51933595,30.71,0.5071287751197815,0.3240234440891072,-1.3644322454929352,440,40.30241584777832,18.14769172668457,0.04036290709627792,0.12143928,0.00039279104000000003,0.4794155955314636,0.3,,
8,46,10557,94208,-1.6381455600000001,32.48,0.549662709236145,0.17118490019929594,-1.3685631513595582,450,37.248107528686525,17.577428817749023,0.0002672059508040725,0.045208856,0.0003926272,0.48008066415786743,0.3,,
8,47,10765,96256,1.2481350099999993,34.45,0.5251726806163788,0.2038932349998504,-1.3712439298629762,460,40.44152984619141,21.149612426757812,0.01031386171205666,0.25893185,0.00039246336000000004,0.4809125065803528,0.3,,
8,48,10983,98304,1.3226593499999995,37.23,0.4893501400947571,0.06850260584615171,-1.3746854364871979,470,42.443234252929685,19.55502700805664,-0.007224356185179204,0.009745065,0.00039229952,0.48132604360580444,0.3,,
,,,100000,,,0.5256184935569763,0.13337239902466536,-1.3745254933834077,480,35.415717887878415,16.7307071685791,-0.015602442855015396,0.029245328,0.00039213568,0.4808639883995056,0.3,57.6,23.38012567795813
8,49,11229,100352,3.4576978400000007,37.68,,,,,,,,,,,,,
8,50,11433,102400,16.364717920000004,40.08,0.5397447645664215,0.08925781518337317,-1.3143511176109315,490,39.65597381591797,20.146841049194336,-0.0015496610547415912,0.035615116,0.00039197184,0.46755725145339966,0.3,,
8,51,11644,104448,20.14189554,42.61,0.6523204743862152,0.16955729766050354,-1.3192821383476256,500,36.11601333618164,15.954852104187012,0.012520907012803973,0.08616798,0.000391808,0.4684622287750244,0.3,,
8,52,11849,106496,15.883588249999997,42.58,0.5715738236904144,0.08391927258344367,-1.3236130952835083,510,34.231690120697024,16.968124389648438,0.0007248669938417108,0.01311204,0.00039164416000000003,0.46972209215164185,0.3,,
9,53,12055,108544,19.15901311,44.69,0.6528703272342682,0.09613281523343176,-1.3281576037406921,520,32.2280460357666,15.600003242492676,-0.006315314404200767,0.01782088,0.00039148032,0.4703488349914551,0.3,,
9,54,12258,110592,21.16806236,47.53,0.6589345037937164,0.112890628259629,-1.3300932407379151,530,31.898637676239012,15.487140655517578,-0.00019644612330012025,0.030863496,0.00039131648000000004,0.4707908034324646,0.3,,
9,55,12465,112640,17.811225999999998,46.46,0.686197429895401,0.1718880252825329,-1.2718451082706452,540,30.01903247833252,15.462162017822266,0.003721536113880575,0.03339538,0.00039115264,0.45712557435035706,0.3,,
9,56,12695,114688,9.0645718,43.8,0.6907318234443665,0.2855989638715982,-1.272886222600937,550,28.551597023010252,14.823607444763184,0.02997295321431013,0.019874044,0.00039098880000000005,0.45750200748443604,0.3,,
9,57,12876,116736,3.97445822,45.58,0.7160424888134003,0.18473958671092988,-1.2749357879161836,560,28.60177536010742,13.135722160339355,-0.003765958756666787,0.087044016,0.00039082496,0.4580782651901245,0.3,,
9,58,13051,118784,3.7329246499999997,46.99,0.6855983436107635,0.30097656965372155,-1.2786014080047607,570,38.51095695495606,19.13519287109375,0.016464385215658694,0.03467393,0.00039066112,0.4591848850250244,0.3,,
,,,120000,,,0.7181182205677032,0.15613281563855708,-1.2826518058776855,580,22.943961906433106,11.373637199401855,0.0006911102535377856,0.033868156,0.00039049728000000003,0.45973098278045654,0.3,37.8,-1.2817070507444441
9,59,13266,120832,12.76646067,48.76,,,,,,,,,,,,,
9,60,13449,122880,20.54830814,46.59,0.670727014541626,0.3851432357361773,-1.2244079411029816,590,29.590852165222167,11.898085594177246,0.053961043935851195,0.09210828,0.00039033344,0.4465372562408447,0.3,,
9,61,13639,124928,23.350088260000003,48.53,0.6611034572124481,0.14805989761371166,-1.225517600774765,600,30.03261594772339,15.00512409210205,0.009310556328855446,0.04496011,0.0003901696,0.4465141296386719,0.3,,
9,62,13818,126976,24.301764989999995,49.35,0.7213961482048035,0.07108073041308671,-1.2255284249782563,610,26.376177978515624,13.910346031188965,-0.009431128949508993,0.01557213,0.00039000576,0.4466622471809387,0.3,,
9,63,14001,129024,29.232752639999998,47.72,0.7408249378204346,0.21682292115874588,-1.226100492477417,620,30.19464530944824,14.189038276672363,0.015894800793030316,0.037885115,0.00038984192000000005,0.4467242956161499,0.3,,
9,64,14181,131072,40.976734379999996,50.46,0.6800093650817871,0.13781250258907676,-1.2265324592590332,630,38.8006010055542,18.2296085357666,0.002605702928267417,0.04362232,0.00038967808,0.44687360525131226,0.3,,
9,65,14362,133120,44.06360155,52.28,0.6697899699211121,0.08173177340067923,-1.1672687172889709,640,43.9062744140625,22.37945556640625,-0.005042022283305414,0.02048283,0.00038951424000000006,0.4339051842689514,0.3,,
9,66,14527,135168,57.15648276000002,60.04,0.7006519734859467,0.3575260474346578,-1.1697653830051422,650,34.328695106506345,16.086320877075195,0.07445314473705364,0.72235596,0.00038935040000000003,0.4350929856300354,0.3,,
9,67,14696,137216,64.35155965999999,66.53,0.6914914548397064,0.14057291904464364,-1.175408262014389,660,28.685843181610107,14.15888786315918,-0.004130274962517433,0.034669895,0.00038918656,0.4357546269893646,0.3,,
9,68,14874,139264,70.79500223,71.26,0.784013569355011,0.1461197953671217,-1.176864504814148,670,23.58860626220703,11.800300598144531,-0.018406348889693593,0.017769739,0.00038902272000000004,0.4359111189842224,0.3,,
,,,140000,,,0.7606930285692215,0.1197526074014604,-1.178507399559021,680,28.67677993774414,14.726486206054688,-0.004526070165447882,0.034312274,0.00038885888,0.43672865629196167,0.3,66.4,47.02326826786157
9,69,15090,141312,75.36283346,73.26,,,,,,,,,,,,,
9,70,15259,143360,89.32371327000001,78.48,0.7994974553585052,0.11347656557045412,-1.122691923379898,690,27.48993158340454,13.990790367126465,-0.008842083004128653,0.019382048,0.00038869504,0.42454272508621216,0.3,,
9,71,15440,145408,93.64085148999997,80.59,0.7960608303546906,0.24278646418824792,-1.125161838531494,700,24.963113689422606,11.93875503540039,0.01604746635362968,0.17463261,0.0003885312,0.4249171018600464,0.3,,
9,72,15615,147456,106.77035795,85.67,0.784641444683075,0.1057161487871781,-1.125603723526001,710,30.802241611480714,13.172149658203125,-0.0003028906369581752,0.022263855,0.00038836736,0.42462432384490967,0.3,,
9,73,15780,149504,118.95285209,91.24,0.7651598006486893,0.08600260561215692,-1.123911154270172,720,30.48539342880249,12.905492782592773,-0.002312462879926902,0.018228805,0.00038820352,0.42437639832496643,0.3,,
9,74,15960,151552,119.91193297,90.93,0.773248016834259,0.08682291960576549,-1.123089188337326,730,28.079449272155763,13.582280158996582,0.0016207509918604035,0.057103124,0.00038803968000000006,0.42429298162460327,0.3,,
9,75,16135,153600,143.74191857000002,100.17,0.7944351881742477,0.1839322943618754,-1.0631728768348694,740,27.949693584442137,13.456412315368652,0.005388220044551417,0.0157151,0.00038787584000000004,0.41192057728767395,0.3,,
9,76,16303,155648,170.60324946000003,111.46,0.7585603147745132,0.10519531387835741,-1.0627503991127014,750,25.727659702301025,10.835927963256836,-0.00371731871942762,0.022712383,0.000387712,0.41140010952949524,0.3,,
9,77,16478,157696,162.09889188,107.3,0.7831507921218872,0.057057292899116874,-1.0593511164188385,760,23.574680900573732,11.661543846130371,-0.004686557186651041,0.022555033,0.00038754816000000005,0.410623162984848,0.3,,
9,78,16653,159744,168.23858882999997,110.71,0.7811533510684967,0.45576823968440294,-1.0569964051246643,770,27.87109155654907,13.559133529663086,0.10463986000038847,0.26523608,0.00038738432,0.4108535051345825,0.3,,
,,,160000,,,0.7768804132938385,0.4895703211426735,-1.0607711553573609,780,23.27471923828125,11.09080696105957,0.07252842732705175,0.0673278,0.00038722048,0.41186070442199707,0.3,342.2,534.479395993799
9,79,16999,161792,159.81958186000003,109.19,,,,,,,,,,,,,
9,80,17175,163840,115.77352945000001,91.53,0.7070386111736298,0.18433594107627868,-1.004883599281311,790,27.95472354888916,11.394347190856934,-0.00826162243320141,0.03911133,0.00038705664000000003,0.40035951137542725,0.3,,
9,81,17349,165888,108.79761269,89.07,0.68222975730896,0.12098958566784859,-1.0063713550567628,800,36.79977407455444,19.25798988342285,-0.013083687355974687,0.017038316,0.0003868928,0.4000055193901062,0.3,,
9,82,17528,167936,101.74798650000002,86.22,0.7170076966285706,0.11985677354969085,-1.0031687498092652,810,31.08467540740967,15.880358695983887,-0.006112421157304126,0.013128669,0.00038672896,0.39932358264923096,0.3,,
9,83,17709,169984,109.92653812000002,88.25,0.7657041847705841,0.1043359400704503,-0.9999164938926697,820,26.475776386260986,13.730968475341797,-0.01199655431206339,0.03316353,0.00038656512,0.3988560438156128,0.3,,
9,84,17878,172032,125.46386805,93.35,0.798761248588562,0.05169270960614085,-0.9982245206832886,830,27.156351375579835,12.266181945800781,-0.007897464865964121,0.017063672,0.00038640128,0.3985922336578369,0.3,,
9,85,18051,174080,143.22307046,100.08,0.8017057329416275,0.10746094025671482,-0.9370789915323258,840,25.413991260528565,12.118535995483398,-0.0072011094673143814,0.03298112,0.00038623744,0.3866845369338989,0.3,,
9,86,18223,176128,150.38047834999998,102.65,0.7682895064353943,0.13671875223517418,-0.9365235894918442,850,29.0835768699646,13.594853401184082,-0.006394860791042456,0.04182691,0.00038607360000000006,0.386600136756897,0.3,,
9,87,18399,178176,161.31129646,106.9,0.8326615989208221,0.17692708547692745,-0.9350051999092102,860,21.60886631011963,9.714421272277832,0.004001092959624653,0.029781358,0.00038590976000000003,0.3860357701778412,0.3,,
,,,180000,,,0.8399459570646286,0.29571615159511566,-0.9325259625911713,870,20.401077461242675,9.535400390625,0.026423883056268093,0.2137841,0.00038574592,0.38595932722091675,0.3,130.0,239.11617761040105
9,88,18653,180224,167.01672328,109.62,,,,,,,,,,,,,
9,89,18825,182272,174.70382943999996,110.94,0.7967953979969025,0.25526042290148326,-0.8735493868589401,880,26.815437602996827,11.734832763671875,0.012956062739249319,0.054356545,0.00038558208000000004,0.3749540448188782,0.3,,
9,90,18997,184320,171.96807454,109.64,0.8002185821533203,0.18356771171092987,-0.8746000111103058,890,22.641306686401368,10.848255157470703,0.0038159754977095785,0.03796436,0.00038541824,0.37489259243011475,0.3,,
9,91,19181,186368,183.41100139,113.8,0.7901918590068817,0.2198828175663948,-0.8727901041507721,900,21.87180576324463,11.412694931030273,0.012611373882973564,0.04579277,0.0003852544,0.37430691719055176,0.3,,
9,92,19350,188416,212.38530991999997,126.62,0.7333059012889862,0.15265625454485415,-0.8695245891809463,910,24.66765546798706,11.53298282623291,0.004905517527949987,0.01039682,0.00038509056,0.3737754821777344,0.3,,
9,93,19521,190464,212.29003509999998,127.32,0.7769453972578049,0.11975260870531201,-0.8677562475204468,920,19.693752002716064,9.777111053466797,-0.006275115850730905,0.01476961,0.00038492672,0.3738582730293274,0.3,,
9,94,19699,192512,233.21466057,135.48,0.7833052426576614,0.24608073520939797,-0.8089060962200165,930,21.99682025909424,8.265890121459961,0.013838145672343672,0.10200909,0.00038476288,0.36313462257385254,0.3,,
9,95,19866,194560,234.69081921999998,134.88,0.8082278370857239,0.1993098977021873,-0.8101871997117996,940,16.17693166732788,7.711641788482666,0.001872239661097419,0.0199592,0.00038459904,0.363278329372406,0.3,,
9,96,20040,196608,233.63033375999998,135.35,0.784582108259201,0.08003906419035048,-0.809356364607811,950,22.85466070175171,9.561853408813477,-0.002091640893559088,0.027931236,0.0003844352,0.36295753717422485,0.3,,
9,97,20248,198656,246.08131012,139.64,0.8255434334278107,0.14540364844724535,-0.8062324732542038,960,22.543598556518553,10.989864349365234,-0.003272551443951599,0.016253436,0.00038427136,0.3622194230556488,0.3,,
,,,200000,,,0.8214530795812607,0.14528646348044277,-0.8030309200286865,970,21.32498483657837,8.054991722106934,-0.008338440156076122,0.029780619,0.00038410752000000005,0.3620850145816803,0.3,191.6,354.8419668195769
9,98,20544,200704,224.94640181,129.96,,,,,,,,,,,,,
9,99,20726,202752,228.08261680999993,129.61,0.8110568672418594,0.21526042416808194,-0.7429963678121567,980,23.452583599090577,10.689454078674316,0.0033357569918734953,0.044905905,0.00038394368000000003,0.35147613286972046,0.3,,
9,100,20931,204800,200.59005874,119.53,0.8428174555301666,0.3461588595062494,-0.7430150300264359,990,18.150363731384278,10.252046585083008,0.029220710566150953,0.08762801,0.00038377984,0.35148411989212036,0.3,,
9,101,21130,206848,196.72532283999996,119.83,0.8319603055715561,0.4860416822135448,-0.7444863498210907,1000,21.65455846786499,8.974658012390137,0.0802351895836182,0.21879351,0.00038361600000000004,0.3519659638404846,0.3,,
9,102,21318,208896,188.27422838999996,116.85,0.8537789434194565,0.08101562665833625,-0.7450711220502854,1010,19.22423219680786,9.488801002502441,-0.009762951739830883,0.010658886,0.00038345216,0.3515370488166809,0.3,,
9,103,21507,210944,175.76358837,111.66,0.823352038860321,0.09434896083548665,-0.7419284075498581,1020,21.587943935394286,10.847456932067871,-0.006432723122088646,0.01888638,0.00038328832,0.35112887620925903,0.3,,
9,104,21706,212992,170.07851278999996,110.08,0.8180126398801804,0.14746094023867046,-0.6800461202859879,1030,21.42849454879761,10.993399620056152,-0.0068770319247050795,0.041474868,0.00038312448,0.3406556248664856,0.3,,
9,105,21908,215040,169.18565252,109.4,0.8040011376142502,0.2998958402662538,-0.6786278635263443,1040,23.295357036590577,9.903924942016602,0.010371804983587918,0.093943864,0.00038296064,0.34028005599975586,0.3,,
9,106,22094,217088,172.96146865,108.74,0.8142547160387039,0.23638021089136602,-0.6763927727937699,1050,19.92062578201294,8.997669219970703,0.007544576708460227,0.051304273,0.0003827968,0.3399064838886261,0.3,,
9,107,22293,219136,188.3805346,115.96,0.7879127711057663,0.10450521036982537,-0.6738405793905258,1060,21.98903646469116,10.12345027923584,-0.005056967122363964,0.020968396,0.00038263296000000006,0.3395382761955261,0.3,,
,,,220000,,,0.8502613008022308,0.08321614786982537,-0.6711014032363891,1070,17.13498158454895,8.833600044250488,-0.008906438697595154,0.02076646,0.00038246912000000004,0.3388569951057434,0.3,94.0,159.02644516532308
9,108,22564,221184,194.55020136,116.86,,,,,,,,,,,,,
9,109,22773,223232,197.96867095000002,119.41,0.8168553411960602,0.06023437643307261,-0.606144243478775,1080,23.192657661437988,11.212377548217773,-0.007750383007805795,0.034212768,0.00038230528,0.32810527086257935,0.3,,
9,110,22975,225280,207.1660204,122.87,0.8624520003795624,0.05610677250660956,-0.6034341841936112,1090,18.31990270614624,7.6040449142456055,-0.005101203453305203,0.011886602,0.00038214144000000004,0.3281230926513672,0.3,,
9,111,23176,227328,218.27137471999998,125.92,0.8668705075979233,0.08307291891251226,-0.6026052743196487,1100,17.290295219421388,8.041583061218262,-0.0052720076648984145,0.021909252,0.0003819776,0.32768309116363525,0.3,,
9,112,23388,229376,218.01271359000006,125.69,0.8704204708337784,0.18928385758772492,-0.5974882990121841,1110,16.41641855239868,8.330076217651367,-0.004142433945380631,0.034173172,0.00038181376,0.32682105898857117,0.3,,
9,113,23602,231424,222.15096115,126.89,0.8068844228982925,0.3051953200250864,-0.593239963054657,1120,21.901904010772704,10.214212417602539,0.015368286914308537,0.2886386,0.00038164992000000003,0.326546311378479,0.3,,
9,114,23801,233472,237.03259441000003,133.54,0.8359032571315765,0.3163802161812782,-0.5329375714063644,1130,20.462236309051512,9.863384246826172,0.017259534084587358,0.031917103,0.00038148608,0.31704193353652954,0.3,,
9,115,24009,235520,263.2093019,143.34,0.8803493604063988,0.18151042167155537,-0.5331816107034684,1140,15.112939167022706,6.966538906097412,0.005375656272226426,0.078588426,0.00038132224,0.3169814944267273,0.3,,
9,116,24220,237568,283.22507112,151.41,0.872970700263977,0.17388021266087889,-0.5318874627351761,1150,13.699564266204835,5.7904438972473145,-0.00213675339036854,0.04747579,0.0003811584,0.3167116641998291,0.3,,
9,117,24430,239616,293.92454086,156.21,0.8383419215679169,0.27647136435844005,-0.5298712879419327,1160,15.075924253463745,5.7672247886657715,0.008921301257505565,0.2620305,0.00038099456,0.3165562152862549,0.3,,
,,,240000,,,0.8099750876426697,0.2250651091337204,-0.5295870780944825,1170,23.4451171875,10.72622299194336,0.007935616589384154,0.065617375,0.00038083072,0.31659168004989624,0.3,196.6,435.19509558938444
9,118,24767,241664,300.26913334,158.65,,,,,,,,,,,,,
9,119,24961,243712,309.65848556,163.15,0.8342570066452026,0.21397135891020297,-0.47019901871681213,1180,20.121664237976074,8.863981246948242,0.0006820399261414422,0.033631884,0.00038066688000000005,0.30747702717781067,0.3,,
9,120,25167,245760,304.00291029000005,161.2,0.8809112757444382,0.13664062799653037,-0.4703001260757446,1190,14.590170764923096,6.623509883880615,-0.00535393841229963,0.018152282,0.00038050304000000003,0.30729490518569946,0.3,,
9,121,25371,247808,295.64463217,157.53,0.876189261674881,0.11061198031529784,-0.4684432506561279,1200,16.675643587112425,8.280012130737305,-0.005857904059666907,0.018636579,0.0003803392,0.3070825934410095,0.3,,
9,122,25579,249856,298.35876829,159.83,0.8823858574032784,0.18016927652060985,-0.46661185324192045,1210,14.96981053352356,6.484341621398926,-0.000629696079486175,0.07090001,0.00038017536000000004,0.306784987449646,0.3,,
9,123,25786,251904,288.62880762000003,158.37,0.8242137283086777,0.1666015662252903,-0.46521061658859253,1220,16.69574694633484,6.377686500549316,0.001049083522520955,0.017037317,0.00038001152,0.30664536356925964,0.3,,
9,124,25992,253952,293.03559801999995,160.88,0.8384377807378769,0.34813803384895436,-0.4052226573228836,1230,16.811558389663695,6.136110782623291,0.017889556374575476,0.104346186,0.00037984768,0.297746479511261,0.3,,
9,125,26186,256000,301.06681460999994,163.76,0.8910541385412216,0.0874218769138679,-0.404231932759285,1240,12.82147946357727,4.625072002410889,-0.007958197349289532,0.013946261,0.00037968384,0.29695504903793335,0.3,,
9,126,26389,258048,305.76192179000003,165.42,0.8695043176412582,0.20605469159781933,-0.39879857152700426,1250,16.348966121673584,8.38034725189209,0.0010740522627020299,0.056708544,0.00037952,0.2965576648712158,0.3,,
,,,260000,,,0.8545364290475845,0.26817709133028983,-0.3975198984146118,1260,17.92360053062439,7.608236312866211,0.006325233526877127,0.03760779,0.00037935616000000003,0.2965613603591919,0.3,347.8,795.3104367921129
9,127,26823,260096,312.49409704,168.03,,,,,,,,,,,,,
9,128,27024,262144,315.17080329,176.57,0.851823627948761,0.3647395937150577,-0.33777056336402894,1270,15.809014797210693,7.166896820068359,0.04352604614105075,0.92763865,0.00037919232,0.28796786069869995,0.3,,
9,129,27222,264192,330.00012892,189.64,0.06325101852416992,0.25885417200624944,-0.3392169713973999,1280,90.34546337127685,31.137271881103516,0.0068635618037660604,0.029767208,0.00037902848000000004,0.28809720277786255,0.3,,
9,130,27420,266240,339.58397454000004,198.93,0.4447363615036011,0.27483073296025395,-0.3394065320491791,1290,33.02000246047974,13.052484512329102,-0.012990550163667703,0.07653028,0.00037886464,0.28798139095306396,0.3,,
9,131,27606,268288,355.45909358999995,207.5,0.6651124358177185,0.17795573364710435,-0.33763267993927004,1300,23.246922492980957,12.086301803588867,-0.011740107022924384,0.0641461,0.00037870080000000005,0.28753167390823364,0.3,,
9,132,27786,270336,359.2078898600001,209.84,0.6444529592990875,0.23389323793817313,-0.3340848386287689,1310,21.503140926361084,8.82744312286377,0.0036121570639078724,0.10502826,0.00037853696,0.28689658641815186,0.3,,
9,133,27979,272384,365.01667277999985,213.58,0.8239391148090363,0.25432292483747004,-0.27092719078063965,1320,13.24658031463623,6.5897603034973145,-0.01262359999018372,0.04916837,0.00037837312,0.2783975601196289,0.3,,
9,134,28180,274432,375.24881956999997,217.85,0.8592481166124344,0.1958072965964675,-0.27053403854370117,1330,10.285092210769653,4.178594589233398,-0.012677329456200814,0.031690862,0.00037820928000000003,0.2780812382698059,0.3,,
9,135,28376,276480,378.30592333,220.89,0.8203640282154083,0.14256510576233267,-0.2662424683570862,1340,19.116308784484865,8.33669662475586,-0.010916992176789786,0.038688734,0.00037804544,0.2774011194705963,0.3,,
9,136,28569,278528,396.6040643400001,228.82,0.8751205503940582,0.12773437842261046,-0.26090824604034424,1350,12.228626203536987,6.252865791320801,-0.010333838477963564,0.013678517,0.00037788160000000004,0.2766425311565399,0.3,,
,,,280000,,,0.871220737695694,0.15468750484287738,-0.255730003118515,1360,12.929613256454468,6.625099182128906,-0.007691086725099006,0.02355577,0.00037771776,0.27627554535865784,0.3,787.2,1894.9650432772935
9,137,29214,280576,389.27749378,226.32,,,,,,,,,,,,,
9,138,29416,282624,388.42158644000006,227.35,0.8928074836730957,0.2735677178861806,-0.19378169178962706,1370,12.856067514419555,5.202574729919434,0.007638547429814934,0.089996845,0.00037755392,0.2680695056915283,0.3,,
9,139,29613,284672,399.01794887999995,228.91,0.8339801728725433,0.17134114941582085,-0.19370256662368773,1380,16.35167694091797,6.283554553985596,-0.005127585083246266,0.02269548,0.00037739008,0.26802438497543335,0.3,,
9,140,29808,286720,377.82280427999996,208.06,0.8743501603603363,0.1544010467361659,-0.19204857349395751,1390,11.284616088867187,5.090886116027832,-0.0025803808774799097,0.032291133,0.00037722624,0.2677040100097656,0.3,,
9,141,30013,288768,381.8764729200001,207.62,0.857920691370964,0.12684896029531956,-0.18942407369613648,1400,16.841871118545534,7.813809394836426,-0.006465003928187796,0.016897053,0.00037706240000000003,0.26735714077949524,0.3,,
9,142,30211,290816,365.91309401,199.58,0.8590535074472427,0.17761719301342965,-0.18523074984550475,1410,14.987821769714355,6.617589473724365,-0.008773155675735379,0.048908055,0.00037689856,0.2666744291782379,0.3,,
9,143,30413,292864,368.10781807000006,198.63,0.8327563256025314,0.25877604812849314,-0.12152196764945984,1420,17.730239820480346,7.927674770355225,0.007831781764980405,0.0883632,0.00037673472000000004,0.25866031646728516,0.3,,
9,144,30598,294912,344.9997888799999,204.39,0.8889956027269363,0.5833203218877315,-0.12122054696083069,1430,12.914087057113647,5.498175621032715,0.1338240496092476,6.9011526,0.00037657088,0.25887569785118103,0.3,,
9,145,30785,296960,299.20031182,210.05,-1.7483549118041992,0.47335938960313795,-0.1233798086643219,1440,60.32494058609009,8.14819049835205,0.06560554148396473,0.37716895,0.00037640704000000005,0.25907832384109497,0.3,,
9,146,30970,299008,279.15233577,218.1,0.13959228992462158,0.6012239694595337,-0.1254066288471222,1450,109.23185691833496,21.338193893432617,0.16518742520362137,0.08701035,0.0003762432,0.2593485713005066,0.3,,
,,,300000,,,0.6970570385456085,0.3672005295753479,-0.12692371010780334,1460,60.068102264404295,24.092607498168945,0.0062925854854984035,0.08205306,0.00037607936,0.2592562437057495,0.3,934.0,567.7470178626594
9,147,31709,301056,229.99451598,217.41,,,,,,,,,,,,,
9,148,31893,303104,237.10343372,230.98,-0.32928478717803955,0.3339713598048547,-0.06671492457389831,1470,31.87173080444336,10.82327938079834,0.039908962966001126,0.22446544,0.00037591552000000003,0.2519872784614563,0.3,,
9,149,32091,305152,221.32318127,232.88,0.18184256553649902,0.24854167085140944,-0.0743687927722931,1480,17.000422620773314,6.214760780334473,-0.009618923728121443,0.051591635,0.00037575168,0.25341296195983887,0.3,,
9,150,32287,307200,213.58629123999998,237.75,0.49397212266921997,0.18022135831415653,-0.0836959183216095,1490,15.10177435874939,5.255744934082031,-0.012097226336773037,0.03449224,0.00037558784,0.2540079355239868,0.3,,
9,151,32486,309248,191.03441243999998,230.14,0.6903772354125977,0.305156259983778,-0.08533599972724915,1500,9.34185299873352,3.5732858180999756,0.01370667142793538,0.38204518,0.000375424,0.2544022798538208,0.3,,
9,152,32681,311296,170.17598084999997,223.92,0.6126118004322052,0.3630859415978193,-0.09059032201766967,1510,19.10469284057617,7.783777713775635,0.024993362998939082,0.14234796,0.00037526016000000005,0.2552177309989929,0.3,,
9,153,32875,313344,177.33986917,230.39,0.7172392904758453,0.21690104800800328,-0.034486019611358644,1520,26.31306371688843,10.644238471984863,-0.015559163398575038,0.034002014,0.00037509632,0.2479279488325119,0.3,,
9,154,33074,315392,162.86225999,225.92,0.8609877377748489,0.14679687861353158,-0.034024369716644284,1530,11.361571645736694,5.045566558837891,-0.01845202651340514,0.03253919,0.00037493248000000005,0.2473650872707367,0.3,,
9,155,33263,317440,196.67915311000002,233.23,0.8446657359600067,0.17322916872799396,-0.02586236596107483,1540,13.239467859268188,6.148678302764893,-0.0075637878844281746,0.07858955,0.00037476864000000003,0.24651296436786652,0.3,,
9,156,33459,319488,246.21642785000003,224.88,0.8991081938147545,0.10337239817599767,-0.018493509292602538,1550,9.53556776046753,4.409483432769775,-0.009690142091276322,0.0327207,0.0003746048,0.24575847387313843,0.3,,
,,,320000,,,0.8535640388727188,0.16007813005708157,-0.012178289890289306,1560,15.790175485610963,7.380497455596924,-0.005145160962711071,0.033785116,0.00037444096000000004,0.2452210932970047,0.3,715.8,1662.2486401354429
9,157,34024,321536,286.53356562,219.64,,,,,,,,,,,,,
9,158,34224,323584,338.61753682,239.16,0.8961129561066628,0.16093750286381692,0.05299832820892334,1570,8.509528112411498,3.8878543376922607,-0.009735198946509626,0.09291125,0.00037427712,0.23718413710594177,0.3,,
9,159,34420,325632,358.46511888000003,239.89,0.896900549530983,0.3189322970807552,0.05903072357177734,1580,9.191096258163451,3.6464385986328125,0.007821263144724071,0.06295511,0.00037411328,0.2369900345802307,0.3,,
9,160,34624,327680,370.56438220999996,232.33,0.8804579079151154,0.23839844297617674,0.06307600140571594,1590,11.183876657485962,5.98070764541626,0.0015028647080180147,0.040710215,0.00037394944,0.23597681522369385,0.3,,
9,161,34811,329728,410.38605472,246.38,0.865230992436409,0.18837240077555178,0.07325465679168701,1600,11.614942693710328,4.3864521980285645,-0.0073703353991732,0.05353527,0.0003737856,0.23514848947525024,0.3,,
9,162,35005,331776,452.4418528299999,260.76,0.8653760999441147,0.17809896217659116,0.08116139769554138,1610,11.524932432174683,4.112553119659424,-0.013547306830296257,0.034819536,0.00037362176,0.23395097255706787,0.3,,
9,163,35189,333824,484.14099189,274.71,0.861303985118866,0.637968760728836,0.14843761920928955,1620,11.4528094291687,5.319133281707764,0.14211952445912174,0.5519163,0.00037345792,0.22701269388198853,0.3,,
9,164,35375,335872,502.17356049,278.58,0.8538136035203934,0.4969921961426735,0.14739583134651185,1630,8.877985382080078,4.020662307739258,0.05754091341048477,0.119842365,0.00037329408000000004,0.22694715857505798,0.3,,
9,165,35572,337920,528.05651229,289.51,0.7921259105205536,0.3573307391256094,0.14729303121566772,1640,14.957701206207275,6.593660831451416,0.007059717713927949,0.034946695,0.00037313024,0.22701826691627502,0.3,,
9,166,35751,339968,567.87839961,304.77,0.8043607175350189,0.21832031551748515,0.14862651228904725,1650,12.317612457275391,5.323657989501953,-0.008028841665945951,0.1306486,0.00037296640000000005,0.22680535912513733,0.3,,
,,,340000,,,0.8338566571474075,0.16891927570104598,0.15211416482925416,1660,10.691454434394837,4.839664459228516,-0.015465829646127638,0.01628185,0.00037280256,0.22628101706504822,0.3,531.4,1448.30138002038
9,167,36279,342016,589.4845120499999,313.03,,,,,,,,,,,,,
9,168,36473,344064,653.9371918700001,337.48,0.8360459506511688,0.14480468919500708,0.21752517819404601,1670,10.595125961303712,4.949896812438965,-0.01265441469149664,0.04614107,0.00037263872,0.2193433791399002,0.3,,
9,169,36669,346112,686.86767379,348.78,0.8438092917203903,0.29798177909106016,0.21947248578071593,1680,10.163529515266418,4.804269790649414,0.00039841804653395485,0.087186545,0.00037247488000000003,0.21928954124450684,0.3,,
9,170,36863,348160,716.9908231,360.98,0.8458104878664017,0.15682292096316813,0.22071667313575744,1690,10.330444574356079,4.251049995422363,-0.010775006662297582,0.028557569,0.00037231104,0.21892951428890228,0.3,,
9,171,37050,350208,771.2379925399999,381.47,0.8567430227994919,0.39645833931863306,0.22541583776474,1700,8.907169461250305,4.23456335067749,0.06492139249457977,0.19695166,0.0003721472,0.21918991208076477,0.3,,
9,172,37245,352256,794.8336135699999,389.39,0.7973957061767578,0.27812500640866344,0.2806027173995972,1710,9.775658440589904,3.9501006603240967,-0.0009505092282779514,0.101762936,0.00037198336,0.21348008513450623,0.3,,
9,173,37435,354304,835.02729894,403.84,0.8254712671041489,0.3880078211426735,0.2768754720687866,1720,9.488202142715455,3.943842887878418,0.021782169467769563,0.31863207,0.00037181952,0.21373766660690308,0.3,,
9,174,37624,356352,864.22947862,413.98,0.8644899129867554,0.2297786518931389,0.2783434271812439,1730,8.737533688545227,5.253495693206787,0.003584683813678602,0.061416015,0.00037165568,0.2132313847541809,0.3,,
9,175,37818,358400,913.56538921,433.47,0.8606233298778534,0.2306510478258133,0.28557881712913513,1740,8.822269105911255,3.9678165912628174,0.004097530971921515,0.077097096,0.00037149184000000006,0.2122502326965332,0.3,,
,,,360000,,,0.901156909763813,0.3808463592082262,0.29734203815460203,1750,8.724658036231995,5.575695991516113,0.03450831978232598,0.08965075,0.00037132800000000003,0.21160095930099487,0.3,852.8,2333.410290550813
9,176,38501,360448,932.03916676,437.89,,,,,,,,,,,,,
9,177,38692,362496,963.2660282999999,448.16,0.7380544543266296,0.20549479521869216,0.3626410782337189,1760,14.262423229217529,6.20779275894165,-0.0034119584830477833,0.048227776,0.00037116416,0.2051478922367096,0.3,,
9,178,38880,364544,982.8382694400002,453.73,0.764823317527771,0.16894531750003808,0.36568920612335204,1770,11.652042484283447,5.144252300262451,-0.01286099277087498,0.038434464,0.00037100032000000004,0.2049422562122345,0.3,,
9,179,39069,366592,993.29730672,453.11,0.7374630272388458,0.11368489824235439,0.36884822249412536,1780,15.397738027572633,6.183854579925537,-0.00804467144771479,0.0226279,0.00037083648,0.2046695053577423,0.3,,
9,180,39261,368640,980.68385312,444.3,0.8037183880805969,0.14898437671363354,0.3740409016609192,1790,12.213397073745728,5.47449254989624,-0.016178586385212766,0.02620164,0.00037067264,0.2041606605052948,0.3,,
9,181,39448,370688,1028.8757882099999,461.24,0.8311816453933716,0.14324218919500709,0.3800269901752472,1800,14.116388988494872,7.000329494476318,-0.0027545036718947813,0.07497889,0.0003705088,0.20363304018974304,0.3,,
9,182,39633,372736,1062.5470596599998,472.35,0.7804811298847198,0.20075521379767453,0.44613825529813766,1810,14.121346616744995,5.621017932891846,-0.004924364597536623,0.04432901,0.00037034496,0.19713395833969116,0.3,,
9,183,39820,374784,1084.60193972,478.82,0.7844546735286713,0.2215364620089531,0.451253642141819,1820,9.860815620422363,3.72058367729187,5.692384234867731e-05,0.05637584,0.00037018112,0.1968909054994583,0.3,,
9,184,40017,376832,1084.00640783,475.06,0.8048020452260971,0.34638021271675823,0.4549511358141899,1830,13.746670055389405,6.508092880249023,0.036275130660578726,0.27869886,0.00037001728,0.19667942821979523,0.3,,
9,185,40216,378880,1067.35242371,467.02,0.7851940095424652,0.4464323051273823,0.4566670522093773,1840,15.157369947433471,5.7292022705078125,0.05243696253746748,0.33146906,0.00036985344,0.19678756594657898,0.3,,
,,,380000,,,0.784853383898735,0.3432421937584877,0.4562607154250145,1850,13.984563112258911,7.735337257385254,0.01801482564158504,0.061000787,0.0003696896,0.1967736780643463,0.3,846.6,2355.2338297756387
9,186,40849,380928,1088.06961001,469.58,,,,,,,,,,,,,
9,187,41045,382976,1105.118719,473.71,0.7690386176109314,0.43636720031499865,0.516244450211525,1860,12.21103892326355,5.4232354164123535,0.022437820362392814,0.31583804,0.00036952576000000005,0.1910524070262909,0.3,,
9,188,41241,385024,1118.12863616,477.01,0.7286195456981659,0.20384114868938924,0.5147662431001663,1870,14.008458948135376,5.581474781036377,0.0002096108067780378,0.03327873,0.00036936192,0.19115516543388367,0.3,,
9,189,41440,387072,1163.9456502899998,492.76,0.876292459666729,0.11481771003454924,0.5149570047855377,1880,6.383742165565491,2.6352148056030273,-0.008815453557763253,0.01931069,0.00036919808,0.19114914536476135,0.3,,
9,190,41635,389120,1161.34323541,490.34,0.8198724389076233,0.13440104437759146,0.5195464491844177,1890,11.246458292007446,5.809520721435547,-0.010177396659273663,0.024566172,0.00036903424000000003,0.1907300055027008,0.3,,
9,191,41823,391168,1171.52463415,493.38,0.8869236409664154,0.24423177652060984,0.5284603327512741,1900,8.370052766799926,4.166369915008545,-0.003770487598958461,0.12666154,0.0003688704,0.18967735767364502,0.3,,
9,192,42014,393216,1193.2464023799998,500.89,0.8087442368268967,0.321380215883255,0.5974476248025894,1910,8.650991320610046,2.8854570388793945,0.009559479804011062,0.035945572,0.00036870656,0.18374097347259521,0.3,,
9,193,42207,395264,1224.6423918799999,511.71,0.8123765587806702,0.386263033002615,0.6012470424175262,1920,9.2751966714859,3.875359535217285,0.03452345091383906,0.11461684,0.00036854272,0.18343129754066467,0.3,,
9,194,42397,397312,1251.61623819,521.63,0.8289878666400909,0.3963411543518305,0.6063058882951736,1930,9.3043142080307,4.5416717529296875,0.018217875971458852,0.13568947,0.00036837888,0.1828426718711853,0.3,,
9,195,42584,399360,1274.10858815,530.57,0.8211656212806702,0.31930989772081375,0.6107264071702957,1940,10.44386911392212,5.120560169219971,-0.0035710911179194227,0.08091737,0.00036821504,0.1829773485660553,0.3,,
,,,400000,,,0.744678407907486,0.1859765681438148,0.6093725502490998,1950,11.044947052001953,5.149558067321777,-0.008659159354865586,0.026897535,0.00036805120000000006,0.1830349564552307,0.3,1000.0,3145.1438448175786
9,196,43344,401408,1271.32750795,526.87,,,,,,,,,,,,,
9,197,43532,403456,1254.0483462900002,515.63,0.7964397519826889,0.1058072930201888,0.6711533546447754,1960,10.994932460784913,4.030146598815918,-0.005771893178462051,0.031686444,0.00036788736000000004,0.17747926712036133,0.3,,
9,198,43728,405504,1243.74312156,508.52,0.8409523069858551,0.20209636082872748,0.6766211509704589,1970,9.895459985733032,4.136824607849121,-0.010988918548682714,0.07524471,0.00036772352,0.17679089307785034,0.3,,
9,199,43915,407552,1279.12634914,519.17,0.8095906376838684,0.3041276089847088,0.6822675406932831,1980,12.160582637786865,5.1702494621276855,-0.0029806939001719712,0.09065148,0.00036755968000000004,0.17669790983200073,0.3,,
9,200,44105,409600,1293.44074746,523.41,0.8598035275936127,0.200755213573575,0.684263852238655,1990,7.726111698150635,2.590721845626831,-0.0006506028558942667,0.062819496,0.00036739584,0.17661386728286743,0.3,,
9,201,44295,411648,1299.00856426,523.85,0.8121485710144043,0.5096875101327896,0.6868340581655502,2000,9.036199903488159,3.7827744483947754,0.04855911817401637,0.24975014,0.000367232,0.1767984926700592,0.3,,
9,202,44493,413696,1282.73837006,513.95,0.903371624648571,0.3839192807674408,0.7413763135671616,2010,5.7472998142242435,2.4974589347839355,0.015930414220201784,0.059612557,0.00036706816000000003,0.17248427867889404,0.3,,
9,203,44685,415744,1293.90988391,516.77,0.7813680171966553,0.2695963591337204,0.7360992699861526,2020,18.727195596694948,10.07629680633545,0.00010961704421790231,0.041568108,0.00036690432,0.1729353815317154,0.3,,
9,204,44874,417792,1307.14434379,520.13,0.8153520971536636,0.14640625162865034,0.7345056176185608,2030,13.746692800521851,6.518895626068115,-0.012292623678804394,0.026266405,0.00036674048,0.17311957478523254,0.3,,
9,205,45070,419840,1358.32022164,537.27,0.819567009806633,0.16506510954350234,0.7378207117319107,2040,9.906690883636475,4.466884136199951,-0.007316636397736165,0.024555515,0.00036657664,0.17263513803482056,0.3,,
,,,420000,,,0.8541363179683685,0.44865886494517326,0.7438588351011276,2050,7.895745038986206,3.3533706665039062,0.040399238944519314,0.2457162,0.0003664128,0.17254605889320374,0.3,571.2,1772.4271853767336
9,206,45574,421888,1374.15671242,541.8,,,,,,,,,,,,,
9,207,45772,423936,1414.1265089600001,555.74,0.8142606168985367,0.3572526089847088,0.804584676027298,2060,10.108944201469422,5.6152567863464355,0.026171091201831587,0.11088521,0.00036624896,0.16726988554000854,0.3,,
9,208,45973,425984,1415.8609179,559.0,0.7567976117134094,0.4935807377099991,0.8085276424884796,2070,9.974018049240112,3.3598203659057617,0.06192402689717706,1.1553016,0.00036608512000000005,0.16693687438964844,0.3,,
9,209,46160,428032,1444.0773075000002,572.52,0.42142266035079956,0.17828125348314644,0.8108406215906143,2080,18.68194568157196,4.409910202026367,0.008293484376627091,0.027669232,0.00036592128000000003,0.1669003963470459,0.3,,
9,210,46348,430080,1427.7387552599998,566.62,0.6811271607875824,0.3104947965592146,0.8121604502201081,2090,7.711598491668701,2.5899899005889893,-0.009248714376008138,0.06893641,0.00036575744,0.16665717959403992,0.3,,
9,211,46543,432128,1428.24445415,566.77,0.645041435956955,0.45967449084855616,0.8735823482275009,2100,9.20642273426056,3.9897093772888184,0.03369150586077012,0.234481,0.00036559360000000004,0.1620768904685974,0.3,,
9,212,46738,434176,1425.0602136900002,563.99,0.7309705018997192,0.2961979234125465,0.8668934047222138,2110,10.027177977561951,4.366752624511719,0.002703634913777919,0.10718584,0.00036542976,0.16267283260822296,0.3,,
9,213,46932,436224,1459.5579779899997,575.93,0.775645911693573,0.31634115651249883,0.8625770807266235,2120,13.57930850982666,5.9135966300964355,-0.0009400073229334893,0.08280612,0.00036526592,0.16288144886493683,0.3,,
9,214,47124,438272,1492.9728807899999,586.99,0.8034366220235825,0.28177083967020733,0.8667786866426468,2130,7.836254549026489,4.287225723266602,0.008139967900933697,0.09463551,0.00036510208,0.16190139949321747,0.3,,
,,,440000,,,0.7890375107526779,0.3606380309909582,0.8767812728881836,2140,7.564748477935791,2.925981283187866,0.012021595457335943,0.15333468,0.00036493824,0.16162905097007751,0.3,890.2,2770.03691520961
9,215,47815,440320,1488.4580679300002,582.64,,,,,,,,,,,,,
9,216,48002,442368,1501.40948735,585.7,0.7010199725627899,0.43941407054662707,0.9375203669071197,2150,16.212566328048705,6.406672954559326,0.020129965210799128,0.10370297,0.00036477440000000003,0.1573498547077179,0.3,,
9,217,48186,444416,1479.85590871,576.12,0.8116486668586731,0.2808333393186331,0.9320695132017136,2160,10.007886528968811,3.7873408794403076,0.01918442812864658,0.09602016,0.00036461056,0.15788166224956512,0.3,,
9,218,48380,446464,1494.85556599,578.36,0.8311666250228882,0.2752213589847088,0.928142836689949,2170,10.858739137649536,5.383033275604248,0.003964052366791293,0.050735757,0.00036444672000000004,0.15821918845176697,0.3,,
9,219,48575,448512,1510.5506013299996,581.65,0.7421725392341614,0.23584635816514493,0.9274959176778793,2180,10.919019317626953,4.82579231262207,0.00025585090566888625,0.042731732,0.00036428288,0.1581667959690094,0.3,,
9,220,48770,450560,1430.38859171,549.54,0.8263207972049713,0.24641927555203438,0.9300545036792756,2190,8.464554738998412,4.292246341705322,0.0023704387294128716,0.1281729,0.00036411904000000004,0.15820923447608948,0.3,,
9,221,48961,452608,1405.04327184,536.44,0.8637192845344543,0.3812239684164524,0.9867231190204621,2200,8.732549858093261,3.192505121231079,0.009766416597994976,0.15159693,0.0003639552,0.15444587171077728,0.3,,
9,222,49157,454656,1374.9670525600002,524.31,0.7956836968660355,0.2640625066123903,0.9788304060697556,2210,9.991839122772216,4.960576057434082,-0.00496726116660291,0.055091918,0.00036379136,0.15483102202415466,0.3,,
9,223,49352,456704,1374.8349713600003,522.47,0.8170240223407745,0.21498698517680168,0.9794288128614426,2220,9.78252694606781,3.525703191757202,-0.004083671760890884,0.0715335,0.00036362752000000003,0.15483683347702026,0.3,,
9,224,49555,458752,1346.0052363300003,511.77,0.8255644589662552,0.3006770913838409,0.9816885471343995,2230,11.444491052627564,5.112885475158691,0.007479519976768645,0.122832835,0.00036346368,0.1550958752632141,0.3,,
,,,460000,,,0.8421212285757065,0.43494792804121973,0.9820414870977402,2240,8.996160674095155,3.364929676055908,0.044370745860505864,0.19943367,0.00036329984000000004,0.15485072135925293,0.3,614.8,1926.3775691613555
9,225,50120,460800,1350.92059733,512.97,,,,,,,,,,,,,
9,226,50308,462848,1348.29954165,510.38,0.757178008556366,0.5773828259116272,1.0461495459079742,2250,8.920240926742554,6.210904121398926,0.08087088274769486,0.4841045,0.000363136,0.1504209339618683,0.3,,
9,227,50500,464896,1378.02317365,520.73,0.6542695760726929,0.20502604520879686,1.0425764083862306,2260,13.047300624847413,4.918186187744141,-0.010114579109940713,0.041156806,0.00036297216,0.1505948156118393,0.3,,
9,228,50694,466944,1368.489672,515.82,0.8291452378034592,0.26618489911779764,1.0431279063224792,2270,7.750127053260803,2.9185121059417725,-0.002634385635028602,0.057681262,0.00036280832,0.1505146324634552,0.3,,
9,229,50893,468992,1354.3533080300006,511.32,0.893277496099472,0.3226692799478769,1.0437947332859039,2280,8.847456789016723,4.787230968475342,0.0024782528053037822,0.08248612,0.00036264448,0.15064744651317596,0.3,,
9,230,51082,471040,1351.51519867,510.96,0.8373475223779678,0.251979174464941,1.0448351085186005,2290,9.004200887680053,3.0039000511169434,-0.007854749849066112,0.087332025,0.00036248064,0.1506306678056717,0.3,,
9,231,51279,473088,1332.4236684199998,502.96,0.8596745431423187,0.3505989670753479,1.105043387413025,2300,6.49566879272461,3.354630470275879,0.008618847838079091,0.16458003,0.0003623168,0.14649808406829834,0.3,,
9,232,51475,475136,1220.9025068699998,452.84,0.8812374100089073,0.3844140700995922,1.1013621509075164,2310,7.363736867904663,3.339867353439331,0.016648367152083666,0.07869069,0.00036215296000000004,0.14690443873405457,0.3,,
9,233,51672,477184,1236.25468293,456.43,0.9136712029576302,0.22903646491467952,1.099283468723297,2320,8.87683825492859,5.02372932434082,-0.008391067016636899,0.06170111,0.00036198912,0.14707837998867035,0.3,,
9,234,51865,479232,1223.00240988,451.55,0.8890931084752083,0.48070313185453417,1.1006592392921448,2330,5.448936867713928,2.911529064178467,0.04567358165746556,0.45376074,0.00036182528000000005,0.14722204208374023,0.3,,
,,,480000,,,0.8063784092664719,0.5070963658392429,1.1017047107219695,2340,12.07625217437744,3.8986172676086426,0.0975254948611837,0.71674645,0.00036166144,0.14735709130764008,0.3,404.4,947.3824685186148
9,235,52264,481280,1132.47257736,421.45,,,,,,,,,,,,,
9,236,52464,483328,1154.2360966700003,430.14,0.7930940836668015,0.3886328190565109,1.1615587592124939,2350,16.082816076278686,6.193832874298096,0.024283360107801855,0.08099711,0.0003614976,0.14315418899059296,0.3,,
9,237,52652,485376,1121.6742014899999,420.56,0.8480346202850342,0.2192317764274776,1.1592335283756257,2360,6.919618558883667,2.740410089492798,-0.0249015508685261,0.07875852,0.00036133376000000003,0.14346368610858917,0.3,,
9,238,52850,487424,1048.4484434900003,396.22,0.8748673498630524,0.22033854788169266,1.1585351586341859,2370,9.947273087501525,3.960366725921631,-0.011572954701259875,0.049629696,0.00036116992,0.14350783824920654,0.3,,
9,239,53045,489472,1026.58913461,388.72,0.8615529388189316,0.3080208387225866,1.1605776250362396,2380,11.754566431045532,5.434493541717529,0.00030734305735680145,0.12811145,0.00036100608,0.14368049800395966,0.3,,
9,240,53246,491520,1043.55145438,394.33,0.9010272994637489,0.15878906659781933,1.159811443090439,2390,7.930841231346131,3.3601648807525635,-0.015561106707900762,0.036578093,0.00036084224,0.14387963712215424,0.3,,
9,241,53433,493568,1069.90427258,403.62,0.8604320585727692,0.3156250102823833,1.2207731783390046,2400,8.104127311706543,2.6881110668182373,0.00657782765229058,0.110952705,0.00036067840000000005,0.13972973823547363,0.3,,
9,242,53633,495616,1091.53205246,411.15,0.8549229800701141,0.3865234419703484,1.2212857723236084,2410,6.176557397842407,2.4746108055114746,-0.001568650705739838,0.11818743,0.00036051456,0.1396586298942566,0.3,,
9,243,53822,497664,1095.00752672,412.57,0.8565784394741058,0.49440105706453324,1.2235345721244812,2420,6.509731316566468,3.131469964981079,0.060187820680439506,0.15120167,0.00036035072000000005,0.1396874040365219,0.3,,
9,244,54008,499712,1140.94223946,428.8,0.713956207036972,0.38729167338460685,1.223211222887039,2430,8.625820326805115,4.043157577514648,0.015282314443029677,0.22286515,0.00036018688000000003,0.13974499702453613,0.3,,
,,,500000,,,0.8617434352636337,0.3115494830533862,1.2248515725135802,2440,5.486912655830383,2.0261216163635254,-0.004959102040156704,0.113147475,0.00036002304,0.13970544934272766,0.3,860.2,2678.0467892766
9,245,54698,501760,1143.5170719000002,430.12,,,,,,,,,,,,,
9,246,54897,503808,1086.6060823999999,408.73,0.7735646069049835,0.19309896318300163,1.285679852962494,2450,12.53436336517334,5.277685165405273,-0.010978149516449775,0.05926325,0.00035985920000000004,0.13560812175273895,0.3,,
9,247,55085,505856,1128.53566249,421.93,0.8692673891782761,0.1748828161507845,1.2856560111045838,2460,10.782404613494872,5.068203449249268,-0.016378744787070864,0.03757307,0.00035969536,0.13563796877861023,0.3,,
9,248,55269,507904,1161.3173236799998,430.86,0.8002510517835617,0.18516927538439631,1.2879070878028869,2470,7.1938416242599486,3.8348727226257324,-0.01244891104317496,0.05471079,0.00035953152,0.1355280578136444,0.3,,
9,249,55459,509952,1185.4390468200002,438.39,0.8315946459770203,0.3265234477818012,1.2928353369235992,2480,7.029834151268005,2.5865354537963867,0.011486918553709957,0.24383742,0.00035936768,0.13537493348121643,0.3,,
9,250,55642,512000,1226.33960163,451.6,0.8300089091062546,0.30618490278720856,1.2956510365009308,2490,7.953229594230652,4.0200724601745605,-0.006769388252869391,0.08774016,0.00035920384,0.13574041426181793,0.3,,
9,251,55829,514048,1255.83999839,459.18,0.8549746423959732,0.3790625065565109,1.3541952192783355,2500,6.29188916683197,2.188392162322998,0.004968197513335326,0.1314249,0.00035904,0.13169990479946136,0.3,,
9,252,56023,516096,1229.5070250500003,448.95,0.868503600358963,0.4959635496139526,1.3538394033908845,2510,6.095558309555054,2.9975295066833496,0.03671526829682996,0.34793684,0.00035887616,0.13208870589733124,0.3,,
9,253,56224,518144,1236.48004195,454.08,0.8521666973829269,0.6880599170923233,1.3456767559051515,2520,8.452014636993407,3.3641810417175293,0.09450876388698815,2.2798257,0.00035871232000000004,0.13310497999191284,0.3,,
,,,520000,,,0.5161018967628479,0.2181119851768017,1.3337004482746124,2530,16.073852252960204,5.886468410491943,0.005167521664407104,0.033992324,0.00035854848,0.13365879654884338,0.3,886.0,2099.1215950995684
9,254,56868,520192,1228.59596467,455.09,,,,,,,,,,,,,
9,255,57062,522240,1281.0614550199998,476.14,0.6299045979976654,0.21295573640672955,1.389375478029251,2540,15.230114078521728,6.4181718826293945,-0.007928519460256212,0.08536404,0.00035838464000000005,0.1299462914466858,0.3,,
9,256,57254,524288,1317.0446925999997,490.6,0.7922951728105545,0.26464844197034837,1.3868423879146576,2550,8.299608540534972,3.518853187561035,-0.017513355526607554,0.07190946,0.0003582208,0.13018390536308289,0.3,,
9,257,57439,526336,1299.88425138,486.71,0.7519144266843796,0.23166666999459268,1.385688066482544,2560,10.810967063903808,5.813201904296875,-0.006066492313984784,0.06388883,0.00035805696,0.13025808334350586,0.3,,
9,258,57637,528384,1339.91859505,501.95,0.8276032656431198,0.30671875476837157,1.3853473305702209,2570,10.376179027557374,4.3729166984558105,-0.005551312365569138,0.09106222,0.00035789312000000003,0.13049910962581635,0.3,,
9,259,57834,530432,1349.4085421700001,505.06,0.8343653827905655,0.20002604326000437,1.382292139530182,2580,11.207731199264526,7.154036998748779,-0.008221516433695796,0.029255915,0.00035772928,0.13069435954093933,0.3,,
9,260,58018,532480,1401.96239844,524.38,0.7695896923542023,0.1572395879076794,1.4413908481597901,2590,11.269154357910157,6.108071327209473,-0.003784665292732825,0.04866526,0.00035756544,0.12690988183021545,0.3,,
9,261,58198,534528,1438.28898015,534.62,0.8575105667114258,0.13354167006909848,1.4407115519046783,2600,9.197241687774659,4.642330169677734,-0.011916713520258781,0.03244163,0.0003574016,0.12696707248687744,0.3,,
9,262,58386,536576,1451.6525175200002,538.63,0.6670640110969543,0.21712240120396017,1.4426061451435088,2610,11.464447927474975,4.463386535644531,-0.0009392441663658268,0.12806508,0.00035723776,0.12659130990505219,0.3,,
9,263,58583,538624,1466.8580362899997,541.88,0.8165229707956314,0.43981771878898146,1.447056818008423,2620,6.91979079246521,3.179036855697632,0.0438010277325521,0.41835296,0.00035707392,0.12669110298156738,0.3,,
,,,540000,,,0.765607476234436,0.45055990368127824,1.4415300846099854,2630,11.438527345657349,5.3697919845581055,0.018622211819747568,0.20012265,0.00035691008000000006,0.1273399144411087,0.3,499.4,1457.599208640307
9,264,59109,540672,1499.6885585599998,551.86,,,,,,,,,,,,,
9,265,59293,542720,1548.12987315,567.65,0.6745878756046295,0.25695313066244124,1.491685950756073,2640,9.40552818775177,4.148615837097168,-0.004397059103939682,0.07195687,0.00035674624000000003,0.1241523027420044,0.3,,
9,266,59479,544768,1566.0839945500002,573.37,0.802687332034111,0.2959375061094761,1.48846794962883,2650,8.207998752593994,3.4627606868743896,-0.0007619928341591198,0.09333177,0.0003565824,0.12410707026720047,0.3,,
9,267,59669,546816,1638.06446165,597.36,0.8761617317795753,0.3064583417028189,1.490073561668396,2660,6.444028663635254,3.085742950439453,0.0008631800697185277,0.08166511,0.00035641856000000004,0.12417193502187729,0.3,,
9,268,59854,548864,1680.3340505999995,611.34,0.7927006632089615,0.35459636338055134,1.4885647177696228,2670,9.896382570266724,4.553571701049805,0.0008490883163176477,0.074143425,0.00035625472,0.12431952357292175,0.3,,
9,269,60036,550912,1729.1236408800003,627.06,0.8206543922424316,0.2591406300663948,1.4891324877738952,2680,6.837772679328919,4.1547722816467285,-0.006786239975481401,0.051137067,0.00035609088,0.1243298128247261,0.3,,
9,270,60222,552960,1701.6259869500004,617.0,0.8083427250385284,0.2714583373075584,1.5488965570926667,2690,7.669268679618836,2.9834651947021484,-0.016156103363027797,0.07523079,0.00035592704,0.12091901153326035,0.3,,
9,271,60409,555008,1674.9811116899998,606.47,0.8728351294994354,0.2862500075250864,1.5466391324996949,2700,9.427104163169862,3.2846791744232178,0.00370679519139232,0.10716102,0.0003557632,0.12116241455078125,0.3,,
9,272,60602,557056,1690.3491377399998,610.7,0.7917437851428986,0.37895834594964983,1.5449320435523988,2710,11.050142908096314,5.665984630584717,0.011899536671116984,0.142794,0.00035559936,0.12128016352653503,0.3,,
9,273,60794,559104,1701.50958789,614.61,0.8493830412626266,0.47910157442092893,1.5440089106559753,2720,6.746715021133423,3.2217319011688232,0.050331628880230704,0.23128745,0.00035543552,0.12130182981491089,0.3,,
,,,560000,,,0.7574234306812286,0.3548567771911621,1.5418002784252167,2730,8.42084515094757,2.7751381397247314,0.017691005299711904,0.05518499,0.00035527168,0.121326744556427,0.3,347.0,894.7513842601329
9,274,61245,561152,1712.0898835700002,618.45,,,,,,,,,,,,,
9,275,61430,563200,1738.7342070700001,626.65,0.8450993448495865,0.38459635883627924,1.6003786742687225,2740,7.380059766769409,3.9483554363250732,0.021254653920186682,0.14950718,0.00035510784,0.11785751581192017,0.3,,
9,276,61617,565248,1749.01272713,629.31,0.7633841037750244,0.4128255322575569,1.5964693307876587,2750,6.809808540344238,2.580353021621704,0.030906286422396078,0.1355775,0.00035494400000000005,0.1180146113038063,0.3,,
9,277,61813,567296,1773.2579271700001,636.1,0.837584376335144,0.3151692781597376,1.5943137228488922,2760,7.285876202583313,2.2747445106506348,0.00830869749363039,0.050910056,0.00035478016,0.11818064749240875,0.3,,
9,278,62007,569344,1723.3149629200002,619.03,0.806885153055191,0.14753906559199095,1.5925821483135223,2770,11.55305893421173,3.2095141410827637,-0.011003566079307348,0.049239427,0.00035461632,0.11834685504436493,0.3,,
9,279,62204,571392,1721.67505994,617.65,0.823691263794899,0.36673178523778915,1.5933703482151031,2780,8.337349343299866,3.004503011703491,0.021422676869842762,0.1225841,0.00035445248000000003,0.11824054270982742,0.3,,
9,280,62407,573440,1602.6794254300005,577.86,0.8618558794260025,0.30821615234017374,1.656391328573227,2790,7.1670691013336185,3.3669614791870117,0.0032647085608914495,0.08380853,0.00035428864,0.11484502255916595,0.3,,
9,281,62599,575488,1610.9688660099998,576.63,0.8647260069847107,0.1607031287625432,1.6558555722236634,2800,12.970159530639648,4.5459513664245605,-0.010126366118784081,0.030191593,0.0003541248,0.11488989740610123,0.3,,
9,282,62798,577536,1587.28881527,562.33,0.8645600974559784,0.24377604890614749,1.6569481492042542,2810,10.139978837966918,5.198357582092285,0.0067926878060097454,0.06609513,0.00035396096,0.11487717926502228,0.3,,
9,283,62991,579584,1594.7523341599997,559.39,0.8862350359559059,0.1955208363942802,1.657744437456131,2820,6.7762771368026735,3.608527898788452,-0.002203470220265391,0.045911863,0.00035379712,0.11489555984735489,0.3,,
,,,580000,,,0.850142166018486,0.18484375700354577,1.659209096431732,2830,7.851743817329407,4.202901363372803,-0.008620804843376285,0.036088414,0.00035363328,0.11477823555469513,0.3,656.8,2205.85841011256
9,284,63486,581632,1591.6591883499996,552.68,,,,,,,,,,,,,
9,285,63669,583680,1578.7852270399994,544.82,0.827071487903595,0.3358333433046937,1.7224822342395782,2840,10.734137964248657,5.453151702880859,0.0054888980499526955,0.11639911,0.00035346944000000006,0.11132992804050446,0.3,,
9,286,63860,585728,1594.25214323,546.1,0.8205226212739944,0.284492190182209,1.7230062246322633,2850,7.740907692909241,4.653767108917236,0.007825132504222055,0.08850071,0.00035330560000000003,0.11140216886997223,0.3,,
9,287,64048,587776,1581.3921391600002,539.26,0.7617432177066803,0.25361979715526106,1.7231056332588195,2860,14.315718650817871,6.306533336639404,0.0010653900392116888,0.05389195,0.00035314176,0.11119037866592407,0.3,,
9,288,64238,589824,1586.98057239,538.52,0.8911147490143776,0.33718750700354577,1.7263230443000794,2870,6.098816633224487,2.505594253540039,0.008819525013095842,0.049932405,0.00035297792000000004,0.11117236316204071,0.3,,
9,289,64420,591872,1555.5487990499998,526.06,0.8704300969839096,0.36580729857087135,1.7237748444080352,2880,5.348731517791748,2.2440922260284424,0.003100941568845883,0.12855862,0.00035281408,0.11153538525104523,0.3,,
9,290,64592,593920,1557.95166719,524.84,0.885757677257061,0.4829297012096504,1.77790709733963,2890,6.714996981620788,2.5124218463897705,0.03678383894221042,0.2720135,0.00035265024,0.10856223106384277,0.3,,
9,291,64789,595968,1567.79825026,526.95,0.822918176651001,0.4747395932674408,1.7712122082710267,2900,8.13348467350006,2.952521562576294,0.022376827565531165,0.12237187,0.00035248640000000003,0.10901642590761185,0.3,,
9,292,64975,598016,1524.15550885,511.31,0.8787098973989487,0.33846354857087135,1.7664247930049897,2910,6.349352121353149,2.139744520187378,0.000410135379061094,0.08386586,0.00035232256,0.10886946320533752,0.3,,
,,,600000,,,0.8454288393259048,0.49423177987337114,1.7697417199611665,2920,7.341683983802795,2.7945752143859863,0.054652788555249555,0.82848716,0.00035215872000000004,0.10874044895172119,0.3,378.4,1085.7737161800264
9,293,65363,600064,1467.7920290200002,492.63,,,,,,,,,,,,,
9,294,65547,602112,1512.8706581899999,507.02,0.738495796918869,0.2500130290543893,1.8294854521751405,2930,10.519465255737305,5.0912909507751465,-0.0022569105494767427,0.04918322,0.00035199488,0.10556736588478088,0.3,,
9,295,65725,604160,1503.1463458699995,504.49,0.8057805895805359,0.17602865099906922,1.8285109758377076,2940,6.841721677780152,2.771867513656616,-0.003613690335769171,0.026456065,0.00035183104,0.10547710955142975,0.3,,
9,296,65916,606208,1445.3496004399997,486.74,0.8596621602773666,0.2268880257382989,1.8314127564430236,2950,7.449214243888855,3.106903553009033,0.005277165225707048,0.085293375,0.0003516672,0.10548806190490723,0.3,,
9,297,66115,608256,1415.1983209199998,475.28,0.8314453214406967,0.2925130266696215,1.8335641920566559,2960,12.312328767776489,5.140092849731445,0.014947057468816638,0.072546825,0.00035150336,0.10562103986740112,0.3,,
9,298,66303,610304,1437.2353433199999,481.43,0.8454454839229584,0.2450911533087492,1.8337483048439025,2970,6.469664192199707,3.2692320346832275,-0.006098577808588956,0.062427044,0.00035133952000000003,0.10579787194728851,0.3,,
9,299,66488,612352,1453.46250997,487.65,0.7938533425331116,0.3090234473347664,1.8913477122783662,2980,6.903697776794433,3.93562912940979,0.003969318377494346,0.1407466,0.00035117568,0.103177011013031,0.3,,
9,300,66699,614400,1438.93796439,483.95,0.7797175794839859,0.331210945174098,1.885272079706192,2990,8.304605960845947,2.819797992706299,0.004717127152252943,0.37812048,0.00035101184000000004,0.10340970754623413,0.3,,
9,301,66901,616448,1461.5107435999996,492.05,0.7779514938592911,0.278085945546627,1.8814203560352325,3000,8.517162132263184,3.311352252960205,0.00024261594455303736,0.1684869,0.000350848,0.1036553606390953,0.3,,
9,302,67085,618496,1494.5384724899998,503.22,0.6147322058677673,0.22606771420687438,1.8763340890407563,3010,13.521573805809021,8.072111129760742,-0.0054920948593645495,0.09050389,0.00035068416000000004,0.10385195910930634,0.3,,
,,,620000,,,0.7559285908937454,0.23178385999053716,1.8727931261062623,3020,7.9169905424118046,3.174821615219116,-0.007079287265660206,0.07806626,0.00035052032,0.10417596250772476,0.3,543.4,1691.4077733388172
9,303,67578,620544,1459.08874896,492.35,,,,,,,,,,,,,
9,304,67769,622592,1508.7057940299999,508.07,0.7902889549732208,0.3574349030852318,1.9275568664073943,3030,12.338345909118653,5.85784387588501,0.007251128670759499,0.13224794,0.00035035648,0.10137984156608582,0.3,,
9,305,67972,624640,1536.92475045,517.27,0.7913444638252258,0.4942317843437195,1.9233915090560914,3040,9.965450000762939,5.1619415283203125,0.01198200827348046,1.0581293,0.00035019264000000003,0.10169008374214172,0.3,,
9,306,68177,626688,1582.33689689,531.97,0.8313726782798767,0.29324219562113285,1.9185365974903106,3050,9.768955087661743,3.66582989692688,-0.008500605190638489,0.09165467,0.0003500288,0.1018972396850586,0.3,,
9,307,68369,628736,1595.47034009,537.34,0.7854202687740326,0.3756119906902313,1.9151980698108673,3060,6.774164509773255,4.123297691345215,0.005475013850082177,0.30728018,0.00034986496000000004,0.10208886861801147,0.3,,
9,308,68562,630784,1611.7664452200002,543.57,0.8412229865789413,0.5424088597297668,1.9095153331756591,3070,6.079676628112793,1.9483906030654907,0.042707556812092665,0.1880021,0.00034970112,0.10271203517913818,0.3,,
9,309,68760,632832,1651.89927707,557.14,0.8697756379842758,0.4362500134157017,1.9589639127254486,3080,6.9295774102211,4.146734237670898,-0.003010597557295114,0.12126668,0.00034953728000000004,0.10008839517831802,0.3,,
9,310,68945,634880,1665.5015519100002,561.93,0.8136614859104156,0.27722656801342965,1.9537239253520966,3090,7.894184327125549,4.703652381896973,5.652768828454668e-05,0.08361834,0.00034937344,0.10036864131689072,0.3,,
9,311,69160,636928,1679.4385941900002,566.89,0.853851392865181,0.432317715883255,1.9500901103019714,3100,5.943741250038147,2.438518762588501,0.02037600772928272,0.2781455,0.00034920960000000005,0.10051856935024261,0.3,,
9,312,69345,638976,1714.2708430800003,577.86,0.8071548491716385,0.36183594837784766,1.9486976265907288,3110,12.026323390007018,5.128145217895508,0.011606312110088801,0.080604844,0.00034904576000000003,0.10053515434265137,0.3,,
,,,640000,,,0.873827800154686,0.30078125447034837,1.9472872078418733,3120,5.167441129684448,1.7545769214630127,0.0019656270521226206,0.25665456,0.00034888192,0.10067176073789597,0.3,545.0,1572.5451820684598
9,313,69803,641024,1726.22333547,582.55,,,,,,,,,,,,,
9,314,70003,643072,1727.4273653599998,584.05,0.7955905944108963,0.6797135591506958,2.003529351949692,3130,10.997454690933228,4.842079162597656,0.0376995811908273,1.4541689,0.00034871808000000004,0.09807532280683517,0.3,,
9,315,70196,645120,1762.01255422,596.06,0.791572630405426,0.37196615636348723,1.99506618976593,3140,5.889310872554779,2.6125082969665527,0.016823440924345158,0.12681413,0.00034855424,0.0983954519033432,0.3,,
9,316,70393,647168,1727.12565741,585.54,0.769562304019928,0.6685156404972077,1.987634724378586,3150,9.310416555404663,3.9391634464263916,0.08956009311601498,2.1131434,0.0003483904,0.09880252927541733,0.3,,
9,317,70579,649216,1732.0398969399998,588.3,0.8006388694047928,0.3412239648401737,1.9797070026397705,3160,10.353384637832642,4.129708766937256,0.0035602400364587615,0.065806165,0.00034822656,0.0990770161151886,0.3,,
9,318,70765,651264,1709.44129434,581.48,0.8795849084854126,0.2948828227818012,1.9786005735397338,3170,6.841364336013794,3.1229965686798096,-0.010075267182546721,0.09494619,0.00034806272,0.0990210622549057,0.3,,
9,319,70955,653312,1724.6187260200002,586.64,0.9051006883382797,0.27425781898200513,2.0406168341636657,3180,4.627503085136413,1.5625362396240234,-0.0015046289714518934,0.22508037,0.00034789888,0.09610045701265335,0.3,,
9,320,71154,655360,1708.0785789000001,582.2,0.8522233664989471,0.37867188453674316,2.041476583480835,3190,7.9262388944625854,3.4224836826324463,0.02278293504961767,0.55035704,0.00034773504,0.09609583020210266,0.3,,
9,321,71339,657408,1708.4169744899998,582.23,0.8832020163536072,0.465130215883255,2.0397077798843384,3200,7.410666728019715,4.486049652099609,0.04484631648752835,0.27634725,0.00034757120000000004,0.0963902622461319,0.3,,
9,322,71545,659456,1718.8629280499997,584.5,0.8873972520232201,0.2697395883500576,2.0355106472969053,3210,5.599241018295288,2.2036921977996826,-0.0028263986762612882,0.055148795,0.00034740736,0.09635221213102341,0.3,,
,,,660000,,,0.8570320904254913,0.42139323651790617,2.035126256942749,3220,5.388504457473755,2.258859872817993,0.013565834274049848,0.18940865,0.00034724352000000005,0.09662473201751709,0.3,352.8,1045.4328410066664
9,323,72017,661504,1744.6853655,592.54,,,,,,,,,,,,,
9,324,72209,663552,1767.2458428300001,598.69,0.8305268287658691,0.29266927726566794,2.0908228874206545,3230,6.894927167892456,3.031721591949463,0.0058369306439999494,0.2029008,0.00034707968,0.09398957341909409,0.3,,
9,325,72415,665600,1796.3619263500002,607.13,0.7745647728443146,0.3515494853258133,2.0885613918304444,3240,8.677342247962951,4.378158092498779,-0.004420616939023602,0.117590524,0.00034691584,0.09410912543535233,0.3,,
9,326,72599,667648,1834.7948907700004,618.8,0.841564953327179,0.2330338593572378,2.0855893731117248,3250,8.856502461433411,4.303218841552734,0.00043099521164560175,0.07712313,0.00034675200000000003,0.09435159713029861,0.3,,
9,327,72789,669696,1877.6159967700003,631.27,0.8629433512687683,0.35003907084465025,2.0814123511314393,3260,4.23153475522995,1.3065669536590576,0.005107601183990518,0.15651809,0.00034658816,0.09454239904880524,0.3,,
9,328,72984,671744,1843.17564611,621.46,0.7170588374137878,0.5300260499119759,2.0803311824798585,3270,14.925339126586914,4.50356388092041,0.028649355953093637,0.92160785,0.00034642432,0.09471005946397781,0.3,,
9,329,73185,673792,1835.1985246899997,618.19,0.6649440228939056,0.18947917027398944,2.1391919374465944,3280,13.700965452194215,3.355604648590088,0.0010309158969903365,0.051007107,0.00034626048000000007,0.09199570119380951,0.3,,
9,330,73386,675840,1739.90032122,586.58,0.8821618258953094,0.4673437625169754,2.1376500129699707,3290,4.517247438430786,1.3869969844818115,0.03708082902914622,0.40325865,0.00034609664000000005,0.09212108701467514,0.3,,
9,331,73584,677888,1724.4194904199999,581.24,0.8609790205955505,0.631484392285347,2.1309006810188293,3300,10.150211286544799,4.562831401824951,0.0850617214664817,0.5382149,0.0003459328,0.09254009276628494,0.3,,
9,332,73772,679936,1674.18113287,564.86,0.8808231204748154,0.41428385972976683,2.124474060535431,3310,6.550900077819824,3.723834753036499,0.020993212964385676,0.1760265,0.00034576896000000005,0.09261654317378998,0.3,,
,,,680000,,,0.9167274236679077,0.35643230080604554,2.125463140010834,3320,5.52318651676178,1.831794261932373,0.00820596368284896,0.23839599,0.00034560512000000003,0.09252507239580154,0.3,304.0,914.5954835958779
9,333,74186,681984,1634.4244401900003,551.86,,,,,,,,,,,,,
9,334,74375,684032,1612.30595615,544.04,0.8982860147953033,0.40970052741467955,2.1906258344650267,3330,5.819029974937439,3.529062509536743,0.033981860271887855,0.12623924,0.00034544128,0.08966046571731567,0.3,,
9,335,74560,686080,1646.91930032,554.14,0.8714440017938614,0.2796224016696215,2.1930193424224855,3340,5.035359442234039,1.9798264503479004,0.0030419086194888754,0.10108573,0.00034527744000000004,0.08997908234596252,0.3,,
9,336,74754,688128,1613.7871353,543.43,0.7792513519525528,0.4338151149451733,2.187693238258362,3350,7.118119728565216,3.1151671409606934,0.016469400352798404,0.12972684,0.0003451136,0.09030431509017944,0.3,,
9,337,74958,690176,1619.0844042299996,543.95,0.8625528514385223,0.4207682393491268,2.183090841770172,3360,7.903413033485412,3.0038299560546875,0.018048304100520874,0.21428928,0.00034494976,0.0906248614192009,0.3,,
9,338,75158,692224,1572.4601255700004,529.26,0.807071253657341,0.2912239632016281,2.2358272552490233,3370,6.060547018051148,2.869716167449951,-0.0029302315087988973,0.09326106,0.00034478592,0.08829696476459503,0.3,,
9,339,75357,694272,1585.9579138000001,533.61,0.7479630708694458,0.2897786520421505,2.229199743270874,3380,9.611020135879517,3.7412662506103516,0.0005769169694396226,0.07202824,0.00034462208,0.0884842798113823,0.3,,
9,340,75555,696320,1610.0086067600005,540.17,0.829567089676857,0.34743490293622015,2.226504051685333,3390,5.645787239074707,2.219158172607422,-0.010073594686109555,0.0921956,0.00034445824,0.08854755759239197,0.3,,
9,341,75758,698368,1597.5439831200001,536.23,0.7775095105171204,0.4169791769236326,2.224997353553772,3400,10.798885679244995,4.2740631103515625,0.017084488288237408,0.32971317,0.0003442944,0.08856572210788727,0.3,,
,,,700000,,,0.7735711634159088,0.555247412621975,2.2228212714195252,3410,7.446009230613709,2.666944742202759,0.03169629530166276,0.4256155,0.00034413056,0.08879169821739197,0.3,503.8,1671.4479315014555
9,342,76233,700416,1615.9474595600002,540.95,,,,,,,,,,,,,
9,343,76434,702464,1590.53465532,532.28,0.838823139667511,0.3044010487210471,2.2763489723205566,3420,8.113644742965699,3.081389904022217,0.0035963506466941907,0.12647322,0.00034396672,0.08638350665569305,0.3,,
9,344,76636,704512,1622.0261394699999,541.63,0.8668135851621628,0.48302084505558013,2.2738916993141176,3430,7.859304428100586,3.7897045612335205,0.029713303011376403,1.7171366,0.00034380288000000005,0.08642277121543884,0.3,,
9,345,76831,706560,1622.8599117700003,542.37,0.8000780642032623,0.42770834639668465,2.2739651679992674,3440,6.686768066883087,3.439326524734497,0.048642105737817506,0.7097353,0.00034363904,0.08654481172561646,0.3,,
9,346,77017,708608,1634.0822002,551.25,0.7322384119033813,0.7091536551713944,2.2700973749160767,3450,9.234949946403503,2.8926596641540527,0.08650241976603823,4.7428007,0.0003434752,0.08676883578300476,0.3,,
9,347,77212,710656,1649.4511120900002,561.86,0.5446983277797699,0.5278255343437195,2.266352820396423,3460,40.43547511100769,4.766318321228027,0.06572349264286456,0.05721549,0.00034331136000000003,0.08693651854991913,0.3,,
9,348,77401,712704,1570.19733453,539.31,0.9106092527508736,0.23305989954678807,2.3230724811553953,3470,16.380642700195313,6.4287261962890625,0.0044985262082263945,0.04127215,0.00034314752,0.08451981842517853,0.3,,
9,349,77593,714752,1471.96201392,515.01,0.8688773512840271,0.4105729222297668,2.3190431237220763,3480,6.563078260421753,2.263944625854492,0.004859791034832384,0.19498277,0.00034298368,0.08492415398359299,0.3,,
9,350,77800,716800,1463.0524174,517.56,0.9207920208573341,0.33787761610001327,2.309866750240326,3490,18.86666603088379,7.966845989227295,0.0017599107327987528,0.19421461,0.00034281984,0.08527988195419312,0.3,,
9,351,77992,718848,1323.40218028,480.7,0.9235408157110214,0.47739584743976593,2.3053324937820436,3500,15.55317726135254,7.604635715484619,0.05543182904133572,0.7633697,0.00034265600000000005,0.0855943113565445,0.3,,
,,,720000,,,0.9460860416293144,0.5426041781902313,2.2992937684059145,3510,20.050975704193114,8.430238723754883,0.07388839436694994,0.30095991,0.00034249216,0.08586208522319794,0.3,448.8,1007.0109109304846
9,352,78498,720896,1321.3198218300001,484.74,,,,,,,,,,,,,
9,353,78703,722944,1307.23827401,486.18,0.9107860624790192,0.26350261457264423,2.354652225971222,3520,15.504891347885131,5.277369022369385,0.009339543851092457,0.02238545,0.00034232832000000006,0.08346165716648102,0.3,,
9,354,78909,724992,1317.9589024400002,496.77,0.8180834501981735,0.1542447939515114,2.350753355026245,3530,21.79303617477417,5.473185062408447,-0.0037974809959996137,0.021995336,0.00034216448000000003,0.08361001312732697,0.3,,
9,355,79113,727040,1343.71039796,507.26,0.9319017082452774,0.2754166732542217,2.346824884414673,3540,14.251412105560302,6.706454753875732,-0.00277196809634912,0.28568074,0.00034200064,0.08380142599344254,0.3,,
9,356,79326,729088,1298.67538356,497.92,0.8613447397947311,0.509908863902092,2.343094897270203,3550,4.599605643749237,1.9310171604156494,0.026046397602185502,1.9677271,0.00034183680000000004,0.08412110060453415,0.3,,
9,357,79528,731136,1302.15914472,502.63,0.9363558664917946,0.3579817771911621,2.334385097026825,3560,15.659574604034423,4.079643249511719,0.011187804794171807,0.14201882,0.00034167296,0.08452142030000687,0.3,,
9,358,79728,733184,1319.23769756,509.93,0.940090537071228,0.5389062657952308,2.385341691970825,3570,14.647809076309205,5.471024513244629,0.08134688321479189,0.1937676,0.00034150912,0.08240571618080139,0.3,,
9,359,79935,735232,1328.6452403499998,515.17,0.8380535989999771,0.4311979293823242,2.3782670378684996,3580,6.931548023223877,3.925192356109619,0.014061719328165268,0.46274543,0.00034134528,0.08261075615882874,0.3,,
9,360,80150,737280,1346.80390601,521.96,0.9209206849336624,0.5783593848347663,2.3726637244224547,3590,10.084503984451294,3.591029644012451,0.07311963323503719,0.25444514,0.00034118144,0.08306469023227692,0.3,,
9,361,80351,739328,1338.22819732,519.79,0.8980705887079239,0.5052994906902313,2.3616350412368776,3600,7.133502960205078,3.152538299560547,0.03022856827708893,0.19149074,0.0003410176,0.08364570885896683,0.3,,
,,,740000,,,0.8443057090044022,0.6300000101327896,2.3479340076446533,3610,9.758996105194091,4.049713611602783,0.06120622570626431,0.5082636,0.00034085376,0.08413156121969223,0.3,368.2,972.3921422522515
9,362,80787,741376,1358.73199457,526.06,,,,,,,,,,,,,
9,363,80985,743424,1371.3758162000004,530.38,0.8617184907197952,0.5433593899011612,2.396359121799469,3620,8.199261021614074,3.144063949584961,0.027520665992051364,0.5171445,0.00034068992,0.08219043165445328,0.3,,
9,364,81188,745472,1354.2267009400002,525.34,0.8358988016843796,0.3566276110708714,2.3860363602638244,3630,7.405921220779419,2.900486707687378,0.013685956614644968,0.2815708,0.00034052608,0.08249063789844513,0.3,,
9,365,81397,747520,1341.1681730499997,522.59,0.8999107703566551,0.34830730110406877,2.3813074469566344,3640,6.615505075454712,2.746068000793457,0.0028684131451882423,0.13480687,0.00034036224000000005,0.08266172558069229,0.3,,
9,366,81592,749568,1332.42864616,519.11,0.9580613747239113,0.48186198994517326,2.3763926148414614,3650,9.108829236030578,3.4336352348327637,0.03780465690884753,0.2864763,0.0003401984,0.08287923038005829,0.3,,
9,367,81795,751616,1309.3779293300001,511.28,0.8503798246383667,0.37837240248918536,2.3729332089424133,3660,6.404492580890656,3.7279372215270996,0.025844854214228708,0.26882765,0.00034003456,0.08306355029344559,0.3,,
9,368,81993,753664,1326.4527135000003,516.98,0.8693028390407562,0.34688802853343076,2.4298771977424622,3670,7.733682298660279,3.637629270553589,0.010081917183742916,0.18378359,0.00033987072000000003,0.08081649243831635,0.3,,
9,369,82199,755712,1303.94644131,509.8,0.878425732254982,0.3353255294263363,2.4276237726211547,3680,7.0082261800765995,2.7948784828186035,0.0005189152667298913,0.12017931,0.00033970688,0.08090999722480774,0.3,,
9,370,82399,757760,1291.2155393399999,501.44,0.772470697760582,0.29229167476296425,2.4271688938140867,3690,10.191170978546143,3.9080090522766113,0.0017680961230507996,0.04780281,0.00033954304,0.08093256503343582,0.3,,
9,371,82608,759808,1287.10948014,492.44,0.8963406160473824,0.5269531376659871,2.4250695943832397,3700,5.25522266626358,2.1362080574035645,0.06578528449754231,1.8009605,0.0003393792,0.08138398826122284,0.3,,
,,,760000,,,0.6789926886558533,0.55300782173872,2.411246156692505,3710,8.288629198074341,2.26269793510437,0.08068502672947986,0.31551242,0.00033921536,0.08193184435367584,0.3,684.6,2098.1481645674444
9,372,83193,761856,1311.77384104,504.77,,,,,,,,,,,,,
9,373,83390,763904,1346.38450059,514.84,0.9092551171779633,0.33809896782040594,2.4605192065238954,3720,20.355575847625733,5.958174228668213,0.031323896831599994,0.050691053,0.00033905152,0.07979727536439896,0.3,,
9,374,83593,765952,1391.20325886,528.65,0.7189460694789886,0.4556380309164524,2.4544965028762817,3730,10.455422472953796,4.16962194442749,0.026171077726175974,1.6650922,0.00033888768000000006,0.08012086898088455,0.3,,
9,375,83789,768000,1435.09409618,542.1,0.729451060295105,0.5619270980358124,2.4436874270439146,3740,5.201322460174561,2.421046733856201,0.07961285542696714,0.7439307,0.00033872384000000003,0.08054200559854507,0.3,,
9,376,83987,770048,1433.3900568200002,536.05,0.6897846162319183,0.4642057441174984,2.4342912316322325,3750,6.18703260421753,3.1898844242095947,0.034842351891566106,1.6328664,0.00033856,0.08076642453670502,0.3,,
