time/episodes,train/critic_loss,time/time_elapsed,train/n_updates,time/fps,rollout/ep_len_mean,rollout/ep_rew_mean,time/total_timesteps,train/learning_rate,train/actor_loss,eval/mean_ep_length,eval/mean_reward
4,3.0550804138183594,31,124,7,56.25,-101.230102,225,0.0002,1.490918755531311,,
8,2.8756144046783447,38,189,7,36.25,-63.082134375,290,0.0002,1.5332781076431274,,
12,4.621170997619629,47,250,7,29.25,-49.00875208333333,351,0.0002,1.811450719833374,,
16,5.842937469482422,55,313,7,25.875,-41.81357625,414,0.0002,1.83713698387146,,
20,6.034562110900879,62,369,7,23.5,-36.69017435,470,0.0002,1.9737389087677002,,
24,5.6843719482421875,71,429,7,22.083333333333332,-36.07052675,530,0.0002,2.4726295471191406,,
28,4.729722499847412,91,581,7,24.357142857142858,-45.134473285714286,682,0.0002,3.253551483154297,,
32,5.034270286560059,98,639,7,23.125,-46.70426109375,740,0.0002,3.190767765045166,,
36,4.915152549743652,110,733,7,23.166666666666668,-44.23362311111111,834,0.0002,3.278069496154785,,
40,4.359447479248047,117,785,7,22.15,-43.525610875,886,0.0002,3.5864620208740234,,
44,4.792264938354492,128,889,7,22.5,-42.57347431818182,990,0.0002,4.076292037963867,,
48,5.527454376220703,137,960,7,22.104166666666668,-42.5328939375,1061,0.0002,4.506643295288086,,
52,5.64969539642334,150,1022,7,21.596153846153847,-42.360504923076924,1123,0.0002,5.436244010925293,,
56,6.332223892211914,158,1091,7,21.285714285714285,-40.64456558928571,1192,0.0002,5.476956844329834,,
60,4.98438024520874,166,1156,7,20.95,-38.1630698,1257,0.0002,4.815242767333984,,
64,5.353076934814453,173,1213,7,20.53125,-36.798927515624996,1314,0.0002,5.026857852935791,,
68,4.532298564910889,180,1272,7,20.191176470588236,-35.36346530882353,1373,0.0002,5.2704548835754395,,
72,4.492169380187988,188,1332,7,19.90277777777778,-34.14071394444444,1433,0.0002,5.466921806335449,,
76,4.259220600128174,202,1406,7,19.82894736842105,-33.05330688157894,1507,0.0002,5.500210762023926,,
80,5.14504337310791,209,1464,7,19.5625,-31.823222449999996,1565,0.0002,5.402691841125488,,
84,5.06728458404541,219,1547,7,19.61904761904762,-30.81961466666666,1648,0.0002,5.905066967010498,,
88,4.853630065917969,229,1638,7,19.761363636363637,-29.823801897727268,1739,0.0002,4.809704303741455,,
92,3.430527925491333,243,1785,7,20.5,-28.91873523913043,1886,0.0002,4.210967063903809,,
96,4.200685501098633,260,1953,7,21.395833333333332,-28.935953385416664,2054,0.0002,4.585609436035156,,
100,3.8276729583740234,275,2044,7,21.45,-28.117308259999994,2145,0.0002,4.288337707519531,,
104,4.606308460235596,289,2159,7,20.35,-25.54156379,2260,0.0002,4.47226619720459,,
108,3.780221462249756,301,2271,7,20.82,-25.61104293,2372,0.0002,4.2317352294921875,,
112,3.6263227462768555,315,2398,7,21.48,-26.273733550000003,2499,0.0002,4.075216770172119,,
116,4.407923698425293,328,2507,7,21.94,-26.56767873,2608,0.0002,3.998155117034912,,
120,4.606462478637695,340,2615,7,22.46,-26.64296579,2716,0.0002,3.4703009128570557,,
124,4.633543491363525,352,2716,7,22.87,-26.668079610000003,2817,0.0002,3.7750091552734375,,
128,4.392482280731201,368,2800,7,22.19,-24.339601919999996,2901,0.0002,3.5166175365448,,
132,5.57978630065918,382,2927,7,22.88,-23.981160240000005,3028,0.0002,3.750319480895996,,
136,4.934382438659668,398,3059,7,23.26,-24.262651859999995,3160,0.0002,3.5567212104797363,,
140,6.127143383026123,408,3148,7,23.63,-23.474109789999996,3249,0.0002,3.8610458374023438,,
144,5.676226615905762,419,3228,7,23.39,-23.030870540000002,3329,0.0002,3.19195556640625,,
148,5.042603492736816,440,3404,7,24.44,-22.124339699999997,3505,0.0002,3.946082592010498,,
152,5.806960105895996,456,3494,7,24.72,-21.148211399999994,3595,0.0002,4.255875110626221,,
156,5.1258225440979,468,3579,7,24.88,-21.58664949,3680,0.0002,4.446613788604736,,
160,4.376088619232178,478,3660,7,25.04,-22.46546009,3761,0.0002,3.796192169189453,,
164,5.183561325073242,502,3869,7,26.56,-23.28039635,3970,0.0002,3.4360227584838867,,
168,5.666356563568115,518,3991,7,27.19,-25.000269040000003,4092,0.0002,3.1355690956115723,,
172,4.723556041717529,526,4052,7,27.2,-26.067342550000003,4153,0.0002,3.454047679901123,,
176,6.441219806671143,543,4158,7,27.52,-26.11195752,4259,0.0002,3.1517722606658936,,
180,4.98193359375,557,4289,7,28.25,-26.187773959999994,4390,0.0002,3.483171224594116,,
184,6.103066921234131,569,4403,7,28.56,-26.18899583,4504,0.0002,3.0619688034057617,,
188,6.733874797821045,577,4471,7,28.33,-25.97035656,4572,0.0002,3.1063218116760254,,
192,6.40840482711792,590,4598,7,28.13,-25.914699739999993,4699,0.0002,2.9816782474517822,,
196,5.749858856201172,601,4704,7,27.51,-25.233228009999998,4805,0.0002,2.9123144149780273,,
200,8.13756275177002,621,4842,7,27.98,-25.2944371,4943,0.0002,2.8736534118652344,,
204,5.743417263031006,637,4972,7,28.13,-23.10472871,5073,0.0002,2.312265634536743,,
208,5.783138275146484,647,5059,7,27.88,-22.299807969999996,5160,0.0002,2.260127067565918,,
212,6.6394171714782715,662,5203,8,28.05,-21.01036094,5304,0.0002,1.8469492197036743,,
216,5.396482944488525,687,5425,8,29.18,-19.540530420000003,5526,0.0002,1.8259127140045166,,
220,5.915424346923828,739,5940,8,33.25,-20.1581838,6041,0.0002,1.3812475204467773,,
224,8.032666206359863,745,5991,8,32.75,-19.119160599999997,6092,0.0002,1.0653231143951416,,
228,6.5557966232299805,842,7049,8,42.49,-30.898183520000003,7150,0.0002,-0.01585039496421814,,
232,7.036900520324707,934,8139,8,52.12,-39.885075029999996,8240,0.0002,-0.2779177725315094,,
236,5.991481781005859,1182,11150,9,80.91,-40.26877393,11251,0.0002,-4.870381832122803,,
240,7.332482814788818,1518,15150,10,120.02,-45.53908429000001,15251,0.0002,-8.485671997070312,,
244,4.985556125640869,1690,17316,10,140.88,-52.16292789,17417,0.0002,-6.787025451660156,,
248,5.7505598068237305,1810,18900,10,154.96,-52.658702399999996,19001,0.0002,-6.811272144317627,,
252,5.969015598297119,1900,19826,10,163.32,-58.667124130000005,19927,0.0002,-6.512514114379883,,
256,5.086872577667236,1917,19980,10,164.01,-58.33180987,20081,0.0002,-6.277956962585449,,
260,4.331028938293457,2022,20981,10,173.21,-53.09884902000001,21082,0.0002,-7.127228736877441,,
264,6.256830215454102,2105,21882,10,180.13,-56.39988494,21983,0.0002,-7.77816104888916,,
268,4.715217113494873,2173,22658,10,186.67,-56.05351163999999,22759,0.0002,-7.0957746505737305,,
272,5.113234996795654,2216,23117,10,190.65,-50.76164772,23218,0.0002,-7.484199523925781,,
276,5.928374290466309,2328,24148,10,199.9,-42.35710597,24249,0.0002,-7.676395416259766,,
280,4.372259140014648,2408,25022,10,207.33,-32.96441621,25123,0.0002,-7.965036392211914,,
284,6.581052780151367,2515,26183,10,217.8,-40.25249749,26284,0.0002,-7.77453088760376,,
288,5.4300079345703125,2647,27626,10,231.55,-28.433291100000005,27727,0.0002,-9.127388000488281,,
292,8.724145889282227,2729,28411,10,238.13,-25.902553050000005,28512,0.0002,-9.599271774291992,,
296,6.421160697937012,2742,28535,10,238.31,-25.386234880000003,28636,0.0002,-9.202997207641602,,
300,5.540132522583008,2773,28816,10,239.74,-22.763042040000002,28917,0.0002,-8.029155731201172,,
304,5.266232490539551,2831,29412,10,244.4,-24.14732249,29513,0.0002,-9.1143798828125,,
308,6.943851470947266,2872,29815,10,247.56,-22.333845380000003,29916,0.0002,-9.295490264892578,,
312,5.4174699783325195,3018,31492,10,262.89,-17.92383209000001,31593,0.0002,-9.771961212158203,,
316,7.952709197998047,3088,32320,10,268.95,-18.74871146000001,32421,0.0002,-9.53795051574707,,
320,4.871502876281738,3103,32466,10,265.26,-17.601588410000005,32567,0.0002,-8.249835014343262,,
324,5.597014427185059,3144,32899,10,269.08,-24.44589879,33000,0.0002,-8.387462615966797,,
328,5.433453559875488,3222,33645,10,265.96,-14.028730550000002,33746,0.0002,-9.897921562194824,,
332,4.506953239440918,3326,34709,10,265.7,2.398168429999998,34810,0.0002,-8.395818710327148,,
336,4.894136428833008,3374,35246,10,240.96,2.792405740000001,35347,0.0002,-9.365281105041504,,
340,5.016105651855469,3448,35941,10,207.91,3.93413998,36042,0.0002,-9.645156860351562,,
344,6.834210395812988,3474,36188,10,188.72,10.002390839999997,36289,0.0002,-10.118043899536133,,
348,6.894232749938965,3529,36748,10,178.48,10.171714009999999,36849,0.0002,-10.157057762145996,,
352,6.965961933135986,3633,37646,10,178.2,19.30030283,37747,0.0002,-9.675313949584961,,
356,4.85887336730957,3793,39172,10,191.92,28.253463129999997,39273,0.0002,-10.10368537902832,,
360,5.888096809387207,3857,39815,10,188.34,21.537061859999994,39916,0.0002,-10.446281433105469,,
364,6.528548717498779,3946,40628,10,187.46,20.11239741,40729,0.0002,-11.26531982421875,,
368,5.597794532775879,4041,41590,10,189.32,16.5120586,41691,0.0002,-9.868568420410156,,
372,5.270811557769775,4144,42678,10,195.61,18.286750529999996,42779,0.0002,-11.430591583251953,,
376,6.239885330200195,4288,44143,10,199.95,9.146020720000001,44244,0.0002,-10.620418548583984,,
380,5.095364093780518,4374,45106,10,200.84,1.5474984300000032,45207,0.0002,-11.73513412475586,,
384,8.700849533081055,4390,45243,10,190.6,8.369992490000001,45344,0.0002,-11.311606407165527,,
388,7.132123947143555,4471,46284,10,186.58,-5.307677400000001,46385,0.0002,-9.706174850463867,,
392,5.709036350250244,4616,47779,10,193.68,-3.9084632600000027,47880,0.0002,-11.24571704864502,,
396,6.879790306091309,4643,48076,10,195.41,-6.4076296200000025,48177,0.0002,-9.890634536743164,,
400,4.045895576477051,4689,48557,10,197.41,-10.68671683,48658,0.0002,-10.370892524719238,,
404,4.179103374481201,4722,48891,10,194.79,-9.33049673,48992,0.0002,-8.76037311553955,,
408,5.589582443237305,4787,49542,10,197.27,-7.595716229999999,49643,0.0002,-10.557575225830078,,
412,6.218822479248047,4885,50590,10,190.98,-6.95069613,50691,0.0002,-10.196144104003906,,
416,4.6233015060424805,4985,51701,10,193.81,-6.6695386999999995,51802,0.0002,-10.687947273254395,,
420,7.070535659790039,5046,52359,10,198.93,-6.393195539999999,52460,0.0002,-8.714776039123535,,
424,4.073415756225586,5181,53901,10,210.02,22.57720597,54002,0.0002,-10.615795135498047,,
428,4.304320335388184,5275,54915,10,212.7,29.080807479999994,55016,0.0002,-10.707328796386719,,
432,6.3285417556762695,5312,55359,10,206.5,21.776738359999996,55460,0.0002,-11.190069198608398,,
436,4.483769416809082,5408,56466,10,212.2,32.089796969999995,56567,0.0002,-10.052143096923828,,
440,4.741041660308838,5461,57172,10,212.31,35.895131799999994,57273,0.0002,-10.508699417114258,,
444,4.689688205718994,5489,57448,10,212.6,36.97004631,57549,0.0002,-9.718206405639648,,
448,5.194157600402832,5587,58553,10,218.05,47.35185425,58654,0.0002,-10.89493179321289,,
452,5.571537971496582,5614,58777,10,211.31,43.322835370000014,58878,0.0002,-11.10747241973877,,
456,4.149096488952637,5698,59611,10,204.39,40.133648599999994,59712,0.0002,-10.831016540527344,,
460,5.294763088226318,5920,61744,10,219.29,58.04320705999999,61845,0.0002,-9.576987266540527,,
464,5.41903829574585,5995,62537,10,219.09,74.48404294999999,62638,0.0002,-11.444669723510742,,
468,6.172733783721924,6121,63804,10,222.14,87.63891480999999,63905,0.0002,-12.197893142700195,,
472,4.74741268157959,6243,65136,10,224.58,98.97550129999999,65237,0.0002,-10.889351844787598,,
476,3.375760316848755,6316,65846,10,217.03,109.36639559999999,65947,0.0002,-11.270418167114258,,
480,5.720844268798828,6386,66474,10,213.68,113.48754719,66575,0.0002,-12.119492530822754,,
484,4.04066276550293,6568,68469,10,232.26,127.13378363000001,68570,0.0002,-10.022675514221191,,
488,4.516152858734131,6622,69062,10,227.78,137.53687414000004,69163,0.0002,-12.193410873413086,,
492,4.440747261047363,6672,69487,10,217.08,140.78831916,69588,0.0002,-13.226898193359375,,
496,4.953004837036133,6788,70842,10,227.66,150.62744860000004,70943,0.0002,-13.0005521774292,,
500,5.450667381286621,7054,73264,10,247.07,177.13812228999998,73365,0.0002,-11.295289039611816,,
504,3.9780025482177734,7082,73520,10,246.29,179.80855545000003,73621,0.0002,-12.55912971496582,,
508,6.478091239929199,7175,74525,10,249.83,189.45522082,74626,0.0002,-12.993692398071289,,
512,5.8042311668396,7251,75335,10,247.45,187.6608798,75436,0.0002,-12.533388137817383,,
516,3.935683250427246,7365,76558,10,248.57,200.98394050000002,76659,0.0002,-12.205638885498047,,
520,3.5460758209228516,7488,77773,10,254.14,221.37857993999998,77874,0.0002,-13.29678726196289,,
524,4.323478698730469,7595,78791,10,248.9,209.92335807999996,78892,0.0002,-12.445535659790039,,
528,4.572714805603027,7658,79376,10,244.61,213.92327964,79477,0.0002,-12.665666580200195,,
532,2.9898929595947266,7758,80406,10,250.47,226.78700648999998,80507,0.0002,-12.460737228393555,,
536,7.166712760925293,7943,82420,10,259.54,239.49763817,82521,0.0002,-13.00709342956543,,
540,6.570335388183594,8031,83283,10,261.11,254.54860840999999,83384,0.0002,-12.729673385620117,,
544,5.95916223526001,8076,83726,10,262.78,254.86097324000002,83827,0.0002,-13.250560760498047,,
548,3.29887318611145,8189,84956,10,264.03,262.33878589999995,85057,0.0002,-14.660423278808594,,
552,5.749365329742432,8252,85552,10,267.75,266.53815376,85653,0.0002,-14.585982322692871,,
556,3.8486504554748535,8396,86869,10,272.58,271.44383206,86970,0.0002,-13.146451950073242,,
560,5.238994121551514,8593,88964,10,272.2,276.13139157999996,89065,0.0002,-14.53787899017334,,
564,4.746649742126465,8706,90075,10,275.38,271.24100923,90176,0.0002,-14.469917297363281,,
568,4.428297996520996,8770,90686,10,268.82,273.18478937,90787,0.0002,-14.361831665039062,,
572,5.657236576080322,8901,91875,10,267.39,268.74789547,91976,0.0002,-14.548004150390625,,
576,5.497608184814453,8925,92051,10,262.05,258.1506604,92152,0.0002,-13.969389915466309,,
580,3.6136057376861572,8949,92281,10,258.07,252.79752057999994,92382,0.0002,-14.699475288391113,,
584,3.9191370010375977,8975,92539,10,240.7,239.39303597000003,92640,0.0002,-14.072434425354004,,
588,4.407645225524902,8995,92743,10,236.81,229.6070305,92844,0.0002,-14.267529487609863,,
592,6.105207920074463,9032,93189,10,237.02,221.60267871999994,93290,0.0002,-13.714838027954102,,
596,4.2492146492004395,9100,93971,10,231.29,217.38922812999994,94072,0.0002,-13.462084770202637,,
600,5.125885009765625,9142,94400,10,211.36,194.26983668,94501,0.0002,-13.942625045776367,,
604,4.006829261779785,9221,95230,10,217.1,194.47344719999998,95331,0.0002,-14.018156051635742,,
608,4.378244876861572,9253,95510,10,209.85,180.96062758999994,95611,0.0002,-13.346858978271484,,
612,4.511693000793457,9393,96938,10,216.03,184.94989586999998,97039,0.0002,-12.155418395996094,,
616,4.185739994049072,9550,98359,10,218.01,180.55818638000005,98460,0.0002,-14.415241241455078,,
620,3.178030490875244,9567,98525,10,207.52,159.09639928,98626,0.0002,-15.452680587768555,,
624,4.631598472595215,9613,98982,10,201.91,150.91107451,99083,0.0002,-13.647188186645508,,
,2.771209955215454,,99899,,,,100000,0.0002,-13.244855880737305,276.2,486.8543470000001
628,3.7626986503601074,9876,100114,10,207.38,156.27605487,100215,0.0002,-12.779784202575684,,
632,4.515447616577148,10010,101714,10,213.08,154.55656749,101815,0.0002,-13.768956184387207,,
636,4.975725173950195,10207,103883,10,214.63,154.6380041,103984,0.0002,-14.587414741516113,,
640,3.313358783721924,10235,104185,10,209.02,143.45333055,104286,0.0002,-14.838178634643555,,
644,8.114437103271484,10388,105687,10,219.61,158.80718051,105788,0.0002,-14.277942657470703,,
648,5.572922706604004,10459,106529,10,215.73,156.67015464999997,106630,0.0002,-13.436328887939453,,
652,6.239322185516357,10516,107265,10,217.13,158.6049433,107366,0.0002,-14.571622848510742,,
656,4.466611862182617,10536,107487,10,206.18,148.82500401,107588,0.0002,-14.615619659423828,,
660,5.43027400970459,10582,108095,10,191.31,131.47725266999998,108196,0.0002,-14.62141227722168,,
664,3.3304283618927,10625,108645,10,185.7,129.73748713999998,108746,0.0002,-14.639622688293457,,
668,4.623884201049805,10653,108970,10,182.84,121.15482908999998,109071,0.0002,-14.01015567779541,,
672,4.977762222290039,10671,109113,10,172.38,108.39418329000002,109214,0.0002,-14.886938095092773,,
676,4.74306583404541,10694,109396,10,173.45,110.63847548999998,109497,0.0002,-15.626232147216797,,
680,5.357623100280762,10806,110731,10,184.5,125.08481144000001,110832,0.0002,-15.721817970275879,,
684,4.151155948638916,10835,111076,10,185.37,126.57736667,111177,0.0002,-14.127786636352539,,
688,5.00924015045166,10904,111917,10,191.74,129.76624441,112018,0.0002,-15.761225700378418,,
692,5.565582275390625,10940,112358,10,191.69,129.94652449,112459,0.0002,-15.180214881896973,,
696,2.5340089797973633,10984,112826,10,188.55,130.42553194,112927,0.0002,-14.151084899902344,,
700,4.569708824157715,11014,113134,10,187.34,128.76751713000002,113235,0.0002,-15.547517776489258,,
704,3.5350403785705566,11044,113476,10,182.46,125.52845136000002,113577,0.0002,-15.71456527709961,,
708,4.533933639526367,11073,113835,10,183.25,129.00106721,113936,0.0002,-15.957626342773438,,
712,3.7492012977600098,11173,115069,10,181.31,138.14843621000003,115170,0.0002,-16.233386993408203,,
716,6.307651996612549,11223,115651,10,172.92,135.21012441000002,115752,0.0002,-12.550182342529297,,
720,4.760560989379883,11304,116635,10,181.1,147.82831645000002,116736,0.0002,-15.530828475952148,,
724,5.269190311431885,11419,118056,10,190.74,162.79658664000002,118157,0.0002,-16.107892990112305,,
728,2.652212381362915,11478,118705,10,185.91,160.68483444,118806,0.0002,-15.273042678833008,,
732,4.493678092956543,11579,119896,10,181.82,161.90133727999998,119997,0.0002,-16.810569763183594,,
736,5.543598651885986,11680,120989,10,171.06,156.93033936,121090,0.0002,-15.959835052490234,,
740,5.8114495277404785,11775,122111,10,179.26,176.34238317000003,122212,0.0002,-17.010440826416016,,
744,4.199263095855713,11847,122822,10,171.35,158.90393987999997,122923,0.0002,-15.945846557617188,,
748,4.436905860900879,11877,123201,10,166.72,144.73499817,123302,0.0002,-17.000381469726562,,
752,4.985528945922852,11969,124332,10,170.67,154.24539365,124433,0.0002,-16.169925689697266,,
756,3.3723185062408447,11988,124556,10,170.69,153.32486131,124657,0.0002,-15.631269454956055,,
760,3.475156307220459,12045,125219,10,171.24,158.45754646,125320,0.0002,-17.477031707763672,,
764,3.732576847076416,12111,125992,10,173.47,164.77894733999997,126093,0.0002,-15.4827299118042,,
768,4.204619407653809,12128,126189,10,172.19,164.74249032,126290,0.0002,-17.331714630126953,,
772,4.595308303833008,12174,126680,10,175.67,172.11576503000003,126781,0.0002,-15.540936470031738,,
776,4.304903030395508,12196,126947,10,175.51,172.30870764999997,127048,0.0002,-14.724739074707031,,
780,2.975785732269287,12307,128314,10,175.83,173.4103317,128415,0.0002,-16.98543930053711,,
784,5.356076240539551,12420,129577,10,185.01,189.53593326999996,129678,0.0002,-16.732105255126953,,
788,3.921743154525757,12459,130071,10,181.54,188.24088775,130172,0.0002,-17.966686248779297,,
792,5.037623405456543,12554,131138,10,187.8,201.18380124000004,131239,0.0002,-17.053329467773438,,
796,3.0177295207977295,12599,131554,10,187.28,201.23779923,131655,0.0002,-16.410520553588867,,
800,3.4572319984436035,12749,133309,10,201.75,227.95022213999994,133410,0.0002,-15.54617691040039,,
804,5.034299850463867,12797,133862,10,203.86,233.42753785999994,133963,0.0002,-16.79574203491211,,
808,4.514956951141357,12823,134145,10,203.1,232.85912776999993,134246,0.0002,-17.173198699951172,,
812,2.853275775909424,12919,135241,10,201.72,236.11264112,135342,0.0002,-16.89897918701172,,
816,3.66853666305542,12969,135750,10,200.99,238.60504836999996,135851,0.0002,-17.540817260742188,,
820,4.055595397949219,13062,136640,10,200.05,236.72303476999997,136741,0.0002,-15.99150562286377,,
824,3.7408435344696045,13131,137386,10,193.3,222.04467587,137487,0.0002,-19.198272705078125,,
828,4.152448654174805,13172,137753,10,190.48,209.88156653,137854,0.0002,-17.789766311645508,,
832,6.3331804275512695,13279,138885,10,189.89,205.36334385,138986,0.0002,-16.758216857910156,,
836,5.19873046875,13409,140223,10,192.34,202.31495058000002,140324,0.0002,-16.814300537109375,,
840,6.49444055557251,13622,142581,10,204.7,213.52209440000001,142682,0.0002,-18.230514526367188,,
844,4.364933967590332,13679,143137,10,203.15,217.97021428,143238,0.0002,-19.101776123046875,,
848,4.434367656707764,13721,143615,10,204.14,221.80173641000002,143716,0.0002,-16.40899658203125,,
852,3.8929519653320312,13815,144828,10,204.96,220.91708551999997,144929,0.0002,-16.695402145385742,,
856,4.088048934936523,13864,145432,10,208.76,225.30634161,145533,0.0002,-18.508071899414062,,
860,3.449284791946411,13900,145874,10,206.55,216.42111412000006,145975,0.0002,-19.918407440185547,,
864,3.3520262241363525,13940,146394,10,204.02,211.50335918000002,146495,0.0002,-18.5482234954834,,
868,4.5359015464782715,14032,147450,10,212.61,222.11771581999997,147551,0.0002,-17.856891632080078,,
872,4.077308654785156,14163,148738,10,220.58,227.52880942,148839,0.0002,-18.251285552978516,,
876,3.4482059478759766,14211,149238,10,222.91,229.67712270999996,149339,0.0002,-16.347354888916016,,
880,2.7377192974090576,14341,150602,10,222.88,230.78702075,150703,0.0002,-18.136306762695312,,
884,4.645810604095459,14475,152062,10,224.85,225.86083889000008,152163,0.0002,-17.548507690429688,,
888,6.705235481262207,14508,152365,10,222.94,225.51756688000006,152466,0.0002,-17.75263786315918,,
892,5.103511810302734,14517,152436,10,212.98,211.54653129,152537,0.0002,-18.10707664489746,,
896,4.178414344787598,14660,153867,10,223.13,217.43414435000003,153968,0.0002,-17.989391326904297,,
900,3.6658589839935303,14775,155138,10,218.29,213.05685300999997,155239,0.0002,-17.802501678466797,,
904,3.660170078277588,14897,156562,10,227.0,221.43668905999996,156663,0.0002,-19.012300491333008,,
908,4.263737678527832,15035,158091,10,239.46,247.04139059999997,158192,0.0002,-17.029193878173828,,
912,3.855280876159668,15093,158734,10,234.93,236.75318554999996,158835,0.0002,-18.51291847229004,,
916,3.6767773628234863,15196,159879,10,241.29,241.61105631,159980,0.0002,-17.919097900390625,,
920,2.974888801574707,15292,160809,10,241.69,250.82211303999998,160910,0.0002,-19.055133819580078,,
924,4.947196960449219,15494,163167,10,257.81,298.55540564,163268,0.0002,-18.482017517089844,,
928,4.270068645477295,15612,164361,10,266.08,325.87537275,164462,0.0002,-18.198143005371094,,
932,3.2501769065856934,15741,165742,10,268.57,340.30614003999995,165843,0.0002,-17.914276123046875,,
936,5.412387847900391,15841,166794,10,265.71,342.17442912,166895,0.0002,-18.769651412963867,,
940,5.226032733917236,15911,167607,10,250.26,322.58709216999995,167708,0.0002,-18.69872283935547,,
944,5.644453048706055,16066,169424,10,262.87,355.47486477000007,169525,0.0002,-18.502918243408203,,
948,2.840975761413574,16182,170618,10,270.03,369.9888164300001,170719,0.0002,-19.614248275756836,,
952,4.909760475158691,16257,171412,10,265.84,364.57889217,171513,0.0002,-19.157329559326172,,
956,3.00644850730896,16354,172368,10,269.36,372.1817667099999,172469,0.0002,-17.47922134399414,,
960,4.877574443817139,16535,174318,10,284.44,403.75854005,174419,0.0002,-18.850534439086914,,
964,4.014093399047852,16710,176268,10,298.74,421.71266701,176369,0.0002,-18.18429183959961,,
968,7.624469757080078,16794,177155,10,297.05,421.75710313999997,177256,0.0002,-18.330778121948242,,
972,3.506809711456299,16848,177728,10,289.9,416.62544613,177829,0.0002,-19.322391510009766,,
976,4.068349361419678,16903,178434,10,291.96,423.12943028999996,178535,0.0002,-19.024253845214844,,
980,6.164834022521973,16941,178917,10,283.15,408.16013747,179018,0.0002,-18.6193904876709,,
984,4.507570266723633,17002,179714,10,276.52,402.47619977,179815,0.0002,-18.277992248535156,,
988,3.2011005878448486,17096,180853,10,284.88,418.60269335000004,180954,0.0002,-19.34302520751953,,
992,3.8817577362060547,17268,182891,10,304.55,451.80308997,182992,0.0002,-19.124549865722656,,
996,3.9307491779327393,17496,185718,10,318.51,499.11283662999995,185819,0.0002,-18.662065505981445,,
1000,2.9556031227111816,17573,186660,10,315.22,474.26083639999996,186761,0.0002,-18.65365219116211,,
1004,4.443387031555176,17748,188944,10,323.82,471.41745609000014,189045,0.0002,-18.67093276977539,,
1008,6.161347389221191,17871,190406,10,323.15,462.48014212000004,190507,0.0002,-18.7616024017334,,
1012,3.7870664596557617,17986,191776,10,330.42,465.84239747,191877,0.0002,-18.72715187072754,,
1016,3.063230514526367,18155,193870,10,339.91,478.02025854999994,193971,0.0002,-18.474563598632812,,
1020,5.32945442199707,18371,196625,10,358.16,475.48257235,196726,0.0002,-18.64321517944336,,
1024,3.233968734741211,18529,198482,10,353.15,445.68114247000005,198583,0.0002,-18.799732208251953,,
,2.278350353240967,,199899,,,,200000,0.0002,-19.60735321044922,371.8,270.30924100000004
1028,3.446564197540283,18864,200723,10,363.62,447.82166999000003,200824,0.0002,-17.943187713623047,,
1032,3.084768295288086,19025,202664,10,369.22,455.7764891700001,202765,0.0002,-19.63927459716797,,
1036,6.524613380432129,19197,204698,10,379.04,457.30628945999996,204799,0.0002,-18.70186996459961,,
1040,2.6320607662200928,19335,206293,10,386.86,458.57793821,206394,0.0002,-18.11748504638672,,
1044,3.6298179626464844,19490,208235,10,388.11,453.47293401999997,208336,0.0002,-17.61649513244629,,
1048,3.183886766433716,19632,209976,10,393.58,469.86091187,210077,0.0002,-19.291410446166992,,
1052,4.020538806915283,19860,212491,10,410.79,482.24908268,212592,0.0002,-17.45781707763672,,
1056,4.50518798828125,19965,213723,10,413.55,489.0952233599999,213824,0.0002,-20.33612060546875,,
1060,4.852205276489258,20049,214746,10,404.28,472.9216731800001,214847,0.0002,-20.512134552001953,,
1064,2.8976075649261475,20173,215951,10,396.83,473.53722177,216052,0.0002,-19.42209243774414,,
1068,2.933471441268921,20246,216860,10,397.05,472.22093564999994,216961,0.0002,-18.758710861206055,,
1072,2.4909894466400146,20431,219094,10,413.66,503.9639728899999,219195,0.0002,-19.762527465820312,,
1076,2.716695785522461,20563,220728,10,422.94,519.03222246,220829,0.0002,-19.783510208129883,,
1080,4.437644004821777,20693,222212,10,432.95,538.18753984,222313,0.0002,-17.96172332763672,,
1084,2.283689260482788,20848,224034,10,443.2,539.9550900099999,224135,0.0002,-19.989219665527344,,
1088,1.5364505052566528,20988,225753,10,449.0,551.27994164,225854,0.0002,-19.939781188964844,,
1092,3.584648847579956,21133,227275,10,443.84,536.8129658199999,227376,0.0002,-18.955894470214844,,
1096,2.21968674659729,21255,228481,10,427.63,501.81465589999993,228582,0.0002,-18.91469955444336,,
1100,3.287400960922241,21326,229236,10,425.76,499.9911672,229337,0.0002,-19.26654052734375,,
1104,4.5882720947265625,21427,230334,10,413.9,502.5812246400001,230435,0.0002,-19.29843521118164,,
1108,2.097543716430664,21536,231525,10,411.19,489.61687328,231626,0.0002,-18.720748901367188,,
1112,3.2386438846588135,21705,233257,10,414.81,505.78405887,233358,0.0002,-19.712078094482422,,
1116,3.315402030944824,21867,234850,10,409.8,512.3275591199999,234951,0.0002,-17.773418426513672,,
1120,2.3018641471862793,22054,236770,10,401.45,530.20897856,236871,0.0002,-18.53394317626953,,
1124,5.817770957946777,22226,238745,10,402.63,541.23484103,238846,0.0002,-19.16541862487793,,
1128,6.4212965965271,22283,239406,10,386.83,519.9729538400001,239507,0.0002,-20.085269927978516,,
1132,9.625898361206055,22596,242739,10,400.75,558.79452451,242840,0.0002,-19.753095626831055,,
1136,4.541994094848633,22790,244838,10,401.4,577.2931906199999,244939,0.0002,-19.444904327392578,,
1140,1.925330400466919,22967,246752,10,404.59,600.8412877699999,246853,0.0002,-21.830703735351562,,
1144,5.294812202453613,23160,249259,10,410.24,611.65756167,249360,0.0002,-20.792213439941406,,
1148,3.2526745796203613,23292,250845,10,408.69,602.7502525299999,250946,0.0002,-20.976062774658203,,
1152,5.007890224456787,23549,254064,10,415.73,640.86376657,254165,0.0002,-22.68769073486328,,
1156,3.3867154121398926,23601,254638,10,409.15,625.58222547,254739,0.0002,-20.720352172851562,,
1160,1.4663655757904053,23889,258338,10,435.92,688.8222621199999,258439,0.0002,-22.573768615722656,,
1164,3.1166584491729736,24159,261603,10,456.52,735.1046540899998,261704,0.0002,-22.734230041503906,,
1168,1.3116827011108398,24407,264739,10,478.79,761.4939987700002,264840,0.0002,-21.82921028137207,,
1172,3.13070011138916,24571,266873,10,477.79,745.36480411,266974,0.0002,-21.466123580932617,,
1176,3.1707358360290527,24839,270037,10,493.09,775.71408608,270138,0.0002,-21.65520477294922,,
1180,1.9685359001159668,25144,273774,10,515.62,835.8389022799998,273875,0.0002,-21.615026473999023,,
1184,3.931447982788086,25324,276053,10,520.19,844.5462160599999,276154,0.0002,-21.64712142944336,,
1188,1.8323712348937988,25544,278756,10,530.03,867.2217382200001,278857,0.0002,-21.992568969726562,,
1192,1.6379377841949463,25702,280773,10,534.98,872.6385840900001,280874,0.0002,-20.027748107910156,,
1196,1.2865256071090698,25858,282768,10,542.87,876.99394126,282869,0.0002,-20.628273010253906,,
1200,3.687769889831543,26109,285954,10,567.18,944.6339667999999,286055,0.0002,-21.647310256958008,,
1204,1.5771827697753906,26318,288643,10,583.09,987.4607706199998,288744,0.0002,-22.01038932800293,,
1208,1.3067233562469482,26570,291764,10,602.39,1052.27177774,291865,0.0002,-21.80281639099121,,
1212,1.2827932834625244,26790,294569,10,613.12,1086.09499238,294670,0.0002,-23.047178268432617,,
1216,1.2439420223236084,26988,296843,11,619.93,1090.64033117,296944,0.0002,-25.152753829956055,,
1220,1.268951416015625,27149,298533,10,617.63,1086.6169803599998,298634,0.0002,-21.893335342407227,,
,2.4712138175964355,,299899,,,,300000,0.0002,-22.443130493164062,729.6,1565.0470564
1224,1.9983100891113281,27649,300314,10,615.69,1088.2427870899999,300415,0.0002,-23.384449005126953,,
1228,5.133236885070801,27823,302220,10,628.14,1115.48280936,302321,0.0002,-22.734861373901367,,
1232,3.4775497913360596,28076,304818,10,620.79,1097.81678869,304919,0.0002,-23.0846004486084,,
1236,1.6570229530334473,28273,307280,10,624.42,1114.68593655,307381,0.0002,-23.307632446289062,,
1240,3.0732176303863525,28493,310070,10,633.18,1123.3509693199999,310171,0.0002,-23.544174194335938,,
1244,5.752561092376709,28705,312750,10,634.91,1137.6149532200002,312851,0.0002,-22.853715896606445,,
1248,1.5917677879333496,28795,313878,10,630.33,1132.6775339600001,313979,0.0002,-22.855831146240234,,
1252,6.16665506362915,29028,316874,10,628.1,1134.02516288,316975,0.0002,-22.124431610107422,,
1256,2.833209991455078,29130,318140,10,635.02,1152.35500073,318241,0.0002,-23.634775161743164,,
1260,3.7671539783477783,29176,318549,10,602.11,1076.85711515,318650,0.0002,-23.724870681762695,,
1264,2.0865578651428223,29312,320163,10,585.6,1036.5875649999998,320264,0.0002,-23.67879867553711,,
1268,1.5379796028137207,29438,321516,10,567.77,1026.7650484900003,321617,0.0002,-24.216611862182617,,
1272,1.596243143081665,29735,324733,10,578.6,1058.3325605199998,324834,0.0002,-23.212371826171875,,
1276,4.960963249206543,30024,328002,10,579.65,1049.4116817600002,328103,0.0002,-24.784343719482422,,
1280,1.1212315559387207,30299,331123,10,573.49,1034.10527391,331224,0.0002,-24.38652229309082,,
1284,5.627668857574463,30461,332787,10,567.34,1037.7230789099997,332888,0.0002,-23.71780776977539,,
1288,1.3523104190826416,30505,333295,10,545.39,1000.8468082899998,333396,0.0002,-26.070072174072266,,
1292,1.3594095706939697,30621,334570,10,537.97,1004.12206238,334671,0.0002,-24.746646881103516,,
1296,1.499871850013733,30824,336849,10,540.81,1029.4530898300002,336950,0.0002,-22.852867126464844,,
1300,6.421566963195801,31075,339519,10,535.65,1026.8325286200002,339620,0.0002,-25.191150665283203,,
1304,1.1802098751068115,31186,340815,10,521.72,997.4969113499999,340916,0.0002,-25.343015670776367,,
1308,1.227947473526001,31448,343544,10,517.8,978.1574841199998,343645,0.0002,-24.764278411865234,,
1312,2.7397186756134033,31498,344084,10,495.15,919.67357819,344185,0.0002,-25.21453094482422,,
1316,3.8848915100097656,31652,345674,10,488.31,903.04116532,345775,0.0002,-24.242374420166016,,
1320,2.5807137489318848,31821,347392,10,488.59,903.5826043099999,347493,0.0002,-24.519283294677734,,
1324,3.7813923358917236,31904,348252,10,479.38,875.5827907,348353,0.0002,-24.969615936279297,,
1328,1.2890578508377075,32214,351516,10,492.96,914.68378694,351617,0.0002,-25.688594818115234,,
1332,2.332001209259033,32493,354411,10,495.93,926.8735050300003,354512,0.0002,-25.626821517944336,,
1336,1.7442588806152344,32592,355599,10,483.19,902.0567441600001,355700,0.0002,-25.367511749267578,,
1340,1.82286536693573,32642,356155,10,460.85,857.7139965599999,356256,0.0002,-25.346359252929688,,
1344,2.016483783721924,32895,359269,10,465.19,885.30414066,359370,0.0002,-25.88481903076172,,
1348,4.385184288024902,32924,359557,10,456.79,863.23614635,359658,0.0002,-26.117481231689453,,
1352,1.4502131938934326,33034,360869,10,439.95,830.6603390600001,360970,0.0002,-24.254613876342773,,
1356,1.9539695978164673,33165,362376,10,442.36,850.8389534799999,362477,0.0002,-24.75292205810547,,
1360,2.078439712524414,33378,364872,10,463.23,921.08717483,364973,0.0002,-25.47690773010254,,
1364,2.480787754058838,33546,366890,10,467.27,936.3801762000002,366991,0.0002,-26.67656135559082,,
1368,0.938216507434845,33717,369011,10,474.95,968.1301725799999,369112,0.0002,-26.01921272277832,,
1372,0.9782708883285522,33956,372026,10,472.93,1000.6122427999998,372127,0.0002,-26.581188201904297,,
1376,1.4180623292922974,34207,375106,10,471.04,1039.98095514,375207,0.0002,-26.575611114501953,,
1380,4.758026123046875,34353,376811,10,456.88,1012.49256937,376912,0.0002,-25.206289291381836,,
1384,6.0230536460876465,34677,380444,10,476.57,1073.6045299099999,380545,0.0002,-26.713926315307617,,
1388,2.0116195678710938,34834,382040,10,487.45,1093.9058282899998,382141,0.0002,-27.0428466796875,,
1392,3.8605403900146484,35041,384268,10,496.98,1109.89645894,384369,0.0002,-26.65827751159668,,
1396,7.525854110717773,35231,386311,10,494.62,1109.49717101,386412,0.0002,-25.953418731689453,,
1400,2.736363649368286,35413,388315,10,487.96,1098.0811114800001,388416,0.0002,-28.750680923461914,,
1404,1.3610053062438965,35567,390096,10,492.81,1115.19499064,390197,0.0002,-26.11664581298828,,
1408,1.7117894887924194,35766,392358,10,488.14,1121.7518829599999,392459,0.0002,-28.303508758544922,,
1412,1.22743821144104,35985,394796,10,507.12,1145.58544854,394897,0.0002,-27.50530242919922,,
1416,2.220115900039673,36293,398148,10,524.74,1202.66201789,398249,0.0002,-26.7294921875,,
,1.7479963302612305,,399899,,,,400000,0.0002,-27.354358673095703,477.6,1182.2109851999999
1420,1.0421624183654785,36676,399912,10,525.2,1204.4066904000001,400013,0.0002,-27.022111892700195,,
1424,1.1833055019378662,36760,400836,10,525.84,1214.66413811,400937,0.0002,-25.29283332824707,,
1428,5.288653373718262,36932,402547,10,510.31,1181.13561214,402648,0.0002,-26.269014358520508,,
1432,1.4144725799560547,37179,405242,10,508.31,1185.7880567399998,405343,0.0002,-27.031587600708008,,
1436,0.9166442155838013,37394,407552,10,519.53,1217.1249294099998,407653,0.0002,-27.08760643005371,,
1440,3.0764389038085938,37612,410084,10,539.29,1253.00398558,410185,0.0002,-27.16315269470215,,
1444,2.84995174407959,37872,413123,10,538.54,1209.09844207,413224,0.0002,-26.427677154541016,,
1448,1.289412498474121,38068,415289,10,557.32,1269.07051582,415390,0.0002,-27.084980010986328,,
1452,5.054841041564941,38194,416630,10,557.61,1275.29621702,416731,0.0002,-27.265871047973633,,
1456,2.8790154457092285,38274,417561,10,551.85,1249.99940627,417662,0.0002,-26.893312454223633,,
1460,3.7259726524353027,38372,418613,10,537.41,1202.6660051200001,418714,0.0002,-27.961849212646484,,
1464,1.8635867834091187,38613,421191,10,543.01,1207.8724078599998,421292,0.0002,-26.453033447265625,,
1468,1.3784914016723633,38762,422790,10,537.79,1167.36576775,422891,0.0002,-27.230186462402344,,
1472,3.747584342956543,38951,424716,10,526.9,1126.9053357,424817,0.0002,-27.293460845947266,,
1476,1.9593572616577148,39137,426632,10,515.26,1077.46221239,426733,0.0002,-26.96286392211914,,
1480,2.1438565254211426,39289,428455,10,516.44,1093.0617053,428556,0.0002,-27.726909637451172,,
1484,2.098541736602783,39505,431007,10,505.63,1090.3240635299999,431108,0.0002,-28.812463760375977,,
1488,1.9651494026184082,39597,432079,10,500.39,1087.7364526600002,432180,0.0002,-28.304853439331055,,
1492,7.4025373458862305,39862,435272,10,510.04,1142.18391717,435373,0.0002,-28.8267879486084,,
1496,5.308451175689697,40010,437001,10,506.9,1144.6324791000004,437102,0.0002,-28.811054229736328,,
1500,3.899914503097534,40269,440125,10,518.1,1187.6708437400002,440226,0.0002,-28.281152725219727,,
1504,1.7752004861831665,40539,443020,10,529.24,1223.97784621,443121,0.0002,-29.17139434814453,,
1508,0.8445417284965515,40706,445115,10,527.57,1223.4003201100002,445216,0.0002,-28.261449813842773,,
1512,1.0730226039886475,40867,447313,10,525.17,1232.7059055700001,447414,0.0002,-29.77853775024414,,
1516,1.0076837539672852,41038,449531,10,513.83,1218.33920332,449632,0.0002,-28.81464195251465,,
1520,6.6340203285217285,41150,451056,10,511.44,1227.0533985499999,451157,0.0002,-26.963958740234375,,
1524,1.333782434463501,41333,453510,10,526.74,1278.96942537,453611,0.0002,-29.615699768066406,,
1528,5.359899520874023,41431,454639,10,520.92,1266.1577080299999,454740,0.0002,-29.04764175415039,,
1532,1.3662697076797485,41668,457487,10,522.45,1271.6847560899998,457588,0.0002,-29.70306968688965,,
1536,1.4663984775543213,41920,460594,10,530.42,1288.06550866,460695,0.0002,-29.00263023376465,,
1540,1.4471150636672974,42195,464047,10,539.63,1334.9243120999997,464148,0.0002,-28.2276668548584,,
1544,5.087691783905029,42409,466740,11,536.17,1350.5356591300003,466841,0.0002,-28.977249145507812,,
1548,1.139758586883545,42538,468360,11,530.71,1329.2788525600004,468461,0.0002,-28.101221084594727,,
1552,0.741509735584259,42699,470259,11,536.29,1347.8233298,470360,0.0002,-27.517107009887695,,
1556,1.114488124847412,42902,472779,11,552.18,1386.99630256,472880,0.0002,-28.635459899902344,,
1560,3.264096975326538,43125,475498,11,568.85,1441.1327199099999,475599,0.0002,-28.62773323059082,,
1564,1.9856157302856445,43247,477005,11,558.14,1431.2236716500001,477106,0.0002,-28.231412887573242,,
1568,2.011225938796997,43360,478366,11,555.76,1437.8193123600001,478467,0.0002,-28.20574951171875,,
1572,1.5046536922454834,43443,479332,11,546.16,1410.20104391,479433,0.0002,-27.28756332397461,,
1576,3.425246477127075,43602,481154,11,545.22,1423.16762475,481255,0.0002,-28.13240623474121,,
1580,1.636967420578003,43787,483449,11,549.94,1432.6133058799996,483550,0.0002,-28.316200256347656,,
1584,1.180704116821289,44033,486470,11,554.63,1408.8552942300003,486571,0.0002,-29.56040382385254,,
1588,5.2103166580200195,44191,488350,11,562.71,1429.5149429,488451,0.0002,-30.446903228759766,,
1592,1.0531920194625854,44447,491394,11,561.22,1417.9095377600001,491495,0.0002,-29.02910041809082,,
1596,1.2628099918365479,44558,492783,11,557.82,1386.69154755,492884,0.0002,-28.144222259521484,,
1600,5.483713626861572,44850,496314,11,561.89,1389.9093611399999,496415,0.0002,-27.918420791625977,,
1604,1.2614296674728394,45066,499210,11,561.9,1381.7087762500003,499311,0.0002,-28.58557891845703,,
,5.312145233154297,,499899,,,,500000,0.0002,-29.644298553466797,418.4,592.9932530000001
1608,0.6854208707809448,45485,503010,11,578.95,1442.16114258,503111,0.0002,-29.612232208251953,,
1612,1.1542270183563232,45662,505657,11,583.44,1470.5474854600002,505758,0.0002,-29.82365608215332,,
1616,1.176689624786377,45820,507876,11,583.45,1476.3517091699998,507977,0.0002,-29.765132904052734,,
1620,0.9984136819839478,46033,510759,11,597.03,1517.4351902900003,510860,0.0002,-30.210124969482422,,
1624,0.556859016418457,46086,511376,11,578.66,1462.2562024299996,511477,0.0002,-30.344600677490234,,
1628,1.881453037261963,46202,512722,11,580.83,1472.5862234499998,512823,0.0002,-28.439411163330078,,
1632,0.9654547572135925,46343,514363,11,568.76,1427.9819814000002,514464,0.0002,-30.27261734008789,,
1636,1.0025132894515991,46574,517116,11,565.22,1427.2089604799999,517217,0.0002,-29.42730712890625,,
1640,2.913658380508423,46786,519637,11,555.9,1411.8364641,519738,0.0002,-30.273866653442383,,
1644,0.9239786267280579,46972,521849,11,551.09,1418.62048169,521950,0.0002,-29.71286392211914,,
1648,0.9567248821258545,47149,523966,11,556.06,1428.8037928699998,524067,0.0002,-30.035484313964844,,
1652,4.983486652374268,47381,526713,11,564.54,1436.3560590499997,526814,0.0002,-30.59601593017578,,
1656,1.2956039905548096,47571,528847,11,560.68,1426.7446849100002,528948,0.0002,-30.478069305419922,,
1660,1.214451551437378,47730,530781,11,552.83,1392.46504977,530882,0.0002,-28.682573318481445,,
1664,5.012710094451904,47974,533680,11,566.75,1438.6072592199998,533781,0.0002,-30.11125946044922,,
1668,1.1379741430282593,48107,535234,11,568.68,1457.7838014899999,535335,0.0002,-29.660594940185547,,
1672,2.344296455383301,48354,538187,11,588.55,1530.63811764,538288,0.0002,-28.501911163330078,,
1676,2.040982246398926,48592,541206,11,600.52,1575.43518998,541307,0.0002,-29.81694793701172,,
1680,1.091373085975647,48813,544062,11,606.13,1601.3204800199999,544163,0.0002,-30.451025009155273,,
1684,2.2397360801696777,48980,546314,11,598.44,1569.9517009200001,546415,0.0002,-29.57015609741211,,
1688,1.334423303604126,49141,548443,11,600.93,1574.8047780100003,548544,0.0002,-29.155704498291016,,
1692,7.190127372741699,49461,552443,11,610.49,1607.0198836000002,552544,0.0002,-30.939279556274414,,
1696,0.598483681678772,49615,554306,11,615.23,1637.4645223799996,554407,0.0002,-31.449317932128906,,
1700,0.5073861479759216,49844,557297,11,609.83,1629.5338066899997,557398,0.0002,-31.505908966064453,,
1704,1.1767692565917969,50011,559461,11,602.51,1619.20949241,559562,0.0002,-30.495662689208984,,
1708,0.7937107682228088,50260,562565,11,595.55,1593.5362596999998,562666,0.0002,-30.627098083496094,,
1712,0.9651868343353271,50301,563051,11,573.94,1526.47495197,563152,0.0002,-30.440279006958008,,
1716,2.0853846073150635,50549,566215,11,583.39,1558.8855510600001,566316,0.0002,-30.695026397705078,,
1720,1.0211604833602905,50699,568029,11,572.7,1526.7685391400003,568130,0.0002,-31.075153350830078,,
1724,0.4765246510505676,50980,572029,11,606.53,1652.5705021900003,572130,0.0002,-32.13951110839844,,
1728,0.9232270121574402,51154,574425,11,617.03,1692.8886778000003,574526,0.0002,-30.85594367980957,,
1732,2.2936956882476807,51339,577070,11,627.07,1751.3290317400001,577171,0.0002,-31.816455841064453,,
1736,1.212673306465149,51619,581070,11,639.54,1809.7964245800001,581171,0.0002,-32.296775817871094,,
1740,3.8347229957580566,51882,584825,11,651.88,1866.6928055799997,584926,0.0002,-31.025043487548828,,
1744,1.056158185005188,52196,588825,11,669.76,1866.8343548799996,588926,0.0002,-32.14690399169922,,
1748,0.8711463212966919,52387,591193,11,672.27,1870.8089933500003,591294,0.0002,-31.174854278564453,,
1752,6.030130386352539,52629,594239,11,675.26,1901.32786302,594340,0.0002,-30.397247314453125,,
1756,0.5185781717300415,52877,597395,11,685.48,1949.6785210000003,597496,0.0002,-32.26969909667969,,
,5.896412372589111,,599899,,,,600000,0.0002,-31.02364730834961,785.2,2338.6658438
1760,6.438290119171143,53398,600109,11,693.28,1983.1497348599996,600210,0.0002,-32.62915802001953,,
1764,0.5306883454322815,53702,603974,11,702.94,2009.78359359,604075,0.0002,-31.81471061706543,,
1768,1.0595157146453857,53913,606415,11,711.81,2023.9376761199999,606516,0.0002,-31.612350463867188,,
1772,0.45900845527648926,54085,608364,11,701.77,1983.6271962399999,608465,0.0002,-31.21302032470703,,
1776,0.5421878099441528,54283,610672,11,694.66,1951.0580937699997,610773,0.0002,-33.1168212890625,,
1780,1.3933427333831787,54591,614296,11,702.34,1975.1534908400001,614397,0.0002,-31.234315872192383,,
1784,0.5828164219856262,54752,616197,11,698.83,1995.6702296699996,616298,0.0002,-31.59621238708496,,
1788,0.9033418893814087,55036,619503,11,710.6,2040.70974381,619604,0.0002,-30.875686645507812,,
1792,0.9076429605484009,55346,623174,11,707.31,1990.9609400000002,623275,0.0002,-31.598918914794922,,
1796,3.0663232803344727,55523,625204,11,708.98,1970.30019664,625305,0.0002,-31.583984375,,
1800,1.623157024383545,55654,626697,11,694.0,1920.76066468,626798,0.0002,-32.039093017578125,,
1804,0.45870253443717957,55708,627329,11,678.68,1871.3574791899996,627430,0.0002,-31.9882869720459,,
1808,1.7284773588180542,55954,630322,11,677.57,1863.07793101,630423,0.0002,-28.741106033325195,,
1812,0.5839864015579224,56092,631908,11,688.57,1899.6487816300003,632009,0.0002,-32.44453430175781,,
1816,0.43567538261413574,56309,634643,11,684.28,1887.9653764500001,634744,0.0002,-31.527118682861328,,
1820,6.705315113067627,56600,638643,11,706.14,1973.2931753900004,638744,0.0002,-30.753002166748047,,
1824,0.8005823493003845,56784,640997,11,689.68,1910.8822023500002,641098,0.0002,-30.435985565185547,,
1828,1.948681354522705,56860,642068,11,676.43,1865.99784954,642169,0.0002,-31.763851165771484,,
1832,0.7147957682609558,57017,644178,11,671.08,1851.9975724199999,644279,0.0002,-31.76946258544922,,
1836,1.7187505960464478,57169,646281,11,652.11,1785.58768282,646382,0.0002,-31.108383178710938,,
1840,0.640683650970459,57320,648152,11,633.27,1709.6260676799998,648253,0.0002,-31.64781951904297,,
1844,0.6607025861740112,57512,650329,11,615.04,1712.68055932,650430,0.0002,-31.46432113647461,,
1848,0.7885510921478271,57825,653727,11,625.34,1764.54194878,653828,0.0002,-31.96942138671875,,
1852,9.106307029724121,58093,656730,11,624.91,1765.90765682,656831,0.0002,-31.974327087402344,,
1856,0.5218716263771057,58237,658345,11,609.5,1716.22060539,658446,0.0002,-32.13346481323242,,
1860,0.9638831615447998,58418,660406,11,602.97,1699.7920873999997,660507,0.0002,-31.264379501342773,,
1864,1.655066967010498,58639,662873,11,588.99,1648.0148876399994,662974,0.0002,-30.414962768554688,,
1868,1.009321928024292,58901,665996,11,595.81,1678.6709076899997,666097,0.0002,-31.346744537353516,,
1872,0.8020610809326172,59084,668219,11,598.55,1685.4861721200002,668320,0.0002,-32.050621032714844,,
1876,1.0531795024871826,59408,672219,11,615.47,1753.0012430200002,672320,0.0002,-31.846786499023438,,
1880,0.40682902932167053,59508,673460,11,591.64,1669.78741058,673561,0.0002,-32.29099655151367,,
1884,4.61263370513916,59762,676570,11,603.73,1718.3897196700002,676671,0.0002,-31.058916091918945,,
1888,1.2109124660491943,59996,679388,11,598.85,1702.6034101,679489,0.0002,-31.287628173828125,,
1892,0.9189184904098511,60278,682491,11,593.17,1725.1143550599998,682592,0.0002,-30.668079376220703,,
1896,0.37704384326934814,60548,685612,11,604.08,1789.76891535,685713,0.0002,-31.711362838745117,,
1900,0.5864843130111694,60853,689176,11,624.79,1862.44667647,689277,0.0002,-32.500587463378906,,
1904,1.2858216762542725,61190,693176,11,658.47,1967.6316242999999,693277,0.0002,-31.751949310302734,,
1908,1.5093504190444946,61507,696870,11,665.48,1977.24253351,696971,0.0002,-32.41556930541992,,
1912,1.0133445262908936,61744,699612,11,677.04,2025.06719195,699713,0.0002,-32.717872619628906,,
,0.7028875350952148,,699899,,,,700000,0.0002,-31.629344940185547,338.6,995.0024528
1916,1.110607624053955,62156,702634,11,679.91,2025.3370421,702735,0.0002,-31.917198181152344,,
1920,1.0084075927734375,62254,703740,11,650.97,1915.09060427,703841,0.0002,-32.00108337402344,,
1924,0.628365159034729,62500,706539,11,655.42,1926.1890740600002,706640,0.0002,-31.529706954956055,,
1928,0.4087468087673187,62815,710295,11,682.27,2012.6019330900003,710396,0.0002,-31.29183006286621,,
1932,0.9001963138580322,62999,712429,11,682.51,2001.7226962900002,712530,0.0002,-32.030982971191406,,
1936,0.830146074295044,63136,713995,11,677.14,1973.4566320800002,714096,0.0002,-31.46070671081543,,
1940,0.9603390693664551,63368,717104,11,689.52,2016.8492313400002,717205,0.0002,-32.264583587646484,,
1944,0.5375832915306091,63450,718272,11,679.43,1985.18926993,718373,0.0002,-32.29777908325195,,
1948,0.9292640686035156,63744,722272,11,685.45,2013.91431871,722373,0.0002,-31.672744750976562,,
1952,0.5619572401046753,64026,726272,11,695.42,2056.52759562,726373,0.0002,-32.73735046386719,,
1956,1.4599053859710693,64287,729936,11,715.91,2105.26962333,730037,0.0002,-32.39460372924805,,
1960,0.4650689661502838,64523,732910,11,725.04,2127.1246403,733011,0.0002,-32.725929260253906,,
1964,0.8428924679756165,64786,736017,11,731.44,2156.6422091900004,736118,0.0002,-32.21463394165039,,
1968,0.4866906404495239,65037,739031,11,730.35,2162.76532843,739132,0.0002,-32.72414779663086,,
1972,0.7136889100074768,65223,741166,11,729.47,2165.78641813,741267,0.0002,-32.281368255615234,,
1976,0.3960609436035156,65477,744178,11,719.59,2130.92015637,744279,0.0002,-32.7031135559082,,
1980,0.6896489858627319,65787,747790,11,743.3,2214.3411390100005,747891,0.0002,-32.082828521728516,,
1984,0.8348487615585327,66064,751048,11,744.78,2225.5499581800004,751149,0.0002,-32.009727478027344,,
1988,1.0700788497924805,66318,754344,11,749.56,2215.0461572900003,754445,0.0002,-32.888126373291016,,
1992,0.5748776197433472,66518,756917,11,744.26,2198.3767403700003,757018,0.0002,-32.0665283203125,,
1996,0.7065904140472412,66697,758882,11,732.7,2131.56975634,758983,0.0002,-32.35892868041992,,
2000,0.5562781691551208,66908,761571,11,723.95,2095.6974349300003,761672,0.0002,-32.972862243652344,,
2004,2.5824484825134277,67099,764085,11,709.09,2056.5410781500004,764186,0.0002,-32.2037467956543,,
2008,0.6349986791610718,67407,767855,11,709.85,2069.98528546,767956,0.0002,-32.12674331665039,,
2012,0.5895258188247681,67651,770864,11,712.52,2082.0491450900004,770965,0.0002,-32.58301544189453,,
2016,0.9393051862716675,67994,774864,11,722.3,2118.45051509,774965,0.0002,-32.461753845214844,,
2020,0.4780046343803406,68241,777878,11,741.38,2184.3563433100003,777979,0.0002,-33.17031478881836,,
2024,0.7377756834030151,68351,779207,11,726.68,2118.19366993,779308,0.0002,-31.051881790161133,,
2028,0.766510546207428,68605,782221,11,719.26,2091.7007694599997,782322,0.0002,-31.452672958374023,,
2032,0.7905045747756958,68939,786221,11,737.92,2157.000551,786322,0.0002,-32.07518005371094,,
2036,0.6637558937072754,69200,789231,11,752.36,2213.50145699,789332,0.0002,-31.885456085205078,,
2040,1.146575927734375,69458,792339,11,752.35,2212.0390808,792440,0.0002,-31.659244537353516,,
2044,0.5695375800132751,69671,794867,11,765.95,2245.46500853,794968,0.0002,-32.46697998046875,,
2048,0.8168984055519104,69976,798594,11,763.22,2232.1406639100005,798695,0.0002,-33.814598083496094,,
2052,4.48913049697876,70024,799116,11,728.44,2099.24302475,799217,0.0002,-31.415855407714844,,
,0.9795464277267456,,799899,,,,800000,0.0002,-32.43779373168945,470.2,1386.7090694000003
2056,0.8110469579696655,70531,802917,11,729.81,2128.8158851,803018,0.0002,-31.981918334960938,,
2060,2.5832271575927734,70729,805315,11,724.05,2114.21944968,805416,0.0002,-31.977733612060547,,
2064,0.9964187741279602,70991,808423,11,724.06,2114.31329039,808524,0.0002,-33.31466293334961,,
2068,0.917921245098114,71172,810549,11,715.18,2081.30974468,810650,0.0002,-31.49679183959961,,
2072,0.4809369444847107,71504,814549,11,733.83,2145.2375912,814650,0.0002,-32.0653076171875,,
2076,1.5568480491638184,71764,817676,11,734.98,2136.76122148,817777,0.0002,-32.08674621582031,,
2080,1.482455849647522,72033,820793,11,730.03,2112.95878675,820894,0.0002,-33.122718811035156,,
2084,1.9366869926452637,72295,823903,11,728.55,2101.92068765,824004,0.0002,-32.126686096191406,,
2088,1.145218849182129,72634,827903,11,735.59,2145.66379634,828004,0.0002,-31.464580535888672,,
2092,5.280981063842773,72897,831033,11,741.16,2161.65915943,831134,0.0002,-32.827171325683594,,
2096,0.9169529676437378,73159,834143,11,752.61,2225.0977425899996,834244,0.0002,-31.42526626586914,,
2100,0.5915069580078125,73421,837276,11,757.05,2239.70608399,837377,0.0002,-33.319156646728516,,
2104,4.4669084548950195,73660,840079,11,759.94,2238.97484706,840180,0.0002,-31.086868286132812,,
2108,0.6030147075653076,73906,843192,11,753.37,2219.1923700999996,843293,0.0002,-33.3992919921875,,
2112,0.9576857686042786,74062,845135,11,742.71,2163.3548725400005,845236,0.0002,-31.846487045288086,,
2116,0.7305880784988403,74289,847899,11,730.35,2107.66196253,848000,0.0002,-31.611204147338867,,
2120,4.5632004737854,74538,851057,11,731.79,2112.54104122,851158,0.0002,-31.92900276184082,,
2124,1.8023974895477295,74740,853572,11,743.65,2165.29133942,853673,0.0002,-31.15489959716797,,
2128,0.9425060749053955,74980,856506,11,742.85,2159.8014824999996,856607,0.0002,-31.677324295043945,,
2132,0.43960654735565186,75129,858295,11,720.74,2079.79329417,858396,0.0002,-32.258201599121094,,
2136,0.8948978781700134,75375,861439,11,722.08,2086.5360316200004,861540,0.0002,-31.759172439575195,,
2140,0.8210371732711792,75682,865439,11,731.0,2122.6591501,865540,0.0002,-31.743391036987305,,
2144,0.564845085144043,75930,868561,11,736.94,2144.23346277,868662,0.0002,-33.178340911865234,,
2148,0.7039315700531006,76171,871639,11,730.45,2120.50154078,871740,0.0002,-32.803489685058594,,
2152,0.6488023400306702,76318,873473,11,743.57,2176.8618793699998,873574,0.0002,-32.12284469604492,,
2156,3.3675804138183594,76415,874750,11,718.33,2092.5593804900004,874851,0.0002,-33.29173278808594,,
2160,0.6107746958732605,76624,877417,11,721.02,2090.19171264,877518,0.0002,-32.517154693603516,,
2164,1.8343265056610107,76780,879537,11,711.14,2064.2509903699997,879638,0.0002,-32.352561950683594,,
2168,1.029660940170288,77002,882559,11,720.1,2096.8329709400005,882660,0.0002,-31.983156204223633,,
2172,1.2898280620574951,77232,885603,11,710.54,2068.65363696,885704,0.0002,-32.28324890136719,,
2176,2.693274974822998,77555,889595,11,719.19,2108.54152385,889696,0.0002,-32.23804473876953,,
2180,5.210855484008789,77729,891843,11,710.5,2080.3841684999998,891944,0.0002,-32.674720764160156,,
2184,0.7032965421676636,77884,894135,11,702.32,2054.34933098,894236,0.0002,-32.45713806152344,,
2188,0.9349271059036255,78030,896256,11,683.53,2002.9103345900003,896357,0.0002,-32.86833572387695,,
,0.7110347747802734,,899899,,,,900000,0.0002,-33.378074645996094,699.2,2231.9639492
2192,0.8877828121185303,78601,900899,11,698.66,2071.14427668,901000,0.0002,-33.47309875488281,,
2196,2.0958187580108643,78697,902188,11,680.45,2011.37607885,902289,0.0002,-32.693363189697266,,
2200,1.001098871231079,78785,903432,11,661.56,1956.2271757900003,903533,0.0002,-32.51615905761719,,
2204,1.5747225284576416,79075,907432,11,673.53,2015.87989877,907533,0.0002,-33.059104919433594,,
2208,0.5609814524650574,79362,911432,11,682.4,2063.30057137,911533,0.0002,-32.897560119628906,,
2212,4.067194938659668,79616,915103,11,699.68,2116.68607551,915204,0.0002,-33.950531005859375,,
2216,0.6022394895553589,79893,918982,11,710.83,2103.1340191399995,919083,0.0002,-33.28572082519531,,
2220,1.9004733562469482,80072,921341,11,702.84,2032.65507101,921442,0.0002,-33.79346466064453,,
